"Cause group","Sex","Age group (years)","Median annual alcohol-attributable deaths","Joint lower 95% simulation limit","Joint upper 95% simulation limit","Modeled years","Interval method"
"Cancer","Men","15-29",4.34716636743146,3.68831667361286,4.78351060919504,7,"Joint 2.5% and 97.5% quantiles of the draw-wise median annual AAF-attributable deaths"
"Cancer","Men","30-44",31.5989263387913,25.8273774681382,34.9173749105445,7,"Joint 2.5% and 97.5% quantiles of the draw-wise median annual AAF-attributable deaths"
"Cancer","Men","45-59",181.573743520807,155.420221307684,206.786828577484,7,"Joint 2.5% and 97.5% quantiles of the draw-wise median annual AAF-attributable deaths"
"Cancer","Men","60-65",168.232014410907,137.472143251692,206.021719066674,7,"Joint 2.5% and 97.5% quantiles of the draw-wise median annual AAF-attributable deaths"
"Cancer","Women","15-29",1.76104332541343,1.18018242386026,2.19042785539589,7,"Joint 2.5% and 97.5% quantiles of the draw-wise median annual AAF-attributable deaths"
"Cancer","Women","30-44",21.4306787879542,17.0423135260694,26.3228848303331,7,"Joint 2.5% and 97.5% quantiles of the draw-wise median annual AAF-attributable deaths"
"Cancer","Women","45-59",97.0344800534049,71.0945786061283,120.837827748179,7,"Joint 2.5% and 97.5% quantiles of the draw-wise median annual AAF-attributable deaths"
"Cancer","Women","60-65",83.2466927349465,56.2545407684438,103.52724888517,7,"Joint 2.5% and 97.5% quantiles of the draw-wise median annual AAF-attributable deaths"
"Cardiovascular","Men","15-29",4.14796889794544,3.32462569676323,5.24160689337603,7,"Joint 2.5% and 97.5% quantiles of the draw-wise median annual AAF-attributable deaths"
"Cardiovascular","Men","30-44",28.5828085862599,23.1534308174251,33.8969557277176,7,"Joint 2.5% and 97.5% quantiles of the draw-wise median annual AAF-attributable deaths"
"Cardiovascular","Men","45-59",126.123441230093,107.032103384185,158.682707288454,7,"Joint 2.5% and 97.5% quantiles of the draw-wise median annual AAF-attributable deaths"
"Cardiovascular","Men","60-65",88.2230901881677,74.4085770429126,123.561145739483,7,"Joint 2.5% and 97.5% quantiles of the draw-wise median annual AAF-attributable deaths"
"Cardiovascular","Women","15-29",4.51777824391383,3.02581690552288,5.55415665427375,7,"Joint 2.5% and 97.5% quantiles of the draw-wise median annual AAF-attributable deaths"
"Cardiovascular","Women","30-44",18.785565010287,15.0621327099426,24.7180040769791,7,"Joint 2.5% and 97.5% quantiles of the draw-wise median annual AAF-attributable deaths"
"Cardiovascular","Women","45-59",83.50206543459,67.8598001678217,107.777434922496,7,"Joint 2.5% and 97.5% quantiles of the draw-wise median annual AAF-attributable deaths"
"Cardiovascular","Women","60-65",70.1022381856631,49.0661423280141,83.924631941048,7,"Joint 2.5% and 97.5% quantiles of the draw-wise median annual AAF-attributable deaths"
"Fully attributable","Men","15-29",4,4,4,7,"Joint 2.5% and 97.5% quantiles of the draw-wise median annual AAF-attributable deaths"
"Fully attributable","Men","30-44",40,40,40,7,"Joint 2.5% and 97.5% quantiles of the draw-wise median annual AAF-attributable deaths"
"Fully attributable","Men","45-59",95,95,95,7,"Joint 2.5% and 97.5% quantiles of the draw-wise median annual AAF-attributable deaths"
"Fully attributable","Men","60-65",40,40,40,7,"Joint 2.5% and 97.5% quantiles of the draw-wise median annual AAF-attributable deaths"
"Fully attributable","Women","15-29",1,1,1,4,"Joint 2.5% and 97.5% quantiles of the draw-wise median annual AAF-attributable deaths"
"Fully attributable","Women","30-44",3.5,3.5,3.5,6,"Joint 2.5% and 97.5% quantiles of the draw-wise median annual AAF-attributable deaths"
"Fully attributable","Women","45-59",10,10,10,7,"Joint 2.5% and 97.5% quantiles of the draw-wise median annual AAF-attributable deaths"
"Fully attributable","Women","60-65",4,4,4,7,"Joint 2.5% and 97.5% quantiles of the draw-wise median annual AAF-attributable deaths"
"Injuries","Men","15-29",376.440983986891,258.059972360443,462.918148041517,7,"Joint 2.5% and 97.5% quantiles of the draw-wise median annual AAF-attributable deaths"
"Injuries","Men","30-44",432.694537353124,327.502881417054,559.737955769105,7,"Joint 2.5% and 97.5% quantiles of the draw-wise median annual AAF-attributable deaths"
"Injuries","Men","45-59",352.864523911378,252.369210856316,439.95439711919,7,"Joint 2.5% and 97.5% quantiles of the draw-wise median annual AAF-attributable deaths"
"Injuries","Men","60-65",84.3576495516807,61.3398398489178,112.210087458953,7,"Joint 2.5% and 97.5% quantiles of the draw-wise median annual AAF-attributable deaths"
"Injuries","Women","15-29",56.5495587854688,39.2133440892754,73.2950761685266,7,"Joint 2.5% and 97.5% quantiles of the draw-wise median annual AAF-attributable deaths"
"Injuries","Women","30-44",51.3545872737624,34.0912256056902,64.6326339545807,7,"Joint 2.5% and 97.5% quantiles of the draw-wise median annual AAF-attributable deaths"
"Injuries","Women","45-59",37.5230899190084,25.6057772053095,48.9326928070031,7,"Joint 2.5% and 97.5% quantiles of the draw-wise median annual AAF-attributable deaths"
"Injuries","Women","60-65",10.9427023946655,6.5804678698692,13.8467455070698,7,"Joint 2.5% and 97.5% quantiles of the draw-wise median annual AAF-attributable deaths"
"Neuropsychiatric","Men","15-29",3.90759175969353,3.38218357582606,4.89552988506211,7,"Joint 2.5% and 97.5% quantiles of the draw-wise median annual AAF-attributable deaths"
"Neuropsychiatric","Men","30-44",8.56769830086886,7.0726320735623,9.82254983874733,7,"Joint 2.5% and 97.5% quantiles of the draw-wise median annual AAF-attributable deaths"
"Neuropsychiatric","Men","45-59",10.8743893426599,9.4222282727575,13.0143153630398,7,"Joint 2.5% and 97.5% quantiles of the draw-wise median annual AAF-attributable deaths"
"Neuropsychiatric","Men","60-65",3.14189902991577,2.47233878257024,4.03815339644972,7,"Joint 2.5% and 97.5% quantiles of the draw-wise median annual AAF-attributable deaths"
"Neuropsychiatric","Women","15-29",1.4532982634339,1.14210257866324,1.73163174055616,7,"Joint 2.5% and 97.5% quantiles of the draw-wise median annual AAF-attributable deaths"
"Neuropsychiatric","Women","30-44",1.79491458765302,1.35564265353535,2.25048464209771,7,"Joint 2.5% and 97.5% quantiles of the draw-wise median annual AAF-attributable deaths"
"Neuropsychiatric","Women","45-59",2.22431513347692,1.65855004010528,2.75240523858763,7,"Joint 2.5% and 97.5% quantiles of the draw-wise median annual AAF-attributable deaths"
"Neuropsychiatric","Women","60-65",0.781783087269933,0.55240743269377,1.02773240106689,7,"Joint 2.5% and 97.5% quantiles of the draw-wise median annual AAF-attributable deaths"
"Other causes","Men","15-29",12.6442580576184,9.9112554341518,15.2704937691955,7,"Joint 2.5% and 97.5% quantiles of the draw-wise median annual AAF-attributable deaths"
"Other causes","Men","30-44",183.204332708255,151.82411615605,196.067413874197,7,"Joint 2.5% and 97.5% quantiles of the draw-wise median annual AAF-attributable deaths"
"Other causes","Men","45-59",635.549645900061,570.340715569806,701.577621726027,7,"Joint 2.5% and 97.5% quantiles of the draw-wise median annual AAF-attributable deaths"
"Other causes","Men","60-65",258.389879317694,224.226265458697,295.373718268629,7,"Joint 2.5% and 97.5% quantiles of the draw-wise median annual AAF-attributable deaths"
"Other causes","Women","15-29",3.295450821428,2.13440898048046,4.13239969967489,7,"Joint 2.5% and 97.5% quantiles of the draw-wise median annual AAF-attributable deaths"
"Other causes","Women","30-44",33.1794232462827,29.1413806743671,37.260662699298,7,"Joint 2.5% and 97.5% quantiles of the draw-wise median annual AAF-attributable deaths"
"Other causes","Women","45-59",103.870649963323,91.4464149593973,123.571010727858,7,"Joint 2.5% and 97.5% quantiles of the draw-wise median annual AAF-attributable deaths"
"Other causes","Women","60-65",62.1124261119194,50.4014067158669,75.198494804138,7,"Joint 2.5% and 97.5% quantiles of the draw-wise median annual AAF-attributable deaths"
