"Sex","Scenario","Avoidable YLL rate per 100,000","Joint lower 95% simulation limit","Joint upper 95% simulation limit","Applicable causes","Modeled years","Interval method"
"Men","Baseline",0,0,0,20,7,"Joint 2.5% and 97.5% quantiles across synchronized Primary RR (IS: Table 5 PUC; other causes: WHO/Adam) PIF draws; burden weights fixed"
"Women","Baseline",0,0,0,21,7,"Joint 2.5% and 97.5% quantiles across synchronized Primary RR (IS: Table 5 PUC; other causes: WHO/Adam) PIF draws; burden weights fixed"
"Men","Volume -10%",106.644026536719,94.4414681809641,119.894139774268,20,7,"Joint 2.5% and 97.5% quantiles across synchronized Primary RR (IS: Table 5 PUC; other causes: WHO/Adam) PIF draws; burden weights fixed"
"Women","Volume -10%",15.0385926415695,12.858701637666,18.4421705978228,21,7,"Joint 2.5% and 97.5% quantiles across synchronized Primary RR (IS: Table 5 PUC; other causes: WHO/Adam) PIF draws; burden weights fixed"
"Men","Volume -20%",192.856292713386,171.47983759488,215.347238767133,20,7,"Joint 2.5% and 97.5% quantiles across synchronized Primary RR (IS: Table 5 PUC; other causes: WHO/Adam) PIF draws; burden weights fixed"
"Women","Volume -20%",28.9631040838399,24.7975457392284,35.2653920732004,21,7,"Joint 2.5% and 97.5% quantiles across synchronized Primary RR (IS: Table 5 PUC; other causes: WHO/Adam) PIF draws; burden weights fixed"
"Men","Volume -30%",263.680642816254,235.163979004685,292.576183734414,20,7,"Joint 2.5% and 97.5% quantiles across synchronized Primary RR (IS: Table 5 PUC; other causes: WHO/Adam) PIF draws; burden weights fixed"
"Women","Volume -30%",41.8773358448778,35.9065337194513,50.6456126024584,21,7,"Joint 2.5% and 97.5% quantiles across synchronized Primary RR (IS: Table 5 PUC; other causes: WHO/Adam) PIF draws; burden weights fixed"
"Men","HED -10%: no shift",72.3520392299557,62.0925624580174,82.3809169977932,5,7,"Joint 2.5% and 97.5% quantiles across synchronized Primary RR (IS: Table 5 PUC; other causes: WHO/Adam) PIF draws; burden weights fixed"
"Women","HED -10%: no shift",10.52651417435,9.04384307130228,12.3346821937279,5,7,"Joint 2.5% and 97.5% quantiles across synchronized Primary RR (IS: Table 5 PUC; other causes: WHO/Adam) PIF draws; burden weights fixed"
"Men","HED -25%: no shift",180.880098074889,155.231406145044,205.952292494483,5,7,"Joint 2.5% and 97.5% quantiles across synchronized Primary RR (IS: Table 5 PUC; other causes: WHO/Adam) PIF draws; burden weights fixed"
"Women","HED -25%: no shift",26.316285435875,22.6096076782557,30.8367054843197,5,7,"Joint 2.5% and 97.5% quantiles across synchronized Primary RR (IS: Table 5 PUC; other causes: WHO/Adam) PIF draws; burden weights fixed"
"Men","HED -50%: no shift",361.760196149778,310.462812290087,411.904584988966,5,7,"Joint 2.5% and 97.5% quantiles across synchronized Primary RR (IS: Table 5 PUC; other causes: WHO/Adam) PIF draws; burden weights fixed"
"Women","HED -50%: no shift",52.63257087175,45.2192153565115,61.6734109686393,5,7,"Joint 2.5% and 97.5% quantiles across synchronized Primary RR (IS: Table 5 PUC; other causes: WHO/Adam) PIF draws; burden weights fixed"
"Men","HED -10%: half shift",74.7105422193866,64.5614174287418,84.6287342141442,5,7,"Joint 2.5% and 97.5% quantiles across synchronized Primary RR (IS: Table 5 PUC; other causes: WHO/Adam) PIF draws; burden weights fixed"
"Women","HED -10%: half shift",10.9488971387256,9.48556492215888,12.7757165524854,5,7,"Joint 2.5% and 97.5% quantiles across synchronized Primary RR (IS: Table 5 PUC; other causes: WHO/Adam) PIF draws; burden weights fixed"
"Men","HED -25%: half shift",186.776355548466,161.403543571854,211.571835535361,5,7,"Joint 2.5% and 97.5% quantiles across synchronized Primary RR (IS: Table 5 PUC; other causes: WHO/Adam) PIF draws; burden weights fixed"
"Women","HED -25%: half shift",27.3722428468139,23.7139123053972,31.9392913812134,5,7,"Joint 2.5% and 97.5% quantiles across synchronized Primary RR (IS: Table 5 PUC; other causes: WHO/Adam) PIF draws; burden weights fixed"
"Men","HED -50%: half shift",373.552711096933,322.807087143709,423.143671070721,5,7,"Joint 2.5% and 97.5% quantiles across synchronized Primary RR (IS: Table 5 PUC; other causes: WHO/Adam) PIF draws; burden weights fixed"
"Women","HED -50%: half shift",54.7444856936279,47.4278246107944,63.8785827624269,5,7,"Joint 2.5% and 97.5% quantiles across synchronized Primary RR (IS: Table 5 PUC; other causes: WHO/Adam) PIF draws; burden weights fixed"
"Men","HED -10%: complete shift",77.0690452088175,66.9796454919827,86.932520148345,5,7,"Joint 2.5% and 97.5% quantiles across synchronized Primary RR (IS: Table 5 PUC; other causes: WHO/Adam) PIF draws; burden weights fixed"
"Women","HED -10%: complete shift",11.3712801031011,9.9231696730142,13.2172350044748,5,7,"Joint 2.5% and 97.5% quantiles across synchronized Primary RR (IS: Table 5 PUC; other causes: WHO/Adam) PIF draws; burden weights fixed"
"Men","HED -25%: complete shift",192.672613022044,167.449113729957,217.331300370863,5,7,"Joint 2.5% and 97.5% quantiles across synchronized Primary RR (IS: Table 5 PUC; other causes: WHO/Adam) PIF draws; burden weights fixed"
"Women","HED -25%: complete shift",28.4282002577528,24.8079241825355,33.0430875111871,5,7,"Joint 2.5% and 97.5% quantiles across synchronized Primary RR (IS: Table 5 PUC; other causes: WHO/Adam) PIF draws; burden weights fixed"
"Men","HED -50%: complete shift",385.345226044087,334.898227459913,434.662600741725,5,7,"Joint 2.5% and 97.5% quantiles across synchronized Primary RR (IS: Table 5 PUC; other causes: WHO/Adam) PIF draws; burden weights fixed"
"Women","HED -50%: complete shift",56.8564005155057,49.615848365071,66.0861750223741,5,7,"Joint 2.5% and 97.5% quantiles across synchronized Primary RR (IS: Table 5 PUC; other causes: WHO/Adam) PIF draws; burden weights fixed"
"Men","Combined 10/25: no shift",197.815834549663,171.892926718107,223.193015772032,5,7,"Joint 2.5% and 97.5% quantiles across synchronized Primary RR (IS: Table 5 PUC; other causes: WHO/Adam) PIF draws; burden weights fixed"
"Women","Combined 10/25: no shift",29.0958504925396,25.3895853914692,33.7806318504614,5,7,"Joint 2.5% and 97.5% quantiles across synchronized Primary RR (IS: Table 5 PUC; other causes: WHO/Adam) PIF draws; burden weights fixed"
"Men","Combined 20/50: no shift",391.124661625558,339.854066564406,441.340146433624,5,7,"Joint 2.5% and 97.5% quantiles across synchronized Primary RR (IS: Table 5 PUC; other causes: WHO/Adam) PIF draws; burden weights fixed"
"Women","Combined 20/50: no shift",57.5768941513921,50.221128952423,66.8842787291129,5,7,"Joint 2.5% and 97.5% quantiles across synchronized Primary RR (IS: Table 5 PUC; other causes: WHO/Adam) PIF draws; burden weights fixed"
"Men","Combined 30/50: no shift",403.71802885425,352.29795356772,454.279219660739,5,7,"Joint 2.5% and 97.5% quantiles across synchronized Primary RR (IS: Table 5 PUC; other causes: WHO/Adam) PIF draws; burden weights fixed"
"Women","Combined 30/50: no shift",59.5863235268074,52.1949624419215,69.0430782334643,5,7,"Joint 2.5% and 97.5% quantiles across synchronized Primary RR (IS: Table 5 PUC; other causes: WHO/Adam) PIF draws; burden weights fixed"
"Men","Combined 10/25: half shift",202.711887525539,176.868802603758,228.147119188463,5,7,"Joint 2.5% and 97.5% quantiles across synchronized Primary RR (IS: Table 5 PUC; other causes: WHO/Adam) PIF draws; burden weights fixed"
"Women","Combined 10/25: half shift",29.9406148746956,26.2570880099856,34.660418565767,5,7,"Joint 2.5% and 97.5% quantiles across synchronized Primary RR (IS: Table 5 PUC; other causes: WHO/Adam) PIF draws; burden weights fixed"
"Men","Combined 20/50: half shift",399.118563689541,347.946229007247,449.253031275005,5,7,"Joint 2.5% and 97.5% quantiles across synchronized Primary RR (IS: Table 5 PUC; other causes: WHO/Adam) PIF draws; burden weights fixed"
"Women","Combined 20/50: half shift",58.8926185280595,51.5615273251485,68.2774028068582,5,7,"Joint 2.5% and 97.5% quantiles across synchronized Primary RR (IS: Table 5 PUC; other causes: WHO/Adam) PIF draws; burden weights fixed"
"Men","Combined 30/50: half shift",410.101821494386,359.047398415565,460.408365006809,5,7,"Joint 2.5% and 97.5% quantiles across synchronized Primary RR (IS: Table 5 PUC; other causes: WHO/Adam) PIF draws; burden weights fixed"
"Women","Combined 30/50: half shift",60.5667718280224,53.2079456540785,70.0728070832891,5,7,"Joint 2.5% and 97.5% quantiles across synchronized Primary RR (IS: Table 5 PUC; other causes: WHO/Adam) PIF draws; burden weights fixed"
"Men","Combined 10/25: complete shift",207.607940501414,181.970567619912,232.842119774162,5,7,"Joint 2.5% and 97.5% quantiles across synchronized Primary RR (IS: Table 5 PUC; other causes: WHO/Adam) PIF draws; burden weights fixed"
"Women","Combined 10/25: complete shift",30.7853792568517,27.1199436220425,35.5523233713037,5,7,"Joint 2.5% and 97.5% quantiles across synchronized Primary RR (IS: Table 5 PUC; other causes: WHO/Adam) PIF draws; burden weights fixed"
"Men","Combined 20/50: complete shift",407.112465753523,356.230156694579,457.13386129101,5,7,"Joint 2.5% and 97.5% quantiles across synchronized Primary RR (IS: Table 5 PUC; other causes: WHO/Adam) PIF draws; burden weights fixed"
"Women","Combined 20/50: complete shift",60.2083429047269,52.9330713784161,69.6567442865652,5,7,"Joint 2.5% and 97.5% quantiles across synchronized Primary RR (IS: Table 5 PUC; other causes: WHO/Adam) PIF draws; burden weights fixed"
"Men","Combined 30/50: complete shift",416.485614134523,365.757604133831,466.617686354955,5,7,"Joint 2.5% and 97.5% quantiles across synchronized Primary RR (IS: Table 5 PUC; other causes: WHO/Adam) PIF draws; burden weights fixed"
"Women","Combined 30/50: complete shift",61.5472201292375,54.2390528106981,71.1536106933377,5,7,"Joint 2.5% and 97.5% quantiles across synchronized Primary RR (IS: Table 5 PUC; other causes: WHO/Adam) PIF draws; burden weights fixed"
