"pair","age_group","sex","education","origin","destination","n_valid","n_eff","coverage","estimate","se","lower","upper","df","flag"
"VI_VII","50+","All","All",0,0,1775,1169.51670881665,1,0.795312620069145,0.0135050525901814,0.767102646175173,0.820903391208906,76,"ok"
"VI_VII","50+","All","All",0,1,1775,1169.51670881665,1,0.204687379930855,0.0135050525901814,0.179096608791094,0.232897353824827,76,"ok"
"VI_VII","50+","All","All",1,0,838,598.951623191735,1,0.441563520975754,0.0245290041914034,0.393393023220199,0.490859503784454,73,"ok"
"VI_VII","50+","All","All",1,1,838,598.951623191735,1,0.558436479024246,0.0245290041914034,0.509140496215546,0.606606976779801,73,"ok"
"VI_VII","50+","Men","All",0,0,595,410.800541135453,1,0.688756302721123,0.027402112267789,0.631651005023675,0.740643614783366,69,"ok"
"VI_VII","50+","Men","All",0,1,595,410.800541135453,1,0.311243697278877,0.027402112267789,0.259356385216634,0.368348994976325,69,"ok"
"VI_VII","50+","Men","All",1,0,510,391.511200403264,1,0.336968524700652,0.0252728926727863,0.288560894107131,0.389055960012701,71,"ok"
"VI_VII","50+","Men","All",1,1,510,391.511200403264,1,0.663031475299348,0.0252728926727863,0.610944039987299,0.711439105892869,71,"ok"
"VI_VII","50+","Women","All",0,0,1180,759.127581199279,1,0.855272861088692,0.0131812930907907,0.826981972895376,0.879611218915886,74,"ok"
"VI_VII","50+","Women","All",0,1,1180,759.127581199279,1,0.144727138911308,0.0131812930907907,0.120388781084113,0.173018027104624,74,"ok"
"VI_VII","50+","Women","All",1,0,328,208.590441923157,1,0.620840431746832,0.0342298786510411,0.550460675786701,0.686477371119726,63,"ok"
"VI_VII","50+","Women","All",1,1,328,208.590441923157,1,0.379159568253168,0.0342298786510411,0.313522628880274,0.449539324213299,63,"ok"
"VI_VII","60-65","Women","All",0,0,239,170.789875801525,1,0.892590007772641,0.0265619151744952,0.826675653926854,0.935396416601948,55,"ok"
"VI_VII","60-65","Women","All",0,1,239,170.789875801525,1,0.107409992227359,0.0265619151744952,0.0646035833980524,0.173324346073146,55,"ok"
"VI_VII","60-65","Women","All",1,0,73,44.5701811529442,1,0.588309023216894,0.0745732493408283,0.433215535297317,0.72764410599637,34,"ok"
"VI_VII","60-65","Women","All",1,1,73,44.5701811529442,1,0.411690976783106,0.0745732493408283,0.27235589400363,0.566784464702683,34,"ok"
"VI_VII","66-70","Women","All",0,0,171,101.908876915154,1,0.882898470844671,0.0326381742184916,0.800276381733048,0.934153538555131,57,"ok"
"VI_VII","66-70","Women","All",0,1,171,101.908876915154,1,0.117101529155329,0.0326381742184916,0.0658464614448688,0.199723618266952,57,"ok"
"VI_VII","66-70","Women","All",1,0,45,32.7711723342972,1,0.530277793397245,0.0887020383684602,0.351889658394919,0.701251053273865,26,"ok"
"VI_VII","66-70","Women","All",1,1,45,32.7711723342972,1,0.469722206602755,0.0887020383684602,0.298748946726135,0.648110341605081,26,"ok"
"VI_VII","60-65","Men","All",0,0,110,86.1832789840703,1,0.745973085885702,0.0402263679167292,0.656751727818352,0.818415129376168,42,"ok"
"VI_VII","60-65","Men","All",0,1,110,86.1832789840703,1,0.254026914114298,0.0402263679167292,0.181584870623832,0.343248272181648,42,"ok"
"VI_VII","60-65","Men","All",1,0,111,81.6390149831548,1,0.318962062920554,0.0542910894210608,0.220743313090946,0.43640831207811,47,"ok"
"VI_VII","60-65","Men","All",1,1,111,81.6390149831548,1,0.681037937079446,0.0542910894210608,0.56359168792189,0.779256686909054,47,"ok"
"VI_VII","45-59","Women","All",0,0,703,452.869441151031,1,0.836013118716801,0.0153002416638977,0.803186078859833,0.864289993419889,71,"ok"
"VI_VII","45-59","Women","All",0,1,703,452.869441151031,1,0.163986881283199,0.0153002416638977,0.135710006580111,0.196813921140167,71,"ok"
"VI_VII","45-59","Women","All",1,0,224,160.648102486345,1,0.579122332472287,0.0438698141434614,0.489818044516466,0.663532550008877,61,"ok"
"VI_VII","45-59","Women","All",1,1,224,160.648102486345,1,0.420877667527713,0.0438698141434614,0.336467449991123,0.510181955483534,61,"ok"
"VI_VII","45-59","Men","All",0,0,292,213.264278808019,1,0.647474828669259,0.0362226117307865,0.572095861707183,0.716163150979742,59,"ok"
"VI_VII","45-59","Men","All",0,1,292,213.264278808019,1,0.352525171330741,0.0362226117307865,0.283836849020258,0.427904138292817,59,"ok"
"VI_VII","45-59","Men","All",1,0,328,262.048533844805,1,0.323446293340204,0.0295130076023907,0.267471152544022,0.384979266926811,63,"ok"
"VI_VII","45-59","Men","All",1,1,328,262.048533844805,1,0.676553706659796,0.0295130076023907,0.615020733073189,0.732528847455978,63,"ok"
"VI_VII","77+","Men","All",0,0,66,52.6318965689146,1,0.750628429633798,0.0686969755297155,0.587457815857762,0.864181981030797,31,"ok"
"VI_VII","77+","Men","All",0,1,66,52.6318965689146,1,0.249371570366202,0.0686969755297155,0.135818018969203,0.412542184142238,31,"ok"
"VI_VII","77+","Men","All",1,0,41,34.0328139654182,1,0.442153519058554,0.0966921255586591,0.261189001995795,0.639903317830086,25,"ok"
"VI_VII","77+","Men","All",1,1,41,34.0328139654182,1,0.557846480941446,0.0966921255586591,0.360096682169914,0.738810998004205,25,"ok"
"VI_VII","77+","Women","All",0,0,118,81.353365572448,1,0.928671264160584,0.0292530188670732,0.8426448282227,0.969376073504576,47,"ok"
"VI_VII","77+","Women","All",0,1,118,81.353365572448,1,0.0713287358394162,0.0292530188670732,0.0306239264954245,0.1573551717773,47,"ok"
"VI_VII","77+","Women","All",1,0,29,12.8577020104878,1,0.733854556831919,0.0982439244761896,0.488254524924891,0.888501617477101,17,"sparse_or_low_df"
"VI_VII","77+","Women","All",1,1,29,12.8577020104878,1,0.266145443168081,0.0982439244761896,0.111498382522899,0.511745475075109,17,"sparse_or_low_df"
"VI_VII","71-76","Men","All",0,0,104,58.5314537321808,1,0.664354188813067,0.0683742156759007,0.515631354306279,0.786334759013142,39,"ok"
"VI_VII","71-76","Men","All",0,1,104,58.5314537321808,1,0.335645811186933,0.0683742156759007,0.213665240986858,0.484368645693721,39,"ok"
"VI_VII","71-76","Men","All",1,0,63,44.8929386494134,1,0.330314692846606,0.0724367947417202,0.202257469435242,0.48968152071639,34,"ok"
"VI_VII","71-76","Men","All",1,1,63,44.8929386494134,1,0.669685307153394,0.0724367947417202,0.51031847928361,0.797742530564758,34,"ok"
"VI_VII","71-76","Women","All",0,0,154,89.1000296832485,1,0.863797901719461,0.0400044581896436,0.762219471851538,0.926184972017164,52,"ok"
"VI_VII","71-76","Women","All",0,1,154,89.1000296832485,1,0.136202098280539,0.0400044581896436,0.073815027982836,0.237780528148462,52,"ok"
"VI_VII","71-76","Women","All",1,0,29,18.7554581372296,1,0.674929122168928,0.0982954946759726,0.448396364094937,0.841346503091961,19,"sparse_or_low_df"
"VI_VII","71-76","Women","All",1,1,29,18.7554581372296,1,0.325070877831072,0.0982954946759726,0.158653496908039,0.551603635905063,19,"sparse_or_low_df"
"VI_VII","66-70","Men","All",0,0,100,70.2007485514897,1,0.688016998808888,0.0606866730674826,0.555043838431344,0.795866675952009,44,"ok"
"VI_VII","66-70","Men","All",0,1,100,70.2007485514897,1,0.311983001191112,0.0606866730674826,0.204133324047991,0.444956161568656,44,"ok"
"VI_VII","66-70","Men","All",1,0,74,59.3206269633656,1,0.360638876763597,0.0605701306233884,0.248739243387051,0.490042076510719,36,"ok"
"VI_VII","66-70","Men","All",1,1,74,59.3206269633656,1,0.639361123236403,0.0605701306233884,0.509957923489281,0.751260756612949,36,"ok"
"VI_VII","18-29","Women","All",0,0,816,710.227390257121,1,0.640482847023707,0.0229724205902411,0.593519481280384,0.684900879199027,71,"ok"
"VI_VII","18-29","Women","All",0,1,816,710.227390257121,1,0.359517152976293,0.0229724205902411,0.315099120800973,0.406480518719616,71,"ok"
"VI_VII","18-29","Women","All",1,0,416,359.180388924681,1,0.342013117909063,0.0276062989258668,0.289202591616851,0.39905316742735,66,"ok"
"VI_VII","18-29","Women","All",1,1,416,359.180388924681,1,0.657986882090937,0.0276062989258668,0.60094683257265,0.710797408383149,66,"ok"
"VI_VII","30-44","Women","All",0,0,364,149.254926037166,1,0.738746575023902,0.034422033000608,0.664468049355024,0.801494042816395,65,"ok"
"VI_VII","30-44","Women","All",0,1,364,149.254926037166,1,0.261253424976098,0.034422033000608,0.198505957183605,0.335531950644976,65,"ok"
"VI_VII","30-44","Women","All",1,0,165,109.988413553746,1,0.43319336917415,0.045896984876219,0.34446931294177,0.526418402240461,55,"ok"
"VI_VII","30-44","Women","All",1,1,165,109.988413553746,1,0.56680663082585,0.045896984876219,0.473581597759538,0.65553068705823,55,"ok"
"VI_VII","18-29","Men","All",0,0,376,331.359092440432,1,0.572720088346144,0.0249034675313192,0.522442644813267,0.621538755876616,67,"ok"
"VI_VII","18-29","Men","All",0,1,376,331.359092440432,1,0.427279911653856,0.0249034675313192,0.378461244123384,0.477557355186733,67,"ok"
"VI_VII","18-29","Men","All",1,0,561,311.600011674599,1,0.201536809116983,0.0291867202388554,0.149509070116784,0.266006979916205,70,"ok"
"VI_VII","18-29","Men","All",1,1,561,311.600011674599,1,0.798463190883017,0.0291867202388554,0.733993020083795,0.850490929883216,70,"ok"
"VI_VII","30-44","Men","All",0,0,124,74.0175413883563,1,0.584055457934165,0.0528751341989184,0.474821810224145,0.685612440077071,39,"ok"
"VI_VII","30-44","Men","All",0,1,124,74.0175413883563,1,0.415944542065835,0.0528751341989184,0.314387559922929,0.525178189775855,39,"ok"
"VI_VII","30-44","Men","All",1,0,203,70.1298363056316,1,0.265699278306528,0.0459361015420288,0.184162571531691,0.367092406468851,55,"ok"
"VI_VII","30-44","Men","All",1,1,203,70.1298363056316,1,0.734300721693472,0.0459361015420288,0.632907593531149,0.815837428468309,55,"ok"
"VI_VIII","50+","All","All",0,0,1710,1230.75426097804,1,0.83469911379807,0.0140463131488144,0.804782638895672,0.860823824419903,74,"ok"
"VI_VIII","50+","All","All",0,1,1710,1230.75426097804,1,0.16530088620193,0.0140463131488144,0.139176175580097,0.195217361104328,74,"ok"
"VI_VIII","50+","All","All",1,0,833,596.902433943293,1,0.553302940846831,0.0238590058148858,0.50541944066756,0.600217497205709,74,"ok"
"VI_VIII","50+","All","All",1,1,833,596.902433943293,1,0.446697059153169,0.0238590058148858,0.399782502794291,0.49458055933244,74,"ok"
"VI_VIII","50+","Men","All",0,0,541,400.510861268721,1,0.761709033254477,0.0240368365726226,0.71048573013472,0.806339781254294,67,"ok"
"VI_VIII","50+","Men","All",0,1,541,400.510861268721,1,0.238290966745523,0.0240368365726226,0.193660218745706,0.28951426986528,67,"ok"
"VI_VIII","50+","Men","All",1,0,493,390.989698920215,1,0.499989232536905,0.0331968694080356,0.434130979046454,0.565847859644039,68,"ok"
"VI_VIII","50+","Men","All",1,1,493,390.989698920215,1,0.500010767463095,0.0331968694080356,0.434152140355961,0.565869020953546,68,"ok"
"VI_VIII","50+","Women","All",0,0,1169,834.118654221217,1,0.874116800247262,0.0140260028894181,0.843393608756695,0.899530689720778,71,"ok"
"VI_VIII","50+","Women","All",0,1,1169,834.118654221217,1,0.125883199752738,0.0140260028894181,0.100469310279222,0.156606391243305,71,"ok"
"VI_VIII","50+","Women","All",1,0,340,208.772256042093,1,0.63989705822888,0.0294201146719683,0.579289215853188,0.696350387104823,64,"ok"
"VI_VIII","50+","Women","All",1,1,340,208.772256042093,1,0.36010294177112,0.0294201146719683,0.303649612895177,0.420710784146812,64,"ok"
"VI_VIII","18-29","Men","All",0,0,345,300.740295869225,1,0.591049608582228,0.0293922130183763,0.531321883648257,0.648205456705923,65,"ok"
"VI_VIII","18-29","Men","All",0,1,345,300.740295869225,1,0.408950391417772,0.0293922130183763,0.351794543294077,0.468678116351743,65,"ok"
"VI_VIII","18-29","Men","All",1,0,461,372.899483356334,1,0.346134856352972,0.0300485211196282,0.288844064435398,0.40826544369572,68,"ok"
"VI_VIII","18-29","Men","All",1,1,461,372.899483356334,1,0.653865143647028,0.0300485211196282,0.59173455630428,0.711155935564602,68,"ok"
"VI_VIII","30-44","Women","All",0,0,379,209.389578072373,1,0.810966215665536,0.0288062370653819,0.746687576467841,0.861949607736275,65,"ok"
"VI_VIII","30-44","Women","All",0,1,379,209.389578072373,1,0.189033784334464,0.0288062370653819,0.138050392263725,0.253312423532159,65,"ok"
"VI_VIII","30-44","Women","All",1,0,188,119.178365889342,1,0.511204432586237,0.0438828706549482,0.42394756335686,0.59778379757718,59,"ok"
"VI_VIII","30-44","Women","All",1,1,188,119.178365889342,1,0.488795567413763,0.0438828706549482,0.40221620242282,0.57605243664314,59,"ok"
"VI_VIII","30-44","Men","All",0,0,123,79.1220983040728,1,0.530761460237012,0.0616505996757797,0.406919581859454,0.650927198321031,41,"ok"
"VI_VIII","30-44","Men","All",0,1,123,79.1220983040728,1,0.469238539762988,0.0616505996757797,0.349072801678969,0.593080418140546,41,"ok"
"VI_VIII","30-44","Men","All",1,0,189,62.3985671300369,1,0.372396918557633,0.0604215526831369,0.261258154523582,0.498886050414686,58,"ok"
"VI_VIII","30-44","Men","All",1,1,189,62.3985671300369,1,0.627603081442367,0.0604215526831369,0.501113949585314,0.738741845476418,58,"ok"
"VI_VIII","18-29","Women","All",0,0,818,683.336192362765,1,0.728850405985225,0.0176089800770448,0.692369002527755,0.762489627966823,73,"ok"
"VI_VIII","18-29","Women","All",0,1,818,683.336192362765,1,0.271149594014775,0.0176089800770448,0.237510372033177,0.307630997472244,73,"ok"
"VI_VIII","18-29","Women","All",1,0,409,359.243026094406,1,0.527495681544619,0.0306911715549379,0.466177897176605,0.587994988595001,70,"ok"
"VI_VIII","18-29","Women","All",1,1,409,359.243026094406,1,0.472504318455381,0.0306911715549379,0.412005011404999,0.533822102823395,70,"ok"
"VI_VIII","60-65","Women","All",0,0,252,176.720980135499,1,0.870460973632976,0.0249466979945752,0.811840791629246,0.912780353283942,57,"ok"
"VI_VIII","60-65","Women","All",0,1,252,176.720980135499,1,0.129539026367024,0.0249466979945752,0.087219646716058,0.188159208370754,57,"ok"
"VI_VIII","60-65","Women","All",1,0,82,54.180716466728,1,0.664668399687213,0.0538764398073944,0.548552565073623,0.763779344837661,38,"ok"
"VI_VIII","60-65","Women","All",1,1,82,54.180716466728,1,0.335331600312786,0.0538764398073944,0.236220655162339,0.451447434926377,38,"ok"
"VI_VIII","66-70","Women","All",0,0,170,120.334667347496,1,0.893259863133801,0.0254263242154247,0.830454679155777,0.934631233738169,50,"ok"
"VI_VIII","66-70","Women","All",0,1,170,120.334667347496,1,0.106740136866199,0.0254263242154247,0.0653687662618309,0.169545320844223,50,"ok"
"VI_VIII","66-70","Women","All",1,0,53,40.7991732276141,1,0.620421913454002,0.0762096151909678,0.458140226638344,0.759604198440525,32,"ok"
"VI_VIII","66-70","Women","All",1,1,53,40.7991732276141,1,0.379578086545998,0.0762096151909678,0.240395801559475,0.541859773361656,32,"ok"
"VI_VIII","45-59","Women","All",0,0,750,510.827132401755,1,0.873246184937257,0.0143842293149286,0.841705543713311,0.899254472731022,73,"ok"
"VI_VIII","45-59","Women","All",0,1,750,510.827132401755,1,0.126753815062743,0.0143842293149286,0.100745527268978,0.15829445628669,73,"ok"
"VI_VIII","45-59","Women","All",1,0,247,172.17981657178,1,0.614869686084242,0.0405823503591965,0.531351296385278,0.692128101452554,65,"ok"
"VI_VIII","45-59","Women","All",1,1,247,172.17981657178,1,0.385130313915758,0.0405823503591965,0.307871898547446,0.468648703614722,65,"ok"
"VI_VIII","71-76","Men","All",0,0,78,54.6381065029144,1,0.794773217029259,0.0548157177154605,0.661172781933526,0.884867825098403,31,"ok"
"VI_VIII","71-76","Men","All",0,1,78,54.6381065029144,1,0.205226782970741,0.0548157177154605,0.115132174901597,0.338827218066474,31,"ok"
"VI_VIII","71-76","Men","All",1,0,52,37.661219815972,1,0.536192919545561,0.0771913111175346,0.37970911766475,0.685859770402914,28,"ok"
"VI_VIII","71-76","Men","All",1,1,52,37.661219815972,1,0.463807080454439,0.0771913111175346,0.314140229597085,0.62029088233525,28,"ok"
"VI_VIII","77+","Men","All",0,0,41,33.3232221217403,1,0.76681498104278,0.0621482518130762,0.615719235375404,0.870952742475335,23,"ok"
"VI_VIII","77+","Men","All",0,1,41,33.3232221217403,1,0.23318501895722,0.0621482518130762,0.129047257524665,0.384280764624596,23,"ok"
"VI_VIII","77+","Men","All",1,0,21,17.6988421367593,1,0.580917666917414,0.117046306474778,0.327176846493769,0.798036114816582,12,"sparse_or_low_df"
"VI_VIII","77+","Men","All",1,1,21,17.6988421367593,1,0.419082333082586,0.117046306474778,0.201963885183418,0.672823153506231,12,"sparse_or_low_df"
"VI_VIII","71-76","Women","All",0,0,136,98.6075268744439,1,0.931130697517773,0.0250056821875625,0.860727272636266,0.967296868195865,51,"ok"
"VI_VIII","71-76","Women","All",0,1,136,98.6075268744439,1,0.0688693024822274,0.0250056821875625,0.0327031318041353,0.139272727363734,51,"ok"
"VI_VIII","71-76","Women","All",1,0,24,15.1279465555305,1,0.670710876765378,0.110037148913017,0.411640684119923,0.85569575484155,14,"sparse_or_low_df"
"VI_VIII","71-76","Women","All",1,1,24,15.1279465555305,1,0.329289123234622,0.110037148913017,0.14430424515845,0.588359315880077,14,"sparse_or_low_df"
"VI_VIII","45-59","Men","All",0,0,290,227.650469117854,1,0.728036869906384,0.0340577664588613,0.654943960428786,0.790596967473971,62,"ok"
"VI_VIII","45-59","Men","All",0,1,290,227.650469117854,1,0.271963130093616,0.0340577664588613,0.209403032526029,0.345056039571214,62,"ok"
"VI_VIII","45-59","Men","All",1,0,353,288.669785276471,1,0.491240019829178,0.0318676109673897,0.428020629572891,0.554740830767418,62,"ok"
"VI_VIII","45-59","Men","All",1,1,353,288.669785276471,1,0.508759980170822,0.0318676109673897,0.445259169232582,0.571979370427109,62,"ok"
"VI_VIII","66-70","Men","All",0,0,98,75.0192454451563,1,0.823854171891132,0.0446023002624958,0.714782393526333,0.897213230353387,35,"ok"
"VI_VIII","66-70","Men","All",0,1,98,75.0192454451563,1,0.176145828108868,0.0446023002624958,0.102786769646613,0.285217606473667,35,"ok"
"VI_VIII","66-70","Men","All",1,0,68,55.462451950207,1,0.449613738014543,0.0759682754757456,0.304467904549804,0.603877662597271,34,"ok"
"VI_VIII","66-70","Men","All",1,1,68,55.462451950207,1,0.550386261985457,0.0759682754757456,0.396122337402729,0.695532095450195,34,"ok"
"VI_VIII","60-65","Men","All",0,0,113,85.014222452193,1,0.808464204249223,0.0417890804197788,0.709931494187171,0.879220805046999,41,"ok"
"VI_VIII","60-65","Men","All",0,1,113,85.014222452193,1,0.191535795750777,0.0417890804197788,0.120779194953001,0.290068505812829,41,"ok"
"VI_VIII","60-65","Men","All",1,0,115,94.5109233758201,1,0.446703888214997,0.0526672008984855,0.34488639788564,0.553197593841756,52,"ok"
"VI_VIII","60-65","Men","All",1,1,115,94.5109233758201,1,0.553296111785003,0.0526672008984855,0.446802406158244,0.65511360211436,52,"ok"
"VI_VIII","77+","Women","All",0,0,73,54.4730018019876,1,0.878057007498921,0.0424216977720842,0.763116127541808,0.941501538745406,35,"ok"
"VI_VIII","77+","Women","All",0,1,73,54.4730018019876,1,0.121942992501079,0.0424216977720842,0.0584984612545938,0.236883872458192,35,"ok"
"VI_VIII","77+","Women","All",1,0,11,3.87208331309373,1,0.805924921167826,0.137385464079249,0.342254288367714,0.970709255183369,7,"sparse_or_low_df"
"VI_VIII","77+","Women","All",1,1,11,3.87208331309373,1,0.194075078832174,0.137385464079249,0.0292907448166309,0.657745711632286,7,"sparse_or_low_df"
