"year","ever_use","last_use","most_frequent_beverage","HED_30d_count","HED_missing_codes","AUDIT_6plus","AUDIT_never_code","AUDIT_positive_codes","sex","age","weight","design_fields"
2008,"q12","q15","q17","not_found","not_applicable","q20",0,"1:4","sexo","edad","exp","seccion_candidate_not_validated"
2010,"p013","p016","p018","not_found","not_applicable","p021",0,"1:4","psexoent","pedadent","factor_ajustado_com","manzana_candidate_not_validated"
2012,"p10","p13","p15","p16","88;99","p21",0,"1:4","sexo","edad","PONDERADOR","manzana;commune_proxy_stratum"
2014,"oh1","oh4","oh6","oh7","88;99","oh12",0,"1:4","sexo","edad","F2_MAY_AJUS_com","Segmento_n;commune_proxy_stratum"
2016,"oh_1","oh_4","oh_6","oh_7a (men); oh_7b (women)","88;99","oh_16",0,"1:4","sexo","edad","Fexp_external_by_idencuesta","manzana;commune_proxy_stratum"
2018,"OH_1","OH_4","OH_6","OH_7H (men); OH_7M (women)","888;999_labels_plus_88;99_questionnaire_ambiguity","OH_14",1,"2:5","S01","S02","Fexp","idmanzana;commune_x_size_stratum_reconstruction_unvalidated"
2020,"OH_1","OH_4","OH_6","OH_7","88;99","OH_10",0,"1:4","S01","S02","FACT_PERS_COMUNA","seccion_candidate_not_validated"
2022,"OH_1","OH_4","OH_6","OH_7","88;99","OH_10",0,"1:4","SEXO","EDAD","FACTOR_EXPANSION","UPM;COD_COMUNA_proxy_stratum"
2024,"OH_1","OH_4","OH_6","OH_7","88;99","OH_10",0,"1:4","SEXO","EDAD","FACTOR_EXPANSION","UPM;ESTRATO"
