"source","wave","age_group","sex","outcome","denominator","preferred_beverage","n_domain","n_events","domain_singleton_strata","precision","n_valid","n_eff","coverage","estimate","se","lower","upper","df","flag","bound_lower","bound_upper"
"ENPG",2024,"15-17","Men","Most frequent beverage share","Current 30-day drinkers","Beer",22,14,18,"PSU_strata_domain_lonely_adjust_working_CI",22,8.57999391588341,1,0.498292025260483,0.175377025430486,0.0462997483331413,0.953093155421967,2,"sparse_or_low_df;singleton_domain_adjusted",0.498292025260483,0.498292025260483
"ENPG",2024,"15-17","Men","HED 5+/4+, 30 days","Current drinkers with this most frequent beverage","Beer",14,7,14,"PSU_strata_domain_lonely_adjust_working_CI",14,8.50836066856949,1,0.462564101201865,0.171808558819189,,,0,"sparse_or_low_df;singleton_domain_adjusted",0.462564101201865,0.462564101201865
"ENPG",2024,"15-17","Men","Most frequent beverage share","Current 30-day drinkers","Wine/sparkling wine",22,3,18,"PSU_strata_domain_lonely_adjust_working_CI",22,8.57999391588341,1,0.351264614804952,0.1992501480068,0.0124241910447941,0.958855007524188,2,"sparse_or_low_df;singleton_domain_adjusted",0.351264614804952,0.351264614804952
"ENPG",2024,"15-17","Men","HED 5+/4+, 30 days","Current drinkers with this most frequent beverage","Wine/sparkling wine",3,2,3,"PSU_strata_domain_lonely_adjust_working_CI",3,1.59859646696718,1,0.231982756359025,0.239607512713418,,,0,"sparse_or_low_df;singleton_domain_adjusted",0.231982756359025,0.231982756359025
"ENPG",2024,"15-17","Men","Most frequent beverage share","Current 30-day drinkers","Spirits/mixed drinks",22,5,18,"PSU_strata_domain_lonely_adjust_working_CI",22,8.57999391588341,1,0.150443359934564,0.100013033991226,0.00607181643398307,0.836955980417783,2,"sparse_or_low_df;singleton_domain_adjusted",0.150443359934564,0.150443359934564
"ENPG",2024,"15-17","Men","HED 5+/4+, 30 days","Current drinkers with this most frequent beverage","Spirits/mixed drinks",5,0,2,"PSU_strata_domain_lonely_adjust_working_CI",2,1.24544819698655,0.707470109608257,0,0,,,0,"boundary_no_CI;singleton_domain_adjusted",0,0.292529890391743
"ENPG",2024,"15-17","Men","Most frequent beverage share","Current 30-day drinkers","Other",22,0,18,"PSU_strata_domain_lonely_adjust_working_CI",22,8.57999391588341,1,0,0,,,2,"boundary_no_CI;singleton_domain_adjusted",0,0
"ENPG",2024,"15-17","Men","HED 5+/4+, 30 days","Current drinkers with this most frequent beverage","Other",0,0,0,"PSU_strata_domain_lonely_adjust_working_CI",0,0,0,,,,,,"no_valid_response",,
"ENPG",2024,"15-17","Women","Most frequent beverage share","Current 30-day drinkers","Beer",17,8,12,"PSU_strata_domain_lonely_adjust_working_CI",16,5.72791337000798,0.775436073861376,0.294898013568318,0.155508615970592,0.0164705839718267,0.91262738713502,2,"sparse_or_low_df;singleton_domain_adjusted",0.228674557830935,0.453238483969559
"ENPG",2024,"15-17","Women","HED 5+/4+, 30 days","Current drinkers with this most frequent beverage","Beer",8,7,6,"PSU_strata_domain_lonely_adjust_working_CI",8,4.57762770916978,1,0.722011421099827,0.229864331935919,0.00000124381138891147,0.999999815617049,1,"sparse_or_low_df;singleton_domain_adjusted",0.722011421099827,0.722011421099827
"ENPG",2024,"15-17","Women","Most frequent beverage share","Current 30-day drinkers","Wine/sparkling wine",17,2,12,"PSU_strata_domain_lonely_adjust_working_CI",16,5.72791337000798,0.775436073861376,0.151346412365997,0.133642758549808,0.00202330462431534,0.940073446413376,2,"sparse_or_low_df;singleton_domain_adjusted",0.117359467798094,0.341923393936718
"ENPG",2024,"15-17","Women","HED 5+/4+, 30 days","Current drinkers with this most frequent beverage","Wine/sparkling wine",2,0,2,"PSU_strata_domain_lonely_adjust_working_CI",2,1.31843088611016,1,0,0,,,0,"boundary_no_CI;singleton_domain_adjusted",0,0
"ENPG",2024,"15-17","Women","Most frequent beverage share","Current 30-day drinkers","Spirits/mixed drinks",17,6,12,"PSU_strata_domain_lonely_adjust_working_CI",16,5.72791337000798,0.775436073861376,0.553755574065685,0.203073665076985,0.0348902158434187,0.977061850379313,2,"sparse_or_low_df;singleton_domain_adjusted",0.429402048232347,0.653965974370971
"ENPG",2024,"15-17","Women","HED 5+/4+, 30 days","Current drinkers with this most frequent beverage","Spirits/mixed drinks",6,4,5,"PSU_strata_domain_lonely_adjust_working_CI",5,3.95345980606089,0.352465972321002,0.913513045929938,0.0903693925094745,,,0,"sparse_or_low_df;singleton_domain_adjusted",0.321982263961615,0.969516291640614
"ENPG",2024,"15-17","Women","Most frequent beverage share","Current 30-day drinkers","Other",17,0,12,"PSU_strata_domain_lonely_adjust_working_CI",16,5.72791337000798,0.775436073861376,0,0,,,2,"boundary_no_CI;singleton_domain_adjusted",0,0.224563926138624
"ENPG",2024,"15-17","Women","HED 5+/4+, 30 days","Current drinkers with this most frequent beverage","Other",0,0,0,"PSU_strata_domain_lonely_adjust_working_CI",0,0,0,,,,,,"no_valid_response",,
"ENPG",2024,"18-29","Men","Most frequent beverage share","Current 30-day drinkers","Beer",557,410,17,"PSU_strata_domain_lonely_adjust_working_CI",555,146.540882860367,0.998187833783528,0.762992630230961,0.0300821593539564,0.698905475964344,0.817010476355377,387,"ok;singleton_domain_adjusted",0.761609960763039,0.763422126979511
"ENPG",2024,"18-29","Men","HED 5+/4+, 30 days","Current drinkers with this most frequent beverage","Beer",410,238,29,"PSU_strata_domain_lonely_adjust_working_CI",392,92.9144985036572,0.950168672633811,0.493999638743698,0.0511550140379925,0.394843233439656,0.593630333941077,258,"ok;singleton_domain_adjusted",0.469382981026681,0.51921430839287
"ENPG",2024,"18-29","Men","Most frequent beverage share","Current 30-day drinkers","Wine/sparkling wine",557,34,17,"PSU_strata_domain_lonely_adjust_working_CI",555,146.540882860367,0.998187833783528,0.0471285704130405,0.0133038168110254,0.0268816821962797,0.0813502837182589,387,"ok;singleton_domain_adjusted",0.0470431656099074,0.0488553318263788
"ENPG",2024,"18-29","Men","HED 5+/4+, 30 days","Current drinkers with this most frequent beverage","Wine/sparkling wine",34,14,17,"PSU_strata_domain_lonely_adjust_working_CI",32,12.4416626933961,0.917421843526935,0.479785482882627,0.14509156321353,0.198462551983874,0.774540067886433,9,"sparse_or_low_df;singleton_domain_adjusted",0.44016568220364,0.522743838676705
"ENPG",2024,"18-29","Men","Most frequent beverage share","Current 30-day drinkers","Spirits/mixed drinks",557,105,17,"PSU_strata_domain_lonely_adjust_working_CI",555,146.540882860367,0.998187833783528,0.181032853558733,0.0262571097014802,0.134986819143074,0.238455975710617,387,"ok;singleton_domain_adjusted",0.180704791937442,0.182516958153914
"ENPG",2024,"18-29","Men","HED 5+/4+, 30 days","Current drinkers with this most frequent beverage","Spirits/mixed drinks",105,62,23,"PSU_strata_domain_lonely_adjust_working_CI",100,44.0628129664488,0.985610023489409,0.585902191053157,0.0767414163839319,0.4283511176472,0.727640270914256,49,"ok;singleton_domain_adjusted",0.577471072286398,0.591861048796989
"ENPG",2024,"18-29","Men","Most frequent beverage share","Current 30-day drinkers","Other",557,6,17,"PSU_strata_domain_lonely_adjust_working_CI",555,146.540882860367,0.998187833783528,0.00884594579726606,0.00483333824568493,0.0030101123916801,0.0257042579409035,387,"ok;singleton_domain_adjusted",0.00882991547313952,0.0106420816896109
"ENPG",2024,"18-29","Men","HED 5+/4+, 30 days","Current drinkers with this most frequent beverage","Other",6,2,5,"PSU_strata_domain_lonely_adjust_working_CI",5,2.77686455949644,0.884681900626364,0.18221922236045,0.157621686994005,,,0,"sparse_or_low_df;singleton_domain_adjusted",0.161206047968501,0.276524147342137
"ENPG",2024,"18-29","Women","Most frequent beverage share","Current 30-day drinkers","Beer",579,337,20,"PSU_strata_domain_lonely_adjust_working_CI",575,135.830580526649,0.995978888151964,0.568339757906275,0.0417373381860126,0.485168524535208,0.647827767482164,413,"ok;singleton_domain_adjusted",0.566054400172048,0.570075512020084
"ENPG",2024,"18-29","Women","HED 5+/4+, 30 days","Current drinkers with this most frequent beverage","Beer",337,193,29,"PSU_strata_domain_lonely_adjust_working_CI",318,71.5765196180451,0.924553755702538,0.522159396322559,0.0586221723237889,0.407477052185427,0.634552259330205,215,"ok;singleton_domain_adjusted",0.482764430945392,0.558210675242854
"ENPG",2024,"18-29","Women","Most frequent beverage share","Current 30-day drinkers","Wine/sparkling wine",579,68,20,"PSU_strata_domain_lonely_adjust_working_CI",575,135.830580526649,0.995978888151964,0.101742812751212,0.0162002485759146,0.0740240797557988,0.138290853443379,413,"ok;singleton_domain_adjusted",0.101333693521405,0.105354805369441
"ENPG",2024,"18-29","Women","HED 5+/4+, 30 days","Current drinkers with this most frequent beverage","Wine/sparkling wine",68,39,26,"PSU_strata_domain_lonely_adjust_working_CI",63,40.1959499807094,0.913418253196122,0.545884720419209,0.0803787485379786,0.37935003978613,0.702748679208199,20,"ok;singleton_domain_adjusted",0.498621067771767,0.585202814575645
"ENPG",2024,"18-29","Women","Most frequent beverage share","Current 30-day drinkers","Spirits/mixed drinks",579,149,20,"PSU_strata_domain_lonely_adjust_working_CI",575,135.830580526649,0.995978888151964,0.295756995474277,0.0421647041016767,0.22002474717937,0.384699449346043,413,"ok;singleton_domain_adjusted",0.294567723515635,0.298588835363672
"ENPG",2024,"18-29","Women","HED 5+/4+, 30 days","Current drinkers with this most frequent beverage","Spirits/mixed drinks",149,76,26,"PSU_strata_domain_lonely_adjust_working_CI",138,33.222015631458,0.870031656314553,0.591113819465732,0.0817191192463014,0.424414052049139,0.73920151688377,77,"ok;singleton_domain_adjusted",0.514287735420193,0.64425607910564
"ENPG",2024,"18-29","Women","Most frequent beverage share","Current 30-day drinkers","Other",579,21,20,"PSU_strata_domain_lonely_adjust_working_CI",575,135.830580526649,0.995978888151964,0.0341604338682373,0.011820407639532,0.0171884542174684,0.066752428099053,413,"ok;singleton_domain_adjusted",0.0340230709428756,0.0380441827909118
"ENPG",2024,"18-29","Women","HED 5+/4+, 30 days","Current drinkers with this most frequent beverage","Other",21,11,12,"PSU_strata_domain_lonely_adjust_working_CI",19,7.54329635942729,0.981943632766481,0.766686814646496,0.114762764387943,0.299000096801185,0.962001058585291,3,"sparse_or_low_df;singleton_domain_adjusted",0.752843235968142,0.770899603201661
"ENPG",2024,"30-44","Men","Most frequent beverage share","Current 30-day drinkers","Beer",1069,795,9,"PSU_strata_domain_lonely_adjust_working_CI",1066,340.281395185522,0.998248862884897,0.7577278558028,0.0215565423774012,0.712945900312285,0.797507828895712,738,"ok;singleton_domain_adjusted",0.756400970431356,0.758152107546459
"ENPG",2024,"30-44","Men","HED 5+/4+, 30 days","Current drinkers with this most frequent beverage","Beer",795,461,12,"PSU_strata_domain_lonely_adjust_working_CI",753,232.164387198412,0.972730967259532,0.528091510813978,0.0324504205591292,0.464233506049283,0.59104323825507,531,"ok;singleton_domain_adjusted",0.513690966115628,0.540959998856097
"ENPG",2024,"30-44","Men","Most frequent beverage share","Current 30-day drinkers","Wine/sparkling wine",1069,115,9,"PSU_strata_domain_lonely_adjust_working_CI",1066,340.281395185522,0.998248862884897,0.0845938090073886,0.01210133177951,0.0636674572451545,0.111578642430033,738,"ok;singleton_domain_adjusted",0.0844456736487278,0.0861968107638308
"ENPG",2024,"30-44","Men","HED 5+/4+, 30 days","Current drinkers with this most frequent beverage","Wine/sparkling wine",115,54,28,"PSU_strata_domain_lonely_adjust_working_CI",107,42.4709347547633,0.921150266496501,0.64300625077904,0.067199635697983,0.500180965513356,0.764254584390642,51,"ok;singleton_domain_adjusted",0.592305379264029,0.671155112767528
"ENPG",2024,"30-44","Men","Most frequent beverage share","Current 30-day drinkers","Spirits/mixed drinks",1069,152,9,"PSU_strata_domain_lonely_adjust_working_CI",1066,340.281395185522,0.998248862884897,0.152337728219841,0.0184946314833014,0.119459653301268,0.192288574024122,738,"ok;singleton_domain_adjusted",0.152070963969924,0.153822101085027
"ENPG",2024,"30-44","Men","HED 5+/4+, 30 days","Current drinkers with this most frequent beverage","Spirits/mixed drinks",152,89,20,"PSU_strata_domain_lonely_adjust_working_CI",128,47.2162192205078,0.886507121508631,0.583402137895502,0.0716604093526081,0.437540579460647,0.715990698286767,71,"ok;singleton_domain_adjusted",0.517190149947723,0.630683028439092
"ENPG",2024,"30-44","Men","Most frequent beverage share","Current 30-day drinkers","Other",1069,4,9,"PSU_strata_domain_lonely_adjust_working_CI",1066,340.281395185522,0.998248862884897,0.00534060696997077,0.00435664348714948,0.00107201477172644,0.0261609233089656,738,"sparse_or_low_df;singleton_domain_adjusted",0.00533125483488848,0.00708239194999146
"ENPG",2024,"30-44","Men","HED 5+/4+, 30 days","Current drinkers with this most frequent beverage","Other",4,1,2,"PSU_strata_domain_lonely_adjust_working_CI",2,1.18193770243374,0.888706138552041,0.915973725657917,0.110669223972477,,,0,"sparse_or_low_df;singleton_domain_adjusted",0.814031472744574,0.925325334192533
"ENPG",2024,"30-44","Women","Most frequent beverage share","Current 30-day drinkers","Beer",996,575,9,"PSU_strata_domain_lonely_adjust_working_CI",994,264.180987212213,0.998776827793031,0.569559181271502,0.0311162039953562,0.507713844438665,0.629307674365618,695,"ok;singleton_domain_adjusted",0.568862512310747,0.570085684517716
"ENPG",2024,"30-44","Women","HED 5+/4+, 30 days","Current drinkers with this most frequent beverage","Beer",575,329,10,"PSU_strata_domain_lonely_adjust_working_CI",551,136.371626861755,0.971563141689936,0.535840776816291,0.0409232808485354,0.455152371545144,0.614695419675039,394,"ok;singleton_domain_adjusted",0.520603148569212,0.549040006879275
"ENPG",2024,"30-44","Women","Most frequent beverage share","Current 30-day drinkers","Wine/sparkling wine",996,211,9,"PSU_strata_domain_lonely_adjust_working_CI",994,264.180987212213,0.998776827793031,0.212032634807577,0.0228577690991227,0.170607196425721,0.260359114011678,695,"ok;singleton_domain_adjusted",0.21177328238171,0.21299645458868
"ENPG",2024,"30-44","Women","HED 5+/4+, 30 days","Current drinkers with this most frequent beverage","Wine/sparkling wine",211,95,27,"PSU_strata_domain_lonely_adjust_working_CI",200,71.7150904681964,0.968997323823548,0.487550291656698,0.0601918718095028,0.371222625198599,0.60524238035181,116,"ok;singleton_domain_adjusted",0.47243492784473,0.503437604021182
"ENPG",2024,"30-44","Women","Most frequent beverage share","Current 30-day drinkers","Spirits/mixed drinks",996,182,9,"PSU_strata_domain_lonely_adjust_working_CI",994,264.180987212213,0.998776827793031,0.201737468509395,0.0277383565115247,0.152690289195524,0.261673999475012,695,"ok;singleton_domain_adjusted",0.20149070884481,0.20271388105178
"ENPG",2024,"30-44","Women","HED 5+/4+, 30 days","Current drinkers with this most frequent beverage","Spirits/mixed drinks",182,88,33,"PSU_strata_domain_lonely_adjust_working_CI",170,41.8942517660032,0.951360950351648,0.355318509002542,0.0659425041310879,0.237407415560981,0.49386596566042,99,"ok;singleton_domain_adjusted",0.338036154402188,0.386675204050541
"ENPG",2024,"30-44","Women","Most frequent beverage share","Current 30-day drinkers","Other",996,26,9,"PSU_strata_domain_lonely_adjust_working_CI",994,264.180987212213,0.998776827793031,0.016670715411525,0.00559022391222409,0.0086044215985419,0.0320543373367941,695,"ok;singleton_domain_adjusted",0.0166503242557633,0.0178734964627326
"ENPG",2024,"30-44","Women","HED 5+/4+, 30 days","Current drinkers with this most frequent beverage","Other",26,11,12,"PSU_strata_domain_lonely_adjust_working_CI",24,7.82498653257513,0.858703561436898,0.479862021912864,0.181462879618726,0.141881457855473,0.837338809137095,7,"sparse_or_low_df;singleton_domain_adjusted",0.412059227214887,0.553355665777989
"ENPG",2024,"45-59","Men","Most frequent beverage share","Current 30-day drinkers","Beer",829,505,8,"PSU_strata_domain_lonely_adjust_working_CI",826,267.109477060506,0.984982007449634,0.654485038101873,0.027642700998836,0.598383847664377,0.70659213020354,592,"ok;singleton_domain_adjusted",0.644655986675333,0.659673979225699
"ENPG",2024,"45-59","Men","HED 5+/4+, 30 days","Current drinkers with this most frequent beverage","Beer",505,278,13,"PSU_strata_domain_lonely_adjust_working_CI",468,145.469551983826,0.919642452565181,0.538856420161676,0.0414372910732764,0.457028590269491,0.618642458105558,327,"ok;singleton_domain_adjusted",0.495555239817977,0.575912787252796
"ENPG",2024,"45-59","Men","Most frequent beverage share","Current 30-day drinkers","Wine/sparkling wine",829,213,8,"PSU_strata_domain_lonely_adjust_working_CI",826,267.109477060506,0.984982007449634,0.213369531724075,0.0217584851046717,0.173742036762438,0.259200003011938,592,"ok;singleton_domain_adjusted",0.210165149686168,0.225183142236534
"ENPG",2024,"45-59","Men","HED 5+/4+, 30 days","Current drinkers with this most frequent beverage","Wine/sparkling wine",213,102,32,"PSU_strata_domain_lonely_adjust_working_CI",196,75.4449923950224,0.963530405209245,0.362266946758822,0.049081453961971,0.271617113299593,0.463902065577145,113,"ok;singleton_domain_adjusted",0.349055218004444,0.385524812795199
"ENPG",2024,"45-59","Men","Most frequent beverage share","Current 30-day drinkers","Spirits/mixed drinks",829,101,8,"PSU_strata_domain_lonely_adjust_working_CI",826,267.109477060506,0.984982007449634,0.123197748600886,0.020813239918836,0.0877910886125744,0.170219506626764,592,"ok;singleton_domain_adjusted",0.121347565730176,0.136365558280542
"ENPG",2024,"45-59","Men","HED 5+/4+, 30 days","Current drinkers with this most frequent beverage","Spirits/mixed drinks",101,57,30,"PSU_strata_domain_lonely_adjust_working_CI",89,27.582073148453,0.876728460536263,0.56754841288489,0.095146528805459,0.375081789543741,0.741578301559596,42,"sparse_or_low_df;singleton_domain_adjusted",0.497585846308369,0.620857385772106
"ENPG",2024,"45-59","Men","Most frequent beverage share","Current 30-day drinkers","Other",829,7,8,"PSU_strata_domain_lonely_adjust_working_CI",826,267.109477060506,0.984982007449634,0.00894768157316617,0.00428020842656338,0.00348657360982272,0.0227672310036507,592,"ok;singleton_domain_adjusted",0.00881330535795731,0.023831297908323
"ENPG",2024,"45-59","Men","HED 5+/4+, 30 days","Current drinkers with this most frequent beverage","Other",7,4,5,"PSU_strata_domain_lonely_adjust_working_CI",5,3.10177293660159,0.803344281914174,0.51112379327828,0.295184481194904,,,0,"sparse_or_low_df;singleton_domain_adjusted",0.410608376680388,0.607264094766214
"ENPG",2024,"45-59","Women","Most frequent beverage share","Current 30-day drinkers","Beer",719,303,10,"PSU_strata_domain_lonely_adjust_working_CI",714,215.950689632869,0.996132989990717,0.447543855031703,0.034694434773167,0.380768088954057,0.51626683575101,503,"ok;singleton_domain_adjusted",0.445813198464703,0.449680208473986
"ENPG",2024,"45-59","Women","HED 5+/4+, 30 days","Current drinkers with this most frequent beverage","Beer",303,148,22,"PSU_strata_domain_lonely_adjust_working_CI",284,84.9493746389364,0.934154962621862,0.471980153113689,0.0512857096143569,0.373275082324655,0.572925742653324,185,"ok;singleton_domain_adjusted",0.44090260229018,0.506747639668317
"ENPG",2024,"45-59","Women","Most frequent beverage share","Current 30-day drinkers","Wine/sparkling wine",719,287,10,"PSU_strata_domain_lonely_adjust_working_CI",714,215.950689632869,0.996132989990717,0.392313739875187,0.0333374466397256,0.329083825330549,0.459374254667572,503,"ok;singleton_domain_adjusted",0.390796658716311,0.394663668725594
"ENPG",2024,"45-59","Women","HED 5+/4+, 30 days","Current drinkers with this most frequent beverage","Wine/sparkling wine",287,127,29,"PSU_strata_domain_lonely_adjust_working_CI",272,80.378526804401,0.971601851172941,0.333212918310114,0.0475759348503898,0.246688791168592,0.432654900172315,172,"ok;singleton_domain_adjusted",0.323750288264845,0.352148437091904
"ENPG",2024,"45-59","Women","Most frequent beverage share","Current 30-day drinkers","Spirits/mixed drinks",719,105,10,"PSU_strata_domain_lonely_adjust_working_CI",714,215.950689632869,0.996132989990717,0.138780773899398,0.0215492834181174,0.101589892792027,0.186756562415485,503,"ok;singleton_domain_adjusted",0.138244107257633,0.142111117266916
"ENPG",2024,"45-59","Women","HED 5+/4+, 30 days","Current drinkers with this most frequent beverage","Spirits/mixed drinks",105,51,35,"PSU_strata_domain_lonely_adjust_working_CI",100,36.6804751605717,0.982698153280879,0.442857779738689,0.0835553975017641,0.286182392010836,0.611792793029837,40,"ok;singleton_domain_adjusted",0.43519552231528,0.452497369034401
"ENPG",2024,"45-59","Women","Most frequent beverage share","Current 30-day drinkers","Other",719,19,10,"PSU_strata_domain_lonely_adjust_working_CI",714,215.950689632869,0.996132989990717,0.0213616311937113,0.0085571823783438,0.00967225965693171,0.046514610425363,503,"ok;singleton_domain_adjusted",0.0212790255520706,0.0251460355613536
"ENPG",2024,"45-59","Women","HED 5+/4+, 30 days","Current drinkers with this most frequent beverage","Other",19,11,14,"PSU_strata_domain_lonely_adjust_working_CI",18,5.8953414718177,0.978640056484713,0.611175714495236,0.193400320824583,0.0452432398697493,0.981181504665956,2,"sparse_or_low_df;singleton_domain_adjusted",0.598121035755702,0.61948097927099
"ENPG",2024,"60-65","Men","Most frequent beverage share","Current 30-day drinkers","Beer",398,172,21,"PSU_strata_domain_lonely_adjust_working_CI",398,140.768584580348,1,0.505458220935999,0.0440797676963181,0.419375656762634,0.591218386129303,271,"ok;singleton_domain_adjusted",0.505458220935999,0.505458220935999
"ENPG",2024,"60-65","Men","HED 5+/4+, 30 days","Current drinkers with this most frequent beverage","Beer",172,87,32,"PSU_strata_domain_lonely_adjust_working_CI",166,62.860567150704,0.994631349671486,0.438784864122216,0.0603626740811831,0.324469361964338,0.559988954168863,87,"ok;singleton_domain_adjusted",0.436429181617299,0.441797831945813
"ENPG",2024,"60-65","Men","Most frequent beverage share","Current 30-day drinkers","Wine/sparkling wine",398,191,21,"PSU_strata_domain_lonely_adjust_working_CI",398,140.768584580348,1,0.410832424449041,0.0425138009723733,0.330412503873147,0.496317433127226,271,"ok;singleton_domain_adjusted",0.410832424449041,0.410832424449041
"ENPG",2024,"60-65","Men","HED 5+/4+, 30 days","Current drinkers with this most frequent beverage","Wine/sparkling wine",191,72,29,"PSU_strata_domain_lonely_adjust_working_CI",185,61.5483396254044,0.980486328832034,0.29970147401181,0.0526555556987244,0.206555685025622,0.412988100630118,112,"ok;singleton_domain_adjusted",0.293853197999389,0.313366869167355
"ENPG",2024,"60-65","Men","Most frequent beverage share","Current 30-day drinkers","Spirits/mixed drinks",398,34,21,"PSU_strata_domain_lonely_adjust_working_CI",398,140.768584580348,1,0.0816465020277571,0.0200373586750721,0.0499115046250599,0.130781877146034,271,"ok;singleton_domain_adjusted",0.0816465020277571,0.0816465020277571
"ENPG",2024,"60-65","Men","HED 5+/4+, 30 days","Current drinkers with this most frequent beverage","Spirits/mixed drinks",34,14,14,"PSU_strata_domain_lonely_adjust_working_CI",31,14.7182551444376,0.959642646300083,0.378709859633059,0.1253977403846,0.154380324732858,0.670532590571823,9,"sparse_or_low_df;singleton_domain_adjusted",0.363426131878202,0.403783485578118
"ENPG",2024,"60-65","Men","Most frequent beverage share","Current 30-day drinkers","Other",398,1,21,"PSU_strata_domain_lonely_adjust_working_CI",398,140.768584580348,1,0.00206285258720272,0.0020597118918266,0.00028824171654242,0.0146035674279571,271,"sparse_or_low_df;singleton_domain_adjusted",0.00206285258720272,0.00206285258720272
"ENPG",2024,"60-65","Men","HED 5+/4+, 30 days","Current drinkers with this most frequent beverage","Other",1,0,1,"PSU_strata_domain_lonely_adjust_working_CI",1,1,1,0,0,,,0,"boundary_no_CI;singleton_domain_adjusted",0,0
"ENPG",2024,"60-65","Women","Most frequent beverage share","Current 30-day drinkers","Beer",342,91,20,"PSU_strata_domain_lonely_adjust_working_CI",338,105.272520171537,0.989310524068688,0.379958145792442,0.0527429870701549,0.282744562429984,0.48786148432471,225,"ok;singleton_domain_adjusted",0.375896592338087,0.386586068269399
"ENPG",2024,"60-65","Women","HED 5+/4+, 30 days","Current drinkers with this most frequent beverage","Beer",91,36,28,"PSU_strata_domain_lonely_adjust_working_CI",85,24.2385789843999,0.894321050669544,0.301310879842655,0.0804163020748365,0.165985582951347,0.48306225254913,38,"sparse_or_low_df;singleton_domain_adjusted",0.269468662639048,0.375147611969504
"ENPG",2024,"60-65","Women","Most frequent beverage share","Current 30-day drinkers","Wine/sparkling wine",342,192,20,"PSU_strata_domain_lonely_adjust_working_CI",338,105.272520171537,0.989310524068688,0.465627124802023,0.0472280261753576,0.374785799457681,0.558807122252649,225,"ok;singleton_domain_adjusted",0.460649814858486,0.471339290789797
"ENPG",2024,"60-65","Women","HED 5+/4+, 30 days","Current drinkers with this most frequent beverage","Wine/sparkling wine",192,63,24,"PSU_strata_domain_lonely_adjust_working_CI",181,80.3348714025257,0.956170998993295,0.327873587252246,0.0492941665618356,0.238448929294578,0.431818749053649,108,"ok;singleton_domain_adjusted",0.313503215466495,0.3573322164732
"ENPG",2024,"60-65","Women","Most frequent beverage share","Current 30-day drinkers","Spirits/mixed drinks",342,42,20,"PSU_strata_domain_lonely_adjust_working_CI",338,105.272520171537,0.989310524068688,0.112595015052685,0.0269639810830762,0.0693778477598794,0.177595729526975,225,"ok;singleton_domain_adjusted",0.111391433349294,0.122080909280605
"ENPG",2024,"60-65","Women","HED 5+/4+, 30 days","Current drinkers with this most frequent beverage","Spirits/mixed drinks",42,12,20,"PSU_strata_domain_lonely_adjust_working_CI",40,15.3673436163576,0.98415215204593,0.251224275699645,0.105985036974137,0.0895063658480198,0.533820847986113,12,"sparse_or_low_df;singleton_domain_adjusted",0.247242911575986,0.263090759530056
"ENPG",2024,"60-65","Women","Most frequent beverage share","Current 30-day drinkers","Other",342,13,20,"PSU_strata_domain_lonely_adjust_working_CI",338,105.272520171537,0.989310524068688,0.0418197143528511,0.01700067110129,0.0185655000671034,0.091485868974275,225,"ok;singleton_domain_adjusted",0.0413726835228219,0.0520621594541334
"ENPG",2024,"60-65","Women","HED 5+/4+, 30 days","Current drinkers with this most frequent beverage","Other",13,4,7,"PSU_strata_domain_lonely_adjust_working_CI",13,5.97541587800651,1,0.269610405831679,0.151259609208866,0.0419164655204412,0.756954786692615,4,"sparse_or_low_df;singleton_domain_adjusted",0.269610405831679,0.269610405831679
"ENPG",2024,"66-70","Men","Most frequent beverage share","Current 30-day drinkers","Beer",0,0,0,"PSU_strata_domain_lonely_adjust_working_CI",0,0,,,,,,,"outside_ENPG_age_support",,
"ENPG",2024,"66-70","Men","HED 5+/4+, 30 days","Current drinkers with this most frequent beverage","Beer",0,0,0,"PSU_strata_domain_lonely_adjust_working_CI",0,0,,,,,,,"outside_ENPG_age_support",,
"ENPG",2024,"66-70","Men","Most frequent beverage share","Current 30-day drinkers","Wine/sparkling wine",0,0,0,"PSU_strata_domain_lonely_adjust_working_CI",0,0,,,,,,,"outside_ENPG_age_support",,
"ENPG",2024,"66-70","Men","HED 5+/4+, 30 days","Current drinkers with this most frequent beverage","Wine/sparkling wine",0,0,0,"PSU_strata_domain_lonely_adjust_working_CI",0,0,,,,,,,"outside_ENPG_age_support",,
"ENPG",2024,"66-70","Men","Most frequent beverage share","Current 30-day drinkers","Spirits/mixed drinks",0,0,0,"PSU_strata_domain_lonely_adjust_working_CI",0,0,,,,,,,"outside_ENPG_age_support",,
"ENPG",2024,"66-70","Men","HED 5+/4+, 30 days","Current drinkers with this most frequent beverage","Spirits/mixed drinks",0,0,0,"PSU_strata_domain_lonely_adjust_working_CI",0,0,,,,,,,"outside_ENPG_age_support",,
"ENPG",2024,"66-70","Men","Most frequent beverage share","Current 30-day drinkers","Other",0,0,0,"PSU_strata_domain_lonely_adjust_working_CI",0,0,,,,,,,"outside_ENPG_age_support",,
"ENPG",2024,"66-70","Men","HED 5+/4+, 30 days","Current drinkers with this most frequent beverage","Other",0,0,0,"PSU_strata_domain_lonely_adjust_working_CI",0,0,,,,,,,"outside_ENPG_age_support",,
"ENPG",2024,"66-70","Women","Most frequent beverage share","Current 30-day drinkers","Beer",0,0,0,"PSU_strata_domain_lonely_adjust_working_CI",0,0,,,,,,,"outside_ENPG_age_support",,
"ENPG",2024,"66-70","Women","HED 5+/4+, 30 days","Current drinkers with this most frequent beverage","Beer",0,0,0,"PSU_strata_domain_lonely_adjust_working_CI",0,0,,,,,,,"outside_ENPG_age_support",,
"ENPG",2024,"66-70","Women","Most frequent beverage share","Current 30-day drinkers","Wine/sparkling wine",0,0,0,"PSU_strata_domain_lonely_adjust_working_CI",0,0,,,,,,,"outside_ENPG_age_support",,
"ENPG",2024,"66-70","Women","HED 5+/4+, 30 days","Current drinkers with this most frequent beverage","Wine/sparkling wine",0,0,0,"PSU_strata_domain_lonely_adjust_working_CI",0,0,,,,,,,"outside_ENPG_age_support",,
"ENPG",2024,"66-70","Women","Most frequent beverage share","Current 30-day drinkers","Spirits/mixed drinks",0,0,0,"PSU_strata_domain_lonely_adjust_working_CI",0,0,,,,,,,"outside_ENPG_age_support",,
"ENPG",2024,"66-70","Women","HED 5+/4+, 30 days","Current drinkers with this most frequent beverage","Spirits/mixed drinks",0,0,0,"PSU_strata_domain_lonely_adjust_working_CI",0,0,,,,,,,"outside_ENPG_age_support",,
"ENPG",2024,"66-70","Women","Most frequent beverage share","Current 30-day drinkers","Other",0,0,0,"PSU_strata_domain_lonely_adjust_working_CI",0,0,,,,,,,"outside_ENPG_age_support",,
"ENPG",2024,"66-70","Women","HED 5+/4+, 30 days","Current drinkers with this most frequent beverage","Other",0,0,0,"PSU_strata_domain_lonely_adjust_working_CI",0,0,,,,,,,"outside_ENPG_age_support",,
"ENPG",2024,"71-76","Men","Most frequent beverage share","Current 30-day drinkers","Beer",0,0,0,"PSU_strata_domain_lonely_adjust_working_CI",0,0,,,,,,,"outside_ENPG_age_support",,
"ENPG",2024,"71-76","Men","HED 5+/4+, 30 days","Current drinkers with this most frequent beverage","Beer",0,0,0,"PSU_strata_domain_lonely_adjust_working_CI",0,0,,,,,,,"outside_ENPG_age_support",,
"ENPG",2024,"71-76","Men","Most frequent beverage share","Current 30-day drinkers","Wine/sparkling wine",0,0,0,"PSU_strata_domain_lonely_adjust_working_CI",0,0,,,,,,,"outside_ENPG_age_support",,
"ENPG",2024,"71-76","Men","HED 5+/4+, 30 days","Current drinkers with this most frequent beverage","Wine/sparkling wine",0,0,0,"PSU_strata_domain_lonely_adjust_working_CI",0,0,,,,,,,"outside_ENPG_age_support",,
"ENPG",2024,"71-76","Men","Most frequent beverage share","Current 30-day drinkers","Spirits/mixed drinks",0,0,0,"PSU_strata_domain_lonely_adjust_working_CI",0,0,,,,,,,"outside_ENPG_age_support",,
"ENPG",2024,"71-76","Men","HED 5+/4+, 30 days","Current drinkers with this most frequent beverage","Spirits/mixed drinks",0,0,0,"PSU_strata_domain_lonely_adjust_working_CI",0,0,,,,,,,"outside_ENPG_age_support",,
"ENPG",2024,"71-76","Men","Most frequent beverage share","Current 30-day drinkers","Other",0,0,0,"PSU_strata_domain_lonely_adjust_working_CI",0,0,,,,,,,"outside_ENPG_age_support",,
"ENPG",2024,"71-76","Men","HED 5+/4+, 30 days","Current drinkers with this most frequent beverage","Other",0,0,0,"PSU_strata_domain_lonely_adjust_working_CI",0,0,,,,,,,"outside_ENPG_age_support",,
"ENPG",2024,"71-76","Women","Most frequent beverage share","Current 30-day drinkers","Beer",0,0,0,"PSU_strata_domain_lonely_adjust_working_CI",0,0,,,,,,,"outside_ENPG_age_support",,
"ENPG",2024,"71-76","Women","HED 5+/4+, 30 days","Current drinkers with this most frequent beverage","Beer",0,0,0,"PSU_strata_domain_lonely_adjust_working_CI",0,0,,,,,,,"outside_ENPG_age_support",,
"ENPG",2024,"71-76","Women","Most frequent beverage share","Current 30-day drinkers","Wine/sparkling wine",0,0,0,"PSU_strata_domain_lonely_adjust_working_CI",0,0,,,,,,,"outside_ENPG_age_support",,
"ENPG",2024,"71-76","Women","HED 5+/4+, 30 days","Current drinkers with this most frequent beverage","Wine/sparkling wine",0,0,0,"PSU_strata_domain_lonely_adjust_working_CI",0,0,,,,,,,"outside_ENPG_age_support",,
"ENPG",2024,"71-76","Women","Most frequent beverage share","Current 30-day drinkers","Spirits/mixed drinks",0,0,0,"PSU_strata_domain_lonely_adjust_working_CI",0,0,,,,,,,"outside_ENPG_age_support",,
"ENPG",2024,"71-76","Women","HED 5+/4+, 30 days","Current drinkers with this most frequent beverage","Spirits/mixed drinks",0,0,0,"PSU_strata_domain_lonely_adjust_working_CI",0,0,,,,,,,"outside_ENPG_age_support",,
"ENPG",2024,"71-76","Women","Most frequent beverage share","Current 30-day drinkers","Other",0,0,0,"PSU_strata_domain_lonely_adjust_working_CI",0,0,,,,,,,"outside_ENPG_age_support",,
"ENPG",2024,"71-76","Women","HED 5+/4+, 30 days","Current drinkers with this most frequent beverage","Other",0,0,0,"PSU_strata_domain_lonely_adjust_working_CI",0,0,,,,,,,"outside_ENPG_age_support",,
"ENPG",2024,"77+","Men","Most frequent beverage share","Current 30-day drinkers","Beer",0,0,0,"PSU_strata_domain_lonely_adjust_working_CI",0,0,,,,,,,"outside_ENPG_age_support",,
"ENPG",2024,"77+","Men","HED 5+/4+, 30 days","Current drinkers with this most frequent beverage","Beer",0,0,0,"PSU_strata_domain_lonely_adjust_working_CI",0,0,,,,,,,"outside_ENPG_age_support",,
"ENPG",2024,"77+","Men","Most frequent beverage share","Current 30-day drinkers","Wine/sparkling wine",0,0,0,"PSU_strata_domain_lonely_adjust_working_CI",0,0,,,,,,,"outside_ENPG_age_support",,
"ENPG",2024,"77+","Men","HED 5+/4+, 30 days","Current drinkers with this most frequent beverage","Wine/sparkling wine",0,0,0,"PSU_strata_domain_lonely_adjust_working_CI",0,0,,,,,,,"outside_ENPG_age_support",,
"ENPG",2024,"77+","Men","Most frequent beverage share","Current 30-day drinkers","Spirits/mixed drinks",0,0,0,"PSU_strata_domain_lonely_adjust_working_CI",0,0,,,,,,,"outside_ENPG_age_support",,
"ENPG",2024,"77+","Men","HED 5+/4+, 30 days","Current drinkers with this most frequent beverage","Spirits/mixed drinks",0,0,0,"PSU_strata_domain_lonely_adjust_working_CI",0,0,,,,,,,"outside_ENPG_age_support",,
"ENPG",2024,"77+","Men","Most frequent beverage share","Current 30-day drinkers","Other",0,0,0,"PSU_strata_domain_lonely_adjust_working_CI",0,0,,,,,,,"outside_ENPG_age_support",,
"ENPG",2024,"77+","Men","HED 5+/4+, 30 days","Current drinkers with this most frequent beverage","Other",0,0,0,"PSU_strata_domain_lonely_adjust_working_CI",0,0,,,,,,,"outside_ENPG_age_support",,
"ENPG",2024,"77+","Women","Most frequent beverage share","Current 30-day drinkers","Beer",0,0,0,"PSU_strata_domain_lonely_adjust_working_CI",0,0,,,,,,,"outside_ENPG_age_support",,
"ENPG",2024,"77+","Women","HED 5+/4+, 30 days","Current drinkers with this most frequent beverage","Beer",0,0,0,"PSU_strata_domain_lonely_adjust_working_CI",0,0,,,,,,,"outside_ENPG_age_support",,
"ENPG",2024,"77+","Women","Most frequent beverage share","Current 30-day drinkers","Wine/sparkling wine",0,0,0,"PSU_strata_domain_lonely_adjust_working_CI",0,0,,,,,,,"outside_ENPG_age_support",,
"ENPG",2024,"77+","Women","HED 5+/4+, 30 days","Current drinkers with this most frequent beverage","Wine/sparkling wine",0,0,0,"PSU_strata_domain_lonely_adjust_working_CI",0,0,,,,,,,"outside_ENPG_age_support",,
"ENPG",2024,"77+","Women","Most frequent beverage share","Current 30-day drinkers","Spirits/mixed drinks",0,0,0,"PSU_strata_domain_lonely_adjust_working_CI",0,0,,,,,,,"outside_ENPG_age_support",,
"ENPG",2024,"77+","Women","HED 5+/4+, 30 days","Current drinkers with this most frequent beverage","Spirits/mixed drinks",0,0,0,"PSU_strata_domain_lonely_adjust_working_CI",0,0,,,,,,,"outside_ENPG_age_support",,
"ENPG",2024,"77+","Women","Most frequent beverage share","Current 30-day drinkers","Other",0,0,0,"PSU_strata_domain_lonely_adjust_working_CI",0,0,,,,,,,"outside_ENPG_age_support",,
"ENPG",2024,"77+","Women","HED 5+/4+, 30 days","Current drinkers with this most frequent beverage","Other",0,0,0,"PSU_strata_domain_lonely_adjust_working_CI",0,0,,,,,,,"outside_ENPG_age_support",,
