"file","variables","bytes","has_f13","has_f14","has_f15","has_relative_change","has_psu","has_strata"
"_eps/2012/capacitacion_fallecidos.dta",26,45678,FALSE,FALSE,FALSE,FALSE,FALSE,FALSE
"_eps/2012/capacitacion_vivos.dta",26,2748873,FALSE,FALSE,FALSE,FALSE,FALSE,FALSE
"_eps/2012/carreras.dta",20,251281,FALSE,FALSE,FALSE,FALSE,FALSE,FALSE
"_eps/2012/entrevistado.dta",949,69759959,FALSE,FALSE,FALSE,FALSE,FALSE,FALSE
"_eps/2012/entrevistado_fallecido.dta",949,1187169,FALSE,FALSE,FALSE,FALSE,FALSE,FALSE
"_eps/2012/factor_EPS2012.dta",5,355348,FALSE,FALSE,FALSE,FALSE,FALSE,FALSE
"_eps/2012/factor_EPS2012_Original.dta",3,226964,FALSE,FALSE,FALSE,FALSE,FALSE,FALSE
"_eps/2012/factor_EPS2012_Panel.dta",2,73669,FALSE,FALSE,FALSE,FALSE,FALSE,FALSE
"_eps/2012/h_fallecidos.dta",49,90969,FALSE,FALSE,FALSE,FALSE,FALSE,FALSE
"_eps/2012/hfamiliar.dta",39,6504859,FALSE,FALSE,FALSE,FALSE,FALSE,FALSE
"_eps/2012/hfamiliar_fallecidos.dta",39,65455,FALSE,FALSE,FALSE,FALSE,FALSE,FALSE
"_eps/2012/hindividual.dta",118,2427624,FALSE,FALSE,FALSE,FALSE,FALSE,FALSE
"_eps/2012/hindividual_fallecidos.dta",118,60324,FALSE,FALSE,FALSE,FALSE,FALSE,FALSE
"_eps/2012/hlaboral.dta",49,7532473,FALSE,FALSE,FALSE,FALSE,FALSE,FALSE
"_eps/2012/hlaboral_fallecidos.dta",49,90969,FALSE,FALSE,FALSE,FALSE,FALSE,FALSE
"_eps/2012/salud.dta",166,8586376,FALSE,FALSE,FALSE,FALSE,FALSE,FALSE
"_eps/2012/salud_fallecidos.dta",166,158788,FALSE,FALSE,FALSE,FALSE,FALSE,FALSE
"_eps/2012/sub_modulo_composicion_hogar.dta",23,2518972,FALSE,FALSE,FALSE,FALSE,FALSE,FALSE
"_eps/2012/sub_modulo_composicion_hogar_fallecidos.dta",23,36520,FALSE,FALSE,FALSE,FALSE,FALSE,FALSE
"_eps/2012/sub_modulo_laboral_ingresos_fallecidos.dta",349,890831,FALSE,FALSE,FALSE,FALSE,FALSE,FALSE
"_eps/2012/sub_modulo_laboral_ingresos_hogar.dta",349,75770531,FALSE,FALSE,FALSE,FALSE,FALSE,FALSE
"_eps/2015/2015/Base Imputaciones EPS2015.dta",18,633059,FALSE,FALSE,FALSE,FALSE,FALSE,FALSE
"_eps/2015/2015/Base_Fallecidos.dta",448,1098479,FALSE,FALSE,FALSE,FALSE,FALSE,FALSE
"_eps/2015/2015/CARRERAS.dta",11,154101,FALSE,FALSE,FALSE,FALSE,FALSE,FALSE
"_eps/2015/2015/FactoresExpansionVIRondaEPS.dta",6,475118,FALSE,FALSE,FALSE,FALSE,FALSE,FALSE
"_eps/2015/2015/MODULOA_entrevistado.dta",20,523069,FALSE,FALSE,FALSE,FALSE,FALSE,FALSE
"_eps/2015/2015/MODULOB_entrevistado.dta",46,929021,FALSE,FALSE,FALSE,FALSE,FALSE,FALSE
"_eps/2015/2015/MODULOB_historia_laboral.dta",39,2722963,FALSE,FALSE,FALSE,FALSE,FALSE,FALSE
"_eps/2015/2015/MODULOC_entrevistado.dta",151,4843205,FALSE,FALSE,FALSE,FALSE,FALSE,FALSE
"_eps/2015/2015/MODULOD_entrevistado.dta",166,6399237,FALSE,FALSE,FALSE,FALSE,FALSE,FALSE
"_eps/2015/2015/MODULOE_entrevistado.dta",337,7208519,FALSE,FALSE,FALSE,FALSE,FALSE,FALSE
"_eps/2015/2015/MODULOF_entrevistado.dta",203,4999831,TRUE,TRUE,TRUE,FALSE,FALSE,FALSE
"_eps/2015/2015/MODULOG_entrevistado.dta",20,531818,FALSE,FALSE,FALSE,FALSE,FALSE,FALSE
"_eps/2015/2015/MODULOH_entrevistado.dta",29,314110,FALSE,FALSE,FALSE,FALSE,FALSE,FALSE
"_eps/2015/2015/MODULOI_entrevistado.dta",67,1470268,FALSE,FALSE,FALSE,FALSE,FALSE,FALSE
"_eps/2015/2015/MODULOJ_entrevistado.dta",7,306906,FALSE,FALSE,FALSE,FALSE,FALSE,FALSE
"_eps/2015/2015/MODULOQ_entrevistado.dta",11,307383,FALSE,FALSE,FALSE,FALSE,FALSE,FALSE
"_eps/2015/2015/MODULO_HOGAR.dta",88,9403234,FALSE,FALSE,FALSE,FALSE,FALSE,FALSE
"_eps/Bases de datos EPS VIII Ronda/BBDD_FALL/MODULO_A_HOGAR.dta",4,49794,FALSE,FALSE,FALSE,FALSE,FALSE,FALSE
"_eps/Bases de datos EPS VIII Ronda/BBDD_FALL/MODULO_M_ENTREVISTADO.dta",141,505177,FALSE,FALSE,FALSE,FALSE,FALSE,FALSE
"_eps/Bases de datos EPS VIII Ronda/BBDD_FALL/MODULO_M_HISTORIA_LABORAL.dta",22,613374,FALSE,FALSE,FALSE,FALSE,FALSE,FALSE
"_eps/Bases de datos EPS VIII Ronda/BBDD_PSD/MODULO_A_HOGAR.dta",4,43125,FALSE,FALSE,FALSE,FALSE,FALSE,FALSE
"_eps/Bases de datos EPS VIII Ronda/BBDD_PSD/MODULO_P_ENTREVISTADO.dta",115,282190,FALSE,FALSE,FALSE,FALSE,FALSE,FALSE
"_eps/Bases de datos EPS VIII Ronda/BBDD_PSD/MODULO_P_HISTORIA_LABORAL.dta",21,262261,FALSE,FALSE,FALSE,FALSE,FALSE,FALSE
"_eps/Bases de datos EPS VIII Ronda/BBDD_VIVOS/MODULO_A_CARRERAS.dta",22,252856,FALSE,FALSE,FALSE,FALSE,FALSE,FALSE
"_eps/Bases de datos EPS VIII Ronda/BBDD_VIVOS/MODULO_A_ENTREVISTADO.dta",31,2783889,FALSE,FALSE,FALSE,FALSE,FALSE,FALSE
"_eps/Bases de datos EPS VIII Ronda/BBDD_VIVOS/MODULO_B_HISTORIA_LABORAL.dta",49,16718659,FALSE,FALSE,FALSE,FALSE,FALSE,FALSE
"_eps/Bases de datos EPS VIII Ronda/BBDD_VIVOS/MODULO_B_SITUACION_ACTUAL.dta",65,8250453,FALSE,FALSE,FALSE,FALSE,FALSE,FALSE
"_eps/Bases de datos EPS VIII Ronda/BBDD_VIVOS/MODULO_C_ENTREVISTADO.dta",118,11935131,FALSE,FALSE,FALSE,FALSE,FALSE,FALSE
"_eps/Bases de datos EPS VIII Ronda/BBDD_VIVOS/MODULO_D_ENTREVISTADO.dta",139,12057329,FALSE,FALSE,FALSE,FALSE,FALSE,FALSE
"_eps/Bases de datos EPS VIII Ronda/BBDD_VIVOS/MODULO_E_ENTREVISTADO.dta",234,43064653,FALSE,FALSE,FALSE,FALSE,FALSE,FALSE
"_eps/Bases de datos EPS VIII Ronda/BBDD_VIVOS/MODULO_F_ENTREVISTADO.dta",240,11903045,TRUE,TRUE,TRUE,FALSE,FALSE,FALSE
"_eps/Bases de datos EPS VIII Ronda/BBDD_VIVOS/MODULO_G_ENTREVISTADO.dta",15,930347,FALSE,FALSE,FALSE,FALSE,FALSE,FALSE
"_eps/Bases de datos EPS VIII Ronda/BBDD_VIVOS/MODULO_HOGAR.dta",36,8525120,FALSE,FALSE,FALSE,FALSE,FALSE,FALSE
"_eps/Bases de datos EPS VIII Ronda/BBDD_VIVOS/MODULO_H_ENTREVISTADO.dta",39,6028883,FALSE,FALSE,FALSE,FALSE,FALSE,FALSE
"_eps/Bases de datos EPS VIII Ronda/BBDD_VIVOS/MODULO_I_ENTREVISTADO.dta",10,334441,FALSE,FALSE,FALSE,FALSE,FALSE,FALSE
"_eps/Bases de datos EPS VIII Ronda/BBDD_VIVOS/MODULO_I_HIJOS.dta",13,100656,FALSE,FALSE,FALSE,FALSE,FALSE,FALSE
"_eps/Bases de datos EPS VIII Ronda/BBDD_VIVOS/MODULO_I_PAREJAS.dta",12,133619,FALSE,FALSE,FALSE,FALSE,FALSE,FALSE
"_eps/Bases de datos EPS VIII Ronda/BBDD_VIVOS/MODULO_J_ENTREVISTADO.dta",2,209526,FALSE,FALSE,FALSE,FALSE,FALSE,FALSE
"_eps/Bases de datos EPS VIII Ronda/BBDD_VIVOS/MODULO_L_CDH.dta",13,137388,FALSE,FALSE,FALSE,FALSE,FALSE,FALSE
"_eps/Bases de datos EPS VIII Ronda/BBDD_VIVOS/MODULO_L_CFH.dta",22,103411,FALSE,FALSE,FALSE,FALSE,FALSE,FALSE
"_eps/Bases de datos EPS VIII Ronda/BBDD_VIVOS/MODULO_L_ENTREVISTADO.dta",9,408586,FALSE,FALSE,FALSE,FALSE,FALSE,FALSE
"_eps/Bases de datos EPS VIII Ronda/BBDD_VIVOS/MODULO_Q_ENTREVISTADO.dta",4,243147,FALSE,FALSE,FALSE,FALSE,FALSE,FALSE
"_eps/Bases de datos EPS VIII Ronda/FACT_EXP/Factor_Panel_EPS_2023_2002.dta",4,53190,FALSE,FALSE,FALSE,FALSE,TRUE,TRUE
"_eps/Bases de datos EPS VIII Ronda/FACT_EXP/Factor_Panel_EPS_2023_2004.dta",4,65110,FALSE,FALSE,FALSE,FALSE,TRUE,TRUE
"_eps/Bases de datos EPS VIII Ronda/FACT_EXP/Factor_Panel_EPS_2023_2015.dta",4,111158,FALSE,FALSE,FALSE,FALSE,TRUE,TRUE
"_eps/Bases de datos EPS VIII Ronda/FACT_EXP/Factor_XS_EPS_2023.dta",4,320969,FALSE,FALSE,FALSE,FALSE,TRUE,TRUE
"_eps/Bases y Documentos EPS 2020/2020/Bases_EPS2020_continuidad/01_Vivos_continuidad/MODULO_Entrevistado_VIVOS_in.dta",149,1546588,FALSE,FALSE,FALSE,TRUE,FALSE,FALSE
"_eps/Bases y Documentos EPS 2020/2020/Bases_EPS2020_continuidad/01_Vivos_continuidad/MODULO_Historia Laboral_VIVOS_in.dta",35,936373,FALSE,FALSE,FALSE,FALSE,FALSE,FALSE
"_eps/Bases y Documentos EPS 2020/2020/Bases_EPS2020_continuidad/01_Vivos_continuidad/MODULO_Hogar_VIVOS_in.dta",7,237877,FALSE,FALSE,FALSE,FALSE,FALSE,FALSE
"_eps/Bases y Documentos EPS 2020/2020/Bases_EPS2020_continuidad/02_Fallecidos_continuidad/MODULO_Entrevistado_FALL_in.dta",47,46795,FALSE,FALSE,FALSE,FALSE,FALSE,FALSE
"_eps/Bases y Documentos EPS 2020/2020/Bases_EPS2020_continuidad/02_Fallecidos_continuidad/MODULO_Historia Laboral_FALL_in.dta",32,138183,FALSE,FALSE,FALSE,FALSE,FALSE,FALSE
"_eps/Bases y Documentos EPS 2020/2020/Bases_EPS2020_continuidad/02_Fallecidos_continuidad/MODULO_Hogar_FALL_in.dta",4,7204,FALSE,FALSE,FALSE,FALSE,FALSE,FALSE
"_eps/Bases y Documentos EPS 2020/2020/Bases_EPS2020_continuidad/03_Impedidos_continuidad/MODULO_Entrevistado_IMPED_in.dta",75,74590,FALSE,FALSE,FALSE,FALSE,FALSE,FALSE
"_eps/Bases y Documentos EPS 2020/2020/Bases_EPS2020_continuidad/03_Impedidos_continuidad/MODULO_Historia Laboral_IMPED_in.dta",31,142200,FALSE,FALSE,FALSE,FALSE,FALSE,FALSE
"_eps/Bases y Documentos EPS 2020/2020/Bases_EPS2020_continuidad/03_Impedidos_continuidad/MODULO_Hogar_IMPED_in.dta",4,9532,FALSE,FALSE,FALSE,FALSE,FALSE,FALSE
"_eps/Bases y Documentos EPS 2020/2020/Bases_EPS2020_presencial/01_Vivos presencial/MODULO_A_Carreras_in.dta",22,55275,FALSE,FALSE,FALSE,FALSE,FALSE,FALSE
"_eps/Bases y Documentos EPS 2020/2020/Bases_EPS2020_presencial/01_Vivos presencial/MODULO_A_Entrevistado_in.dta",22,361593,FALSE,FALSE,FALSE,FALSE,FALSE,FALSE
"_eps/Bases y Documentos EPS 2020/2020/Bases_EPS2020_presencial/01_Vivos presencial/MODULO_B_Historia_Laboral_antes_2016_in.dta",39,1106231,FALSE,FALSE,FALSE,FALSE,FALSE,FALSE
"_eps/Bases y Documentos EPS 2020/2020/Bases_EPS2020_presencial/01_Vivos presencial/MODULO_B_Historia_Laboral_in.dta",48,2182336,FALSE,FALSE,FALSE,FALSE,FALSE,FALSE
"_eps/Bases y Documentos EPS 2020/2020/Bases_EPS2020_presencial/01_Vivos presencial/MODULO_B_Situacion_Actual_in.dta",54,1074650,FALSE,FALSE,FALSE,FALSE,FALSE,FALSE
"_eps/Bases y Documentos EPS 2020/2020/Bases_EPS2020_presencial/01_Vivos presencial/MODULO_C_Entrevistado_in.dta",179,3164987,FALSE,FALSE,FALSE,FALSE,FALSE,FALSE
"_eps/Bases y Documentos EPS 2020/2020/Bases_EPS2020_presencial/01_Vivos presencial/MODULO_D_Entrevistado_in.dta",174,3826771,FALSE,FALSE,FALSE,FALSE,FALSE,FALSE
"_eps/Bases y Documentos EPS 2020/2020/Bases_EPS2020_presencial/01_Vivos presencial/MODULO_E_Entrevistado_in.dta",233,2957394,FALSE,FALSE,FALSE,FALSE,FALSE,FALSE
"_eps/Bases y Documentos EPS 2020/2020/Bases_EPS2020_presencial/01_Vivos presencial/MODULO_F_Entrevistado_in.dta",244,3082800,TRUE,TRUE,TRUE,FALSE,FALSE,FALSE
"_eps/Bases y Documentos EPS 2020/2020/Bases_EPS2020_presencial/01_Vivos presencial/MODULO_G_Entrevistado_in.dta",28,1814310,FALSE,FALSE,FALSE,FALSE,FALSE,FALSE
"_eps/Bases y Documentos EPS 2020/2020/Bases_EPS2020_presencial/01_Vivos presencial/MODULO_Hogar_in.dta",38,1359396,FALSE,FALSE,FALSE,FALSE,FALSE,FALSE
"_eps/Bases y Documentos EPS 2020/2020/Bases_EPS2020_presencial/01_Vivos presencial/MODULO_I_Entrevistado_in.dta",13,214522,FALSE,FALSE,FALSE,FALSE,FALSE,FALSE
"_eps/Bases y Documentos EPS 2020/2020/Bases_EPS2020_presencial/01_Vivos presencial/MODULO_I_Hijos_in.dta",9,19768,FALSE,FALSE,FALSE,FALSE,FALSE,FALSE
"_eps/Bases y Documentos EPS 2020/2020/Bases_EPS2020_presencial/01_Vivos presencial/MODULO_I_Parejas_in.dta",9,19485,FALSE,FALSE,FALSE,FALSE,FALSE,FALSE
"_eps/Bases y Documentos EPS 2020/2020/Bases_EPS2020_presencial/01_Vivos presencial/MODULO_J_Entrevistado_in.dta",32,329141,FALSE,FALSE,FALSE,FALSE,FALSE,FALSE
"_eps/Bases y Documentos EPS 2020/2020/Bases_EPS2020_presencial/01_Vivos presencial/MODULO_Q_Entrevistado_in.dta",26,279718,FALSE,FALSE,FALSE,FALSE,FALSE,FALSE
"_eps/Bases y Documentos EPS 2020/2020/Bases_EPS2020_presencial/02_Fallecidos presencial/MODULO_M_Historia_Laboral_in.dta",21,155777,FALSE,FALSE,FALSE,FALSE,FALSE,FALSE
"_eps/Bases y Documentos EPS 2020/2020/Bases_EPS2020_presencial/02_Fallecidos presencial/MODULO_M_in.dta",136,185581,FALSE,FALSE,FALSE,FALSE,FALSE,FALSE
"_eps/Bases y Documentos EPS 2020/2020/Bases_EPS2020_presencial/03_Impedidos presencial/MODULO_P_Historia_Laboral_in.dta",14,132176,FALSE,FALSE,FALSE,FALSE,FALSE,FALSE
"_eps/Bases y Documentos EPS 2020/2020/Bases_EPS2020_presencial/03_Impedidos presencial/MODULO_P_in.dta",119,171555,FALSE,FALSE,FALSE,FALSE,FALSE,FALSE
"_eps/Bases y Documentos EPS 2020/2020/Bases_EPS2020_reentrevista/01_Vivos reentrevista/MODULO_Entrevistado_VIVOS_in.dta",100,364886,FALSE,FALSE,FALSE,TRUE,FALSE,FALSE
"_eps/Bases y Documentos EPS 2020/2020/Bases_EPS2020_reentrevista/01_Vivos reentrevista/MODULO_Historia Laboral_VIVOS_in.dta",36,308842,FALSE,FALSE,FALSE,FALSE,FALSE,FALSE
"_eps/Bases y Documentos EPS 2020/2020/Bases_EPS2020_reentrevista/01_Vivos reentrevista/MODULO_Hogar_VIVOS_in.dta",7,86198,FALSE,FALSE,FALSE,FALSE,FALSE,FALSE
"_eps/Bases y Documentos EPS 2020/2020/Bases_EPS2020_reentrevista/02_Fallecidos reentrevista/MODULO_Entrevistado_FALL_in.dta",47,37057,FALSE,FALSE,FALSE,FALSE,FALSE,FALSE
"_eps/Bases y Documentos EPS 2020/2020/Bases_EPS2020_reentrevista/02_Fallecidos reentrevista/MODULO_Historia Laboral_FALL_in.dta",32,127420,FALSE,FALSE,FALSE,FALSE,FALSE,FALSE
"_eps/Bases y Documentos EPS 2020/2020/Bases_EPS2020_reentrevista/02_Fallecidos reentrevista/MODULO_Hogar_FALL_in.dta",4,5197,FALSE,FALSE,FALSE,FALSE,FALSE,FALSE
"_eps/Bases y Documentos EPS 2020/2020/Bases_EPS2020_reentrevista/03_Impedidos reentrevista/MODULO_Entrevistado_IMPED_in.dta",65,60343,FALSE,FALSE,FALSE,FALSE,FALSE,FALSE
"_eps/Bases y Documentos EPS 2020/2020/Bases_EPS2020_reentrevista/03_Impedidos reentrevista/MODULO_Historia Laboral_IMPED_in.dta",31,134732,FALSE,FALSE,FALSE,FALSE,FALSE,FALSE
"_eps/Bases y Documentos EPS 2020/2020/Bases_EPS2020_reentrevista/03_Impedidos reentrevista/MODULO_Hogar_IMPED_in.dta",4,9421,FALSE,FALSE,FALSE,FALSE,FALSE,FALSE
"_eps/Bases y Documentos EPS 2020/Factores de Expansion EPS 2020/Factor_Panel_EPS_CONT_2002_in.dta",4,34182,FALSE,FALSE,FALSE,FALSE,TRUE,TRUE
"_eps/Bases y Documentos EPS 2020/Factores de Expansion EPS 2020/Factor_Panel_EPS_CONT_2004_in.dta",4,40534,FALSE,FALSE,FALSE,FALSE,TRUE,TRUE
"_eps/Bases y Documentos EPS 2020/Factores de Expansion EPS 2020/Factor_Panel_EPS_CONT_2015_in.dta",4,74182,FALSE,FALSE,FALSE,FALSE,TRUE,TRUE
"_eps/Bases y Documentos EPS 2020/Factores de Expansion EPS 2020/Factor_Panel_EPS_PRES_2002_in.dta",4,52934,FALSE,FALSE,FALSE,FALSE,TRUE,TRUE
"_eps/Bases y Documentos EPS 2020/Factores de Expansion EPS 2020/Factor_Panel_EPS_PRES_2004_in.dta",4,64310,FALSE,FALSE,FALSE,FALSE,TRUE,TRUE
"_eps/Bases y Documentos EPS 2020/Factores de Expansion EPS 2020/Factor_Panel_EPS_PRES_2015_in.dta",4,113558,FALSE,FALSE,FALSE,FALSE,TRUE,TRUE
"_eps/Bases y Documentos EPS 2020/Factores de Expansion EPS 2020/Factor_Panel_EPS_RE_in.dta",4,46326,FALSE,FALSE,FALSE,FALSE,TRUE,TRUE
"_eps/Bases y Documentos EPS 2020/Factores de Expansion EPS 2020/Factor_XS_EPS_CONT_in.dta",4,93510,FALSE,FALSE,FALSE,FALSE,TRUE,TRUE
"_eps/Bases y Documentos EPS 2020/Factores de Expansion EPS 2020/Factor_XS_EPS_PRES_in.dta",4,137814,FALSE,FALSE,FALSE,FALSE,TRUE,TRUE
"_eps/Bases y Documentos EPS 2020/Factores de Expansion EPS 2020/Factor_XS_EPS_RE_in.dta",4,46326,FALSE,FALSE,FALSE,FALSE,TRUE,TRUE
