"sex","history","n_valid","n_eff","coverage","estimate","se","lower","upper","df","flag"
"Men","No use at two endpoints; intermediate unknown",1079,819.154391669732,1,0.115245679576571,0.01630722203014,0.0865178351416321,0.151925998839621,74,"ok"
"Men","Current use",1079,819.154391669732,1,0.354333321514704,0.0209068626118809,0.313860738586747,0.397005140896315,74,"ok"
"Men","No use at three interviews",1079,819.154391669732,1,0.195868164030117,0.0153831143284331,0.167015340879907,0.228339116751562,74,"ok"
"Men","Current abstainer; prior use observed",1079,819.154391669732,1,0.293418763173415,0.0194652784011165,0.256180994985314,0.333641398849302,74,"ok"
"Men","History unresolved",1079,819.154391669732,1,0.0411340717051936,0.00905809896870875,0.0264288750944202,0.0634877719650175,74,"ok"
"Women","No use at two endpoints; intermediate unknown",1573,1067.13716273425,1,0.18512745324441,0.0192196883587195,0.149855369249049,0.226489874660004,76,"ok"
"Women","Current use",1573,1067.13716273425,1,0.175602204840992,0.0129158636758914,0.151340382480812,0.202823950779656,76,"ok"
"Women","No use at three interviews",1573,1067.13716273425,1,0.393029459982435,0.0208328154349224,0.352395700896626,0.43519994736538,76,"ok"
"Women","Current abstainer; prior use observed",1573,1067.13716273425,1,0.200269266421942,0.013221876706885,0.175226170902477,0.227902499893096,76,"ok"
"Women","History unresolved",1573,1067.13716273425,1,0.0459716155102211,0.00749747551854769,0.033145479482091,0.0634353755378169,76,"ok"
