"wave","age_group","sex","education","outcome","n_valid","n_eff","coverage","estimate","se","lower","upper","df","flag","bound_lower","bound_upper","precision"
"VI","45-59","Men","All","Declared current use",1761,905.55227804983,0.992489288555119,0.543513202440123,0.0165758980069752,0.510863223928188,0.575793494884244,1760,"ok",0.539431031610113,0.546941743054993,"weights_only_working_CI"
"VI","45-59","Men","All","Current abstainer (history unknown)",1708,872.066465629791,0.966407666042502,0.468806563590609,0.0169051157268187,0.435835269413613,0.502052470718481,1707,"ok",0.453058256945007,0.486650590902504,"weights_only_working_CI"
"VI","45-59","Men","All","Occasional (frequency proxy)",1708,872.066465629791,0.966407666042502,0.162095962792423,0.0115613010993182,0.140678149349288,0.186068513694483,1707,"ok",0.156650781077138,0.190243115034636,"weights_only_working_CI"
"VI","45-59","Men","All","Moderate",1708,872.066465629791,0.966407666042502,0.342413264122455,0.0164078603639488,0.3109927783424,0.375279206362399,1707,"ok",0.330910803402576,0.364503137360074,"weights_only_working_CI"
"VI","45-59","Men","All","Heavy",1708,872.066465629791,0.966407666042502,0.0266842094945127,0.00495437501486999,0.0185096679487302,0.0383279453842738,1707,"ok",0.0257878246177812,0.0593801585752787,"weights_only_working_CI"
"VI","45-59","Women","All","Declared current use",2069,1219.80177891715,0.99478569326683,0.243420744418563,0.0120896043781581,0.22050041075042,0.267904739580756,2068,"ok",0.242151473991948,0.247365780725118,"weights_only_working_CI"
"VI","45-59","Women","All","Current abstainer (history unknown)",2038,1197.13594485582,0.980372953652748,0.767701940848797,0.0120504464717407,0.743237367293442,0.790492583536624,2037,"ok",0.752634219274882,0.772261265622134,"weights_only_working_CI"
"VI","45-59","Women","All","Occasional (frequency proxy)",2038,1197.13594485582,0.980372953652748,0.112155367536556,0.00860169687979256,0.0963617818113443,0.130164635910774,2037,"ok",0.109954088939823,0.129581135287075,"weights_only_working_CI"
"VI","45-59","Women","All","Moderate",2038,1197.13594485582,0.980372953652748,0.116093584141728,0.00942055793444835,0.0988565817960652,0.135882895692333,2037,"ok",0.11381500998516,0.133442056332412,"weights_only_working_CI"
"VI","45-59","Women","All","Heavy",2038,1197.13594485582,0.980372953652748,0.00404910747291932,0.00206064473660511,0.00149027400047683,0.0109533186639282,2037,"ok",0.00396963545288332,0.0235966818001357,"weights_only_working_CI"
"VI","60-65","Women","All","Declared current use",660,436.411639819519,0.996451942096155,0.214054820267883,0.0218925607501611,0.174196138323714,0.260160525274408,659,"ok",0.213295341370976,0.216843399274821,"weights_only_working_CI"
"VI","60-65","Women","All","Current abstainer (history unknown)",650,430.041268959461,0.977278003116734,0.801365218727462,0.0216237566659072,0.755487926606209,0.84045249853585,649,"ok",0.783156600725179,0.805878597608445,"weights_only_working_CI"
"VI","60-65","Women","All","Occasional (frequency proxy)",650,430.041268959461,0.977278003116734,0.0983933501811078,0.0177543663091225,0.0686128790903195,0.139168244265229,649,"ok",0.0961576567849585,0.118879653668225,"weights_only_working_CI"
"VI","60-65","Women","All","Moderate",650,430.041268959461,0.977278003116734,0.092439260515359,0.0140872838994431,0.0682469401467631,0.124065442336606,649,"ok",0.0903388559260376,0.113060852809304,"weights_only_working_CI"
"VI","60-65","Women","All","Heavy",650,430.041268959461,0.977278003116734,0.00780217057607079,0.00629019301984465,0.00159216770137699,0.0373277621207021,649,"sparse_or_low_df",0.0076248896805586,0.030346886563825,"weights_only_working_CI"
"VI","77+","Women","All","Declared current use",540,314.869898722425,0.995409725855906,0.135753089805562,0.0187667362108091,0.102916144198596,0.17699995916085,539,"ok",0.135129945907447,0.139720220051541,"weights_only_working_CI"
"VI","77+","Women","All","Current abstainer (history unknown)",538,313.551235415494,0.992775206537,0.866540355040985,0.0187431310139805,0.825251452913184,0.899264505897663,537,"ok",0.860279779948459,0.867504573411459,"weights_only_working_CI"
"VI","77+","Women","All","Occasional (frequency proxy)",538,313.551235415494,0.992775206537,0.0825402125646746,0.0148457222204372,0.0576804576582915,0.116786415822981,537,"ok",0.0819438765765028,0.0891686700395025,"weights_only_working_CI"
"VI","77+","Women","All","Moderate",538,313.551235415494,0.992775206537,0.0509194323943404,0.0124646765689865,0.0313127688367096,0.0817666336665118,537,"ok",0.0505515500120381,0.0577763434750378,"weights_only_working_CI"
"VI","77+","Women","All","Heavy",538,313.551235415494,0.992775206537,0,0,,,537,"boundary_no_CI",0,0.00722479346299974,"weights_only_working_CI"
"VI","30-44","Men","All","Declared current use",1124,478.348384872325,0.996408294273451,0.601022270096055,0.0220758895892371,0.557024334328999,0.643447440988282,1123,"ok",0.598863574966768,0.602455280693317,"weights_only_working_CI"
"VI","30-44","Men","All","Current abstainer (history unknown)",1094,470.928976429371,0.95888644085967,0.414589989352934,0.0224967277712875,0.371241131530545,0.459303027089007,1093,"ok",0.397544719306683,0.438658278447013,"weights_only_working_CI"
"VI","30-44","Men","All","Occasional (frequency proxy)",1094,470.928976429371,0.95888644085967,0.160058889522314,0.0203450842854453,0.124039154505315,0.204101241646769,1093,"ok",0.153478298902003,0.194591858042333,"weights_only_working_CI"
"VI","30-44","Men","All","Moderate",1094,470.928976429371,0.95888644085967,0.41003273126372,0.0222062058569894,0.367269631950521,0.454200729162454,1093,"ok",0.393174826317438,0.434288385457768,"weights_only_working_CI"
"VI","30-44","Men","All","Heavy",1094,470.928976429371,0.95888644085967,0.0153183898610316,0.00355737651475434,0.00969869145140522,0.0241150091353624,1093,"ok",0.0146885963335454,0.0558021554738755,"weights_only_working_CI"
"VI","77+","Men","All","Declared current use",440,254.580320111753,0.99345106249774,0.303087589666913,0.029987647954673,0.247561001581318,0.3650265978544,439,"ok",0.301102687984474,0.307651625486734,"weights_only_working_CI"
"VI","77+","Men","All","Current abstainer (history unknown)",433,249.54763334195,0.976976175399605,0.708664542643611,0.0301228105751751,0.646145908758904,0.764168924659102,432,"ok",0.692348374513266,0.715372199113661,"weights_only_working_CI"
"VI","77+","Men","All","Occasional (frequency proxy)",433,249.54763334195,0.976976175399605,0.123629849615429,0.0208347578047881,0.0881484409905414,0.170719291602908,432,"ok",0.12078341764251,0.143807242242904,"weights_only_working_CI"
"VI","77+","Men","All","Moderate",433,249.54763334195,0.976976175399605,0.164211954938002,0.0260778289519875,0.119132491614787,0.222049406045808,432,"ok",0.160431167690221,0.183454992290616,"weights_only_working_CI"
"VI","77+","Men","All","Heavy",433,249.54763334195,0.976976175399605,0.00349365280295829,0.00348854645714035,0.000488937852566815,0.024510704798085,432,"sparse_or_low_df",0.0034132155536083,0.0264370401540029,"weights_only_working_CI"
"VI","30-44","Women","All","Declared current use",1339,697.020951701054,0.993409268767442,0.316739870954724,0.0174830843648286,0.283478227126953,0.351987048296587,1338,"ok",0.314652323594626,0.321243054827185,"weights_only_working_CI"
"VI","30-44","Women","All","Current abstainer (history unknown)",1323,688.977874558635,0.984378983497395,0.689528074605233,0.0175091662403395,0.654180176607676,0.72279392127194,1322,"ok",0.678756945172815,0.69437796167542,"weights_only_working_CI"
"VI","30-44","Women","All","Occasional (frequency proxy)",1323,688.977874558635,0.984378983497395,0.133272760122041,0.0120307978330182,0.111387207184543,0.158690500956092,1322,"ok",0.131190904136827,0.146811920639431,"weights_only_working_CI"
"VI","30-44","Women","All","Moderate",1323,688.977874558635,0.984378983497395,0.169012755144411,0.0148012245862437,0.141926221676235,0.200063458772064,1322,"ok",0.16637260410715,0.181993620609754,"weights_only_working_CI"
"VI","30-44","Women","All","Heavy",1323,688.977874558635,0.984378983497395,0.00818641012831507,0.00301801694126475,0.00396508410984361,0.0168259446356706,1322,"ok",0.00805853008060357,0.0236795465832081,"weights_only_working_CI"
"VI","71-76","Women","All","Declared current use",406,242.067735163769,0.997155155428887,0.156515192968547,0.0242465984327143,0.114514280320386,0.210263006059236,405,"ok",0.156069931571533,0.158914776142647,"weights_only_working_CI"
"VI","71-76","Women","All","Current abstainer (history unknown)",405,241.353494994887,0.995236892191439,0.845110576644064,0.0242430476107192,0.791282077039913,0.887038487165703,404,"ok",0.841085223857353,0.845848331665914,"weights_only_working_CI"
"VI","71-76","Women","All","Occasional (frequency proxy)",405,241.353494994887,0.995236892191439,0.10620730428235,0.0218246383633742,0.0703027400066499,0.157345404199092,404,"ok",0.105701427441997,0.110464535250558,"weights_only_working_CI"
"VI","71-76","Women","All","Moderate",405,241.353494994887,0.995236892191439,0.0486821190735858,0.0124935987050678,0.0292308737545385,0.080010105736785,404,"ok",0.0484502408920892,0.05321334870065,"weights_only_working_CI"
"VI","71-76","Women","All","Heavy",405,241.353494994887,0.995236892191439,0,0,,,404,"boundary_no_CI",0,0.00476310780856083,"weights_only_working_CI"
"VI","66-70","Men","All","Declared current use",415,232.900851402523,0.996175605550856,0.427915875865122,0.0327963224903478,0.365005190731134,0.493247010013887,414,"ok",0.426279356764763,0.430103751213907,"weights_only_working_CI"
"VI","66-70","Men","All","Current abstainer (history unknown)",403,225.186875012387,0.974550532904734,0.584778551285039,0.0333690382906995,0.518056052478999,0.648530672143741,402,"ok",0.569896248786093,0.595345715881359,"weights_only_working_CI"
"VI","66-70","Men","All","Occasional (frequency proxy)",403,225.186875012387,0.974550532904734,0.142010939590481,0.020938908103958,0.105597148330698,0.188337417595004,402,"ok",0.138396836856205,0.163846303951471,"weights_only_working_CI"
"VI","66-70","Men","All","Moderate",403,225.186875012387,0.974550532904734,0.254938807838768,0.0313397734533321,0.198324154846759,0.321238908044232,402,"ok",0.248450751037369,0.273900218132635,"weights_only_working_CI"
"VI","66-70","Men","All","Heavy",403,225.186875012387,0.974550532904734,0.0182717012857111,0.0120449116123819,0.00494700959762232,0.0651368638221032,402,"ok",0.0178066962250659,0.043256163320332,"weights_only_working_CI"
"VI","60-65","Men","All","Declared current use",611,380.170069685482,0.997011317905365,0.492921702874131,0.0256010851850055,0.44288458106623,0.543101032343815,610,"ok",0.491448516606695,0.494437198701329,"weights_only_working_CI"
"VI","60-65","Men","All","Current abstainer (history unknown)",596,368.601361627884,0.970227675896447,0.521076458503983,0.0258981671875029,0.470170943431625,0.571547991961637,595,"ok",0.505562801298671,0.535335125402223,"weights_only_working_CI"
"VI","60-65","Men","All","Occasional (frequency proxy)",596,368.601361627884,0.970227675896447,0.133279032768497,0.0150454790484882,0.10639832795466,0.16569171233543,595,"ok",0.129311006208705,0.159083330312258,"weights_only_working_CI"
"VI","60-65","Men","All","Moderate",596,368.601361627884,0.970227675896447,0.319146070373628,0.0242660871100775,0.273482649917937,0.368566005657264,595,"ok",0.309644350130089,0.339416674233642,"weights_only_working_CI"
"VI","60-65","Men","All","Heavy",596,368.601361627884,0.970227675896447,0.0264984383538924,0.00642861648308173,0.0164111604513169,0.042517938762567,595,"ok",0.0257095182589823,0.0554818423625349,"weights_only_working_CI"
"VI","18-29","Women","All","Declared current use",3406,2894.25266408171,0.997486290094803,0.360909214069469,0.00911372049797584,0.343239533867404,0.378963645790799,3405,"ok",0.360001993003186,0.362515702908383,"weights_only_working_CI"
"VI","18-29","Women","All","Current abstainer (history unknown)",3325,2824.23465194093,0.974840378725909,0.653937107041865,0.00917265407584573,0.635739440670369,0.671695137862111,3324,"ok",0.637484297091617,0.662643918365708,"weights_only_working_CI"
"VI","18-29","Women","All","Occasional (frequency proxy)",3325,2824.23465194093,0.974840378725909,0.143049504909889,0.00652205268198237,0.130731687422115,0.156319222412173,3324,"ok",0.13945043354291,0.164610054817001,"weights_only_working_CI"
"VI","18-29","Women","All","Moderate",3325,2824.23465194093,0.974840378725909,0.192521124304996,0.0079795847191449,0.17735775766234,0.208652081208037,3324,"ok",0.18767736573022,0.212836987004311,"weights_only_working_CI"
"VI","18-29","Women","All","Heavy",3325,2824.23465194093,0.974840378725909,0.0104922637432504,0.00196673936836728,0.00726072152224326,0.0151401393546191,3324,"ok",0.0102282823611624,0.0353879036352531,"weights_only_working_CI"
"VI","66-70","Women","All","Declared current use",458,261.463037277736,1,0.173982330513402,0.0212224704164429,0.136123767125985,0.219692393270673,457,"ok",0.173982330513402,0.173982330513402,"weights_only_working_CI"
"VI","66-70","Women","All","Current abstainer (history unknown)",453,258.557260776481,0.992814702283036,0.831995807059587,0.0211310399979373,0.786296707066167,0.869543813666467,452,"ok",0.826017669486598,0.833202967203562,"weights_only_working_CI"
"VI","66-70","Women","All","Occasional (frequency proxy)",453,258.557260776481,0.992814702283036,0.065381557455808,0.0125500270120019,0.0446376328190947,0.0948088945054339,452,"ok",0.0649117715002892,0.0720970692172528,"weights_only_working_CI"
"VI","66-70","Women","All","Moderate",453,258.557260776481,0.992814702283036,0.101559434597113,0.0177376474829542,0.0716212703651477,0.142096518042199,452,"ok",0.100829699823566,0.108014997540529,"weights_only_working_CI"
"VI","66-70","Women","All","Heavy",453,258.557260776481,0.992814702283036,0.00106320088749287,0.00106415758800361,0.000148541805044253,0.00756732659540595,452,"sparse_or_low_df",0.00105556147258329,0.00824085918954684,"weights_only_working_CI"
"VI","71-76","Men","All","Declared current use",408,267.891209064999,0.997875787764577,0.388186375005279,0.0308580186350316,0.329519453245553,0.450283585554926,407,"ok",0.387361784757868,0.389485996993291,"weights_only_working_CI"
"VI","71-76","Men","All","Current abstainer (history unknown)",395,258.116310029652,0.968675702955015,0.630256339809383,0.0314441181736124,0.566610671089824,0.689674368511654,394,"ok",0.610514003006709,0.641838300051695,"weights_only_working_CI"
"VI","71-76","Men","All","Occasional (frequency proxy)",395,258.116310029652,0.968675702955015,0.0960819531827213,0.0202973006762378,0.0629142952218663,0.144047343208379,394,"ok",0.0930722535405633,0.124396550585549,"weights_only_working_CI"
"VI","71-76","Men","All","Moderate",395,258.116310029652,0.968675702955015,0.266198169239352,0.0295090726602592,0.212319953879313,0.328054312097392,394,"ok",0.257859698713267,0.289183995758252,"weights_only_working_CI"
"VI","71-76","Men","All","Heavy",395,258.116310029652,0.968675702955015,0.00746353776854364,0.00460715551076438,0.00220911654021783,0.0249037596150738,394,"sparse_or_low_df",0.00722974769447531,0.0385540447394608,"weights_only_working_CI"
"VI","18-29","Men","All","Declared current use",3196,2407.8848913512,0.995736392204878,0.59452855604307,0.00975884600222134,0.575259861042897,0.613510403712454,3195,"ok",0.591993719457102,0.596257327252224,"weights_only_working_CI"
"VI","18-29","Men","All","Current abstainer (history unknown)",3083,2320.88282578072,0.960558304834308,0.420320839157619,0.010026923405135,0.4007968268738,0.440097388858386,3082,"ok",0.403742672747776,0.443184367913468,"weights_only_working_CI"
"VI","18-29","Men","All","Occasional (frequency proxy)",3083,2320.88282578072,0.960558304834308,0.155483954981244,0.00710358674651038,0.142058897182306,0.169926441768846,3082,"ok",0.149351404225717,0.188793099391409,"weights_only_working_CI"
"VI","18-29","Men","All","Moderate",3083,2320.88282578072,0.960558304834308,0.391560561160891,0.010525916501519,0.371126770652616,0.412381657002712,3082,"ok",0.376116748868676,0.415558444034368,"weights_only_working_CI"
"VI","18-29","Men","All","Heavy",3083,2320.88282578072,0.960558304834308,0.0326346447002467,0.00359556760382666,0.026274867164667,0.040469814199297,3082,"ok",0.0313474789921389,0.0707891741578309,"weights_only_working_CI"
"VII_presencial","60-65","Women","All","Declared current use",495,300.259846046599,0.998527838598224,0.205072016605556,0.0268297288926238,0.156691054607589,0.263719854000416,71,"ok",0.204770117498125,0.206242278899901,"PSU_strata_lonely_adjust_working_CI"
"VII_presencial","60-65","Women","All","Current abstainer (history unknown)",485,294.666139994612,0.986491709974776,0.804626854006097,0.0274373800805289,0.744112408065134,0.853645071951922,71,"ok",0.793757721100099,0.807266011125323,"PSU_strata_lonely_adjust_working_CI"
"VII_presencial","60-65","Women","All","Occasional (frequency proxy)",485,294.666139994612,0.986491709974776,0.0840759246195942,0.0148931967892867,0.0587541732635013,0.118931856378018,71,"ok",0.0829402026456939,0.096448492670918,"PSU_strata_lonely_adjust_working_CI"
"VII_presencial","60-65","Women","All","Moderate",485,294.666139994612,0.986491709974776,0.111297221374309,0.0200176157341832,0.0771940612969243,0.157888854385321,71,"ok",0.109793786228983,0.123302076254207,"PSU_strata_lonely_adjust_working_CI"
"VII_presencial","60-65","Women","All","Heavy",485,294.666139994612,0.986491709974776,0,0,,,71,"boundary_no_CI",0,0.0135082900252241,"PSU_strata_lonely_adjust_working_CI"
"VII_presencial","66-70","Women","All","Declared current use",311,163.832843284106,1,0.269953890196219,0.0466198385898433,0.18726564687674,0.372422798225398,61,"ok",0.269953890196219,0.269953890196219,"PSU_strata_lonely_adjust_working_CI"
"VII_presencial","66-70","Women","All","Current abstainer (history unknown)",306,200.994424029097,0.945734434211744,0.771935633719696,0.0380512147817385,0.687172627149082,0.839108868416939,60,"ok",0.730046109803781,0.784311675592036,"PSU_strata_lonely_adjust_working_CI"
"VII_presencial","66-70","Women","All","Occasional (frequency proxy)",306,200.994424029097,0.945734434211744,0.103747910866167,0.0304220405191385,0.0567485300608943,0.182155390597978,60,"ok",0.0981179717836646,0.15238353757192,"PSU_strata_lonely_adjust_working_CI"
"VII_presencial","66-70","Women","All","Moderate",306,200.994424029097,0.945734434211744,0.122272617696314,0.0230917880409888,0.0830603574047838,0.176434738748931,60,"ok",0.115637424916612,0.169902990704868,"PSU_strata_lonely_adjust_working_CI"
"VII_presencial","66-70","Women","All","Heavy",306,200.994424029097,0.945734434211744,0.00204383771782399,0.00204663600666729,0.000275122528822506,0.0150125658490587,60,"sparse_or_low_df",0.00193292770768689,0.0561984934959425,"PSU_strata_lonely_adjust_working_CI"
"VII_presencial","66-70","Men","All","Declared current use",253,146.693900549068,1,0.473611792324715,0.0425942147012352,0.390056921113821,0.558671209312681,63,"ok",0.473611792324715,0.473611792324715,"PSU_strata_lonely_adjust_working_CI"
"VII_presencial","66-70","Men","All","Current abstainer (history unknown)",245,143.753853646866,0.949557965638044,0.554350789234425,0.0443247305930332,0.464988744105357,0.640332068904443,63,"ok",0.526388207675285,0.576830242037241,"PSU_strata_lonely_adjust_working_CI"
"VII_presencial","66-70","Men","All","Occasional (frequency proxy)",245,143.753853646866,0.949557965638044,0.135527262963565,0.0329473212426779,0.0820423999406871,0.215687172101479,63,"ok",0.128690992108175,0.17913302647013,"PSU_strata_lonely_adjust_working_CI"
"VII_presencial","66-70","Men","All","Moderate",245,143.753853646866,0.949557965638044,0.301506793073756,0.0382077387417272,0.230999229756927,0.382821793888942,63,"ok",0.286298177057166,0.336740211419122,"PSU_strata_lonely_adjust_working_CI"
"VII_presencial","66-70","Men","All","Heavy",245,143.753853646866,0.949557965638044,0.00861515472825425,0.00704907449772924,0.00166732337359011,0.0432604266014586,63,"sparse_or_low_df",0.00818058879741808,0.0586226231593737,"PSU_strata_lonely_adjust_working_CI"
"VII_presencial","60-65","Men","All","Declared current use",364,219.378920755369,1,0.544864971845359,0.0388020761678637,0.466934633447632,0.620658112481824,66,"ok",0.544864971845359,0.544864971845359,"PSU_strata_lonely_adjust_working_CI"
"VII_presencial","60-65","Men","All","Current abstainer (history unknown)",343,213.397002388397,0.921165086992429,0.494086276804781,0.0407966053614925,0.413430033307578,0.575051513070338,63,"ok",0.455135028154642,0.533969941162212,"PSU_strata_lonely_adjust_working_CI"
"VII_presencial","60-65","Men","All","Occasional (frequency proxy)",343,213.397002388397,0.921165086992429,0.14309586946785,0.0325145442256212,0.0895041945325134,0.220987896979683,63,"ok",0.131814919046609,0.21064983205418,"PSU_strata_lonely_adjust_working_CI"
"VII_presencial","60-65","Men","All","Moderate",343,213.397002388397,0.921165086992429,0.354131277503507,0.0358963711723732,0.286068815122729,0.428664269807812,63,"ok",0.326213369048258,0.405048282055829,"PSU_strata_lonely_adjust_working_CI"
"VII_presencial","60-65","Men","All","Heavy",343,213.397002388397,0.921165086992429,0.00868657622386193,0.00419202669471389,0.00330148791704519,0.0226556741204809,63,"ok",0.00800177074292015,0.0868366837504907,"PSU_strata_lonely_adjust_working_CI"
"VII_presencial","45-59","Men","All","Declared current use",914,535.854735756286,1,0.544345241306944,0.0257175171013308,0.492750766428382,0.595005098837505,69,"ok",0.544345241306944,0.544345241306944,"PSU_strata_lonely_adjust_working_CI"
"VII_presencial","45-59","Men","All","Current abstainer (history unknown)",853,498.126226754552,0.926939957834905,0.491568795628736,0.0262594009752427,0.439451870982215,0.543869623970939,68,"ok",0.455654758693056,0.528714800858151,"PSU_strata_lonely_adjust_working_CI"
"VII_presencial","45-59","Men","All","Occasional (frequency proxy)",853,498.126226754552,0.926939957834905,0.117004919154325,0.0217618897358672,0.0800680504614214,0.167871997642461,68,"ok",0.108456534827387,0.181516576992482,"PSU_strata_lonely_adjust_working_CI"
"VII_presencial","45-59","Men","All","Moderate",853,498.126226754552,0.926939957834905,0.378833333039569,0.0223857188756264,0.335295394519522,0.42441495914007,68,"ok",0.351155753754155,0.42421579591925,"PSU_strata_lonely_adjust_working_CI"
"VII_presencial","45-59","Men","All","Heavy",853,498.126226754552,0.926939957834905,0.0125929521773694,0.00406965080174877,0.00659358249779369,0.0239195924110358,68,"ok",0.0116729105603077,0.0847329527254031,"PSU_strata_lonely_adjust_working_CI"
"VII_presencial","71-76","Women","All","Declared current use",295,157.52272878783,0.995261583745077,0.166652499987515,0.0248673652175806,0.122696211828328,0.222364845041318,65,"ok",0.165862831072651,0.170601247327574,"PSU_strata_lonely_adjust_working_CI"
"VII_presencial","71-76","Women","All","Current abstainer (history unknown)",287,151.696379093288,0.953745190666668,0.86962299866768,0.0211588959147012,0.821245802803753,0.906399823110714,64,"ok",0.829398752672426,0.875653562005758,"PSU_strata_lonely_adjust_working_CI"
"VII_presencial","71-76","Women","All","Occasional (frequency proxy)",287,151.696379093288,0.953745190666668,0.0544046994328735,0.0139640060973397,0.0323698982455846,0.0900432208136522,64,"ok",0.0518882204337687,0.0981430297671004,"PSU_strata_lonely_adjust_working_CI"
"VII_presencial","71-76","Women","All","Moderate",287,151.696379093288,0.953745190666668,0.0759723018994466,0.0186727330534921,0.0460997248000205,0.122712096017699,64,"ok",0.0724582175604734,0.118713026893805,"PSU_strata_lonely_adjust_working_CI"
"VII_presencial","71-76","Women","All","Heavy",287,151.696379093288,0.953745190666668,0,0,,,64,"boundary_no_CI",0,0.0462548093333317,"PSU_strata_lonely_adjust_working_CI"
"VII_presencial","77+","Men","All","Declared current use",244,128.794555470489,1,0.401052898762065,0.0437678656308952,0.317495233774363,0.490787745271295,62,"ok",0.401052898762065,0.401052898762065,"PSU_strata_lonely_adjust_working_CI"
"VII_presencial","77+","Men","All","Current abstainer (history unknown)",236,124.406419938881,0.978317479828131,0.612221608616415,0.044936219045536,0.519533041435681,0.697442483992372,61,"ok",0.598947101237935,0.620629621409805,"PSU_strata_lonely_adjust_working_CI"
"VII_presencial","77+","Men","All","Occasional (frequency proxy)",236,124.406419938881,0.978317479828131,0.0826066033618176,0.021179800763447,0.0489716393712544,0.136038416483578,61,"ok",0.0808154840180954,0.102498004189965,"PSU_strata_lonely_adjust_working_CI"
"VII_presencial","77+","Men","All","Moderate",236,124.406419938881,0.978317479828131,0.298276841009049,0.0420043892385658,0.221524174594391,0.388356084437512,61,"ok",0.291809447387069,0.313491967558938,"PSU_strata_lonely_adjust_working_CI"
"VII_presencial","77+","Men","All","Heavy",236,124.406419938881,0.978317479828131,0.00689494701271848,0.00409590824199604,0.00209488195239213,0.022446150361467,61,"sparse_or_low_df",0.00674544718503124,0.0284279673569005,"PSU_strata_lonely_adjust_working_CI"
"VII_presencial","77+","Women","All","Declared current use",325,181.922837856724,1,0.137515239977914,0.0239421423893234,0.0962717164430874,0.192661030073521,64,"ok",0.137515239977914,0.137515239977914,"PSU_strata_lonely_adjust_working_CI"
"VII_presencial","77+","Women","All","Current abstainer (history unknown)",323,180.703976048707,0.995459538567911,0.866418700716731,0.0240097083492544,0.810801881172893,0.9075505272281,64,"ok",0.862484760022086,0.867025221454175,"PSU_strata_lonely_adjust_working_CI"
"VII_presencial","77+","Women","All","Occasional (frequency proxy)",323,180.703976048707,0.995459538567911,0.0663047710700437,0.0180218200208308,0.0381829175525419,0.112711334244152,64,"ok",0.0660037168142367,0.0705441782463259,"PSU_strata_lonely_adjust_working_CI"
"VII_presencial","77+","Women","All","Moderate",323,180.703976048707,0.995459538567911,0.0672765282132256,0.0161220824153734,0.041385357214728,0.107548267597451,64,"ok",0.0669710617315886,0.0715115231636777,"PSU_strata_lonely_adjust_working_CI"
"VII_presencial","77+","Women","All","Heavy",323,180.703976048707,0.995459538567911,0,0,,,64,"boundary_no_CI",0,0.00454046143208914,"PSU_strata_lonely_adjust_working_CI"
"VII_presencial","45-59","Women","All","Declared current use",1293,655.771393271771,0.999647399926813,0.276003321169856,0.0193379744981363,0.239168273252104,0.316154071936451,73,"ok",0.275906002378611,0.276258602451799,"PSU_strata_lonely_adjust_working_CI"
"VII_presencial","45-59","Women","All","Current abstainer (history unknown)",1255,645.837207917983,0.966784470835565,0.74860676746565,0.0188621442923227,0.709188031442423,0.784307456270986,73,"ok",0.723741397548201,0.756956926712636,"PSU_strata_lonely_adjust_working_CI"
"VII_presencial","45-59","Women","All","Occasional (frequency proxy)",1255,645.837207917983,0.966784470835565,0.103280029395084,0.0116275965934157,0.0822984154457955,0.128859704975128,73,"ok",0.0998495285666082,0.133065057731043,"PSU_strata_lonely_adjust_working_CI"
"VII_presencial","45-59","Women","All","Moderate",1255,645.837207917983,0.966784470835565,0.143451477156859,0.0151682136484347,0.115787388792121,0.176406459928505,73,"ok",0.138686660433674,0.171902189598109,"PSU_strata_lonely_adjust_working_CI"
"VII_presencial","45-59","Women","All","Heavy",1255,645.837207917983,0.966784470835565,0.00466172598240712,0.00214944379874501,0.00185699235286782,0.011653170531517,73,"ok",0.00450688428708188,0.0377224134515168,"PSU_strata_lonely_adjust_working_CI"
"VII_presencial","71-76","Men","All","Declared current use",264,165.084887697286,1,0.504709675902987,0.0362739486115509,0.432627916832435,0.576596184403536,63,"ok",0.504709675902987,0.504709675902987,"PSU_strata_lonely_adjust_working_CI"
"VII_presencial","71-76","Men","All","Current abstainer (history unknown)",255,159.386304584351,0.964350365332047,0.51359997559235,0.0382802798429387,0.437356378882812,0.589215852383037,62,"ok",0.495290324097013,0.530939958764966,"PSU_strata_lonely_adjust_working_CI"
"VII_presencial","71-76","Men","All","Occasional (frequency proxy)",255,159.386304584351,0.964350365332047,0.129626914164723,0.022817508002797,0.0904186404293466,0.182427158811231,62,"ok",0.125005762031616,0.160655396699569,"PSU_strata_lonely_adjust_working_CI"
"VII_presencial","71-76","Men","All","Moderate",255,159.386304584351,0.964350365332047,0.346239959567698,0.0399190954508513,0.271280649250251,0.429698384507389,62,"ok",0.333896631501663,0.369546266169616,"PSU_strata_lonely_adjust_working_CI"
"VII_presencial","71-76","Men","All","Heavy",255,159.386304584351,0.964350365332047,0.0105331506752291,0.00879513210879368,0.00196648510307872,0.0543854477681466,62,"sparse_or_low_df",0.0101576477017547,0.0458072823697074,"PSU_strata_lonely_adjust_working_CI"
"VII_presencial","30-44","Men","All","Declared current use",631,204.778800433354,1,0.684549975944792,0.0310500591435311,0.619664056785214,0.7429580358714,72,"ok",0.684549975944792,0.684549975944792,"PSU_strata_lonely_adjust_working_CI"
"VII_presencial","30-44","Men","All","Current abstainer (history unknown)",579,221.757197197221,0.894011065940603,0.352848008344637,0.0293899554163007,0.296688284757322,0.413389835777545,72,"ok",0.315450024055208,0.421438958114605,"PSU_strata_lonely_adjust_working_CI"
"VII_presencial","30-44","Men","All","Occasional (frequency proxy)",579,221.757197197221,0.894011065940603,0.0925285049576922,0.018559456195292,0.0615854469030654,0.136752988638168,72,"ok",0.0827215073471168,0.188710441406514,"PSU_strata_lonely_adjust_working_CI"
"VII_presencial","30-44","Men","All","Moderate",579,221.757197197221,0.894011065940603,0.530122457319178,0.0318955305295761,0.466395526282396,0.592882084626514,72,"ok",0.473935343146971,0.579924277206367,"PSU_strata_lonely_adjust_working_CI"
"VII_presencial","30-44","Men","All","Heavy",579,221.757197197221,0.894011065940603,0.0245010293784922,0.00658114943602954,0.0142993144474357,0.0416733523250133,72,"ok",0.0219041913913079,0.127893125450705,"PSU_strata_lonely_adjust_working_CI"
"VII_presencial","30-44","Women","All","Declared current use",842,373.069902043795,0.999346929931491,0.385527754607734,0.0262198582467215,0.334735978828219,0.438941443188425,71,"ok",0.385275977970621,0.385929048039129,"PSU_strata_lonely_adjust_working_CI"
"VII_presencial","30-44","Women","All","Current abstainer (history unknown)",784,341.829142818327,0.934472274428273,0.65713126944999,0.0264857209512867,0.602559972914015,0.70784261319936,71,"ok",0.614070951960871,0.679598677532598,"PSU_strata_lonely_adjust_working_CI"
"VII_presencial","30-44","Women","All","Occasional (frequency proxy)",784,341.829142818327,0.934472274428273,0.0873107725427798,0.0147415987872068,0.0620482670849377,0.121526087264887,71,"ok",0.0815894962001411,0.147117221771869,"PSU_strata_lonely_adjust_working_CI"
"VII_presencial","30-44","Women","All","Moderate",784,341.829142818327,0.934472274428273,0.251928835517408,0.0250007953459327,0.205402577865001,0.304949317389812,71,"ok",0.235420511920019,0.300948237491746,"PSU_strata_lonely_adjust_working_CI"
"VII_presencial","30-44","Women","All","Heavy",784,341.829142818327,0.934472274428273,0.00362912248982148,0.00209765555503476,0.00114427593191705,0.011448080798915,71,"sparse_or_low_df",0.00339131434724228,0.0689190399189698,"PSU_strata_lonely_adjust_working_CI"
"VII_presencial","18-29","Women","All","Declared current use",870,698.095910432465,1,0.487296872763123,0.0235578063061428,0.440584239934546,0.534232460820678,72,"ok",0.487296872763123,0.487296872763123,"PSU_strata_lonely_adjust_working_CI"
"VII_presencial","18-29","Women","All","Current abstainer (history unknown)",819,664.024714376793,0.933001748853834,0.549520006652419,0.0223120864228869,0.504741861948607,0.593510067677402,70,"ok",0.512703127236877,0.579701378383044,"PSU_strata_lonely_adjust_working_CI"
"VII_presencial","18-29","Women","All","Occasional (frequency proxy)",819,664.024714376793,0.933001748853834,0.130308114417597,0.0128431150434875,0.106761059692305,0.158129270318274,70,"ok",0.121577698641463,0.18857594978763,"PSU_strata_lonely_adjust_working_CI"
"VII_presencial","18-29","Women","All","Moderate",819,664.024714376793,0.933001748853834,0.291193793744864,0.0182353034814771,0.25620255608772,0.328851106653569,70,"ok",0.271684318819341,0.338682569965507,"PSU_strata_lonely_adjust_working_CI"
"VII_presencial","18-29","Women","All","Heavy",819,664.024714376793,0.933001748853834,0.02897808518512,0.00723393282571298,0.0175577195429985,0.0474678838426276,70,"ok",0.0270366041561523,0.0940348553023186,"PSU_strata_lonely_adjust_working_CI"
"VII_presencial","18-29","Men","All","Declared current use",695,573.529658959842,1,0.642354556748483,0.0224541685790543,0.59641809232658,0.68581677278328,68,"ok",0.642354556748483,0.642354556748483,"PSU_strata_lonely_adjust_working_CI"
"VII_presencial","18-29","Men","All","Current abstainer (history unknown)",635,522.464609554604,0.915950151264813,0.390463872687452,0.023893392817432,0.343961181768895,0.439046080239861,68,"ok",0.357645443251517,0.441695291986703,"PSU_strata_lonely_adjust_working_CI"
"VII_presencial","18-29","Men","All","Occasional (frequency proxy)",635,522.464609554604,0.915950151264813,0.0923397098930155,0.012647177922221,0.0700118716736753,0.120862815406505,68,"ok",0.0845785712442566,0.168628419979443,"PSU_strata_lonely_adjust_working_CI"
"VII_presencial","18-29","Men","All","Moderate",635,522.464609554604,0.915950151264813,0.467456700146468,0.0239597333258512,0.420087379133529,0.515420042252204,68,"ok",0.428167035208908,0.512216883944095,"PSU_strata_lonely_adjust_working_CI"
"VII_presencial","18-29","Men","All","Heavy",635,522.464609554604,0.915950151264813,0.0497397172730641,0.010356249014093,0.0326993635164533,0.0749719082751015,68,"ok",0.0455591015601321,0.129608950295319,"PSU_strata_lonely_adjust_working_CI"
"VIII","66-70","Women","All","Declared current use",535,287.831903715267,0.995211750514128,0.204420368519434,0.0286437891854496,0.153164683618288,0.267412114584308,72,"ok",0.203441552794969,0.208229802280841,"PSU_strata_lonely_adjust_working_CI"
"VIII","66-70","Women","All","Current abstainer (history unknown)",528,283.377806525407,0.983421355505362,0.805117962190564,0.0283791482629472,0.7423149229493,0.855592290905526,72,"ok",0.791770197719159,0.808348842213797,"PSU_strata_lonely_adjust_working_CI"
"VIII","66-70","Women","All","Occasional (frequency proxy)",528,283.377806525407,0.983421355505362,0.11322748129772,0.024890668766727,0.0722677891312988,0.173071338918808,72,"ok",0.111350323138261,0.1279289676329,"PSU_strata_lonely_adjust_working_CI"
"VIII","66-70","Women","All","Moderate",528,283.377806525407,0.983421355505362,0.0816545565117168,0.0138247295274261,0.05799827406039,0.113794150655136,72,"ok",0.0803008346479417,0.0968794791425798,"PSU_strata_lonely_adjust_working_CI"
"VIII","66-70","Women","All","Heavy",528,283.377806525407,0.983421355505362,0,0,,,72,"boundary_no_CI",0,0.0165786444946381,"PSU_strata_lonely_adjust_working_CI"
"VIII","66-70","Men","All","Declared current use",447,289.950217768715,0.996015121185594,0.3678607582435,0.0297454108689025,0.310769353545849,0.428913497044925,70,"ok",0.366394877701324,0.37037975651573,"PSU_strata_lonely_adjust_working_CI"
"VIII","66-70","Men","All","Current abstainer (history unknown)",431,277.200808091295,0.952739969313613,0.660852135696449,0.0318053147177224,0.594836426127034,0.721153843738208,69,"ok",0.62962024348427,0.676880274170657,"PSU_strata_lonely_adjust_working_CI"
"VIII","66-70","Men","All","Occasional (frequency proxy)",431,277.200808091295,0.952739969313613,0.109260511051203,0.019587222388182,0.075870728097757,0.154881976278656,69,"ok",0.104096855946113,0.151356886632499,"PSU_strata_lonely_adjust_working_CI"
"VIII","66-70","Men","All","Moderate",431,277.200808091295,0.952739969313613,0.22179876790306,0.0234258084098667,0.178584319413819,0.272007555990522,69,"ok",0.211316551325758,0.258576582012145,"PSU_strata_lonely_adjust_working_CI"
"VIII","66-70","Men","All","Heavy",431,277.200808091295,0.952739969313613,0.00808858534928898,0.00531146802899996,0.00217214061169953,0.0296414401203018,69,"sparse_or_low_df",0.00770631855747213,0.0549663492438586,"PSU_strata_lonely_adjust_working_CI"
"VIII","60-65","Women","All","Declared current use",763,476.17210298938,0.988589602749058,0.206850444798515,0.0197445486894151,0.170240559582158,0.248970937839001,72,"ok",0.20449019905183,0.215900596302771,"PSU_strata_lonely_adjust_working_CI"
"VIII","60-65","Women","All","Current abstainer (history unknown)",752,469.730753726229,0.970821152810601,0.807666171495338,0.0193470258870126,0.76613961907983,0.843326792830199,72,"ok",0.784099403697229,0.813278250886628,"PSU_strata_lonely_adjust_working_CI"
"VIII","60-65","Women","All","Occasional (frequency proxy)",752,469.730753726229,0.970821152810601,0.0808597253208115,0.0128920254543024,0.058606520208432,0.11057014613499,72,"ok",0.0785003317518988,0.107679178941298,"PSU_strata_lonely_adjust_working_CI"
"VIII","60-65","Women","All","Moderate",752,469.730753726229,0.970821152810601,0.11147410318385,0.0151161664091331,0.0847102410977379,0.14535106976909,72,"ok",0.108221417361473,0.137400264550872,"PSU_strata_lonely_adjust_working_CI"
"VIII","60-65","Women","All","Heavy",752,469.730753726229,0.970821152810601,0,0,,,72,"boundary_no_CI",0,0.029178847189399,"PSU_strata_lonely_adjust_working_CI"
"VIII","71-76","Women","All","Declared current use",471,308.933191135369,0.998276628092391,0.148233997577727,0.0212817266902003,0.110576710233092,0.195891112631947,68,"ok",0.147978535270549,0.149701907178158,"PSU_strata_lonely_adjust_working_CI"
"VIII","71-76","Women","All","Current abstainer (history unknown)",462,302.742611045205,0.983809603932943,0.864291311471888,0.0215090807802459,0.815397135675585,0.901795003660081,68,"ok",0.850298092821842,0.866488488888899,"PSU_strata_lonely_adjust_working_CI"
"VIII","71-76","Women","All","Occasional (frequency proxy)",462,302.742611045205,0.983809603932943,0.0795984450999389,0.0179881171910542,0.0503181067538484,0.123697868127069,68,"ok",0.0783097147474491,0.0945001108145056,"PSU_strata_lonely_adjust_working_CI"
"VIII","71-76","Women","All","Moderate",462,302.742611045205,0.983809603932943,0.0561102434281734,0.0103961180641557,0.0386277691673715,0.0808397463129771,68,"ok",0.0552017963636523,0.0713921924307089,"PSU_strata_lonely_adjust_working_CI"
"VIII","71-76","Women","All","Heavy",462,302.742611045205,0.983809603932943,0,0,,,68,"boundary_no_CI",0,0.0161903960670566,"PSU_strata_lonely_adjust_working_CI"
"VIII","77+","Women","All","Declared current use",523,246.204293577503,0.989623109880374,0.119551341493681,0.0225704854065233,0.0813425627278337,0.17234080724199,71,"ok",0.118310770359348,0.128687660478974,"PSU_strata_lonely_adjust_working_CI"
"VIII","77+","Women","All","Current abstainer (history unknown)",521,251.765304833991,0.974374058303917,0.8942277681712,0.0197601964786003,0.847884725474395,0.927656701704055,71,"ok",0.871312339521026,0.89693828121711,"PSU_strata_lonely_adjust_working_CI"
"VIII","77+","Women","All","Occasional (frequency proxy)",521,251.765304833991,0.974374058303917,0.0380277189246745,0.00968906844962172,0.0227808745628861,0.0628229931798214,71,"ok",0.0370532228166757,0.0626791645127591,"PSU_strata_lonely_adjust_working_CI"
"VIII","77+","Women","All","Moderate",521,251.765304833991,0.974374058303917,0.0608125437939025,0.0150824105387421,0.036835321238551,0.0987963298669041,71,"ok",0.0592541650922494,0.0848801067883328,"PSU_strata_lonely_adjust_working_CI"
"VIII","77+","Women","All","Heavy",521,251.765304833991,0.974374058303917,0.00693196911022299,0.00685842692525756,0.000956554875835818,0.0484253304387133,71,"sparse_or_low_df",0.00675433087396536,0.0323802725700488,"PSU_strata_lonely_adjust_working_CI"
"VIII","71-76","Men","All","Declared current use",423,275.35782029975,0.97941991021456,0.36773974529269,0.0280629748419338,0.313708493745686,0.425309870851874,67,"ok",0.360171628316891,0.380751718102331,"PSU_strata_lonely_adjust_working_CI"
"VIII","71-76","Men","All","Current abstainer (history unknown)",408,264.658509742551,0.94847991086213,0.652884973952476,0.028254108706027,0.594571611820697,0.706945005957963,67,"ok",0.619248281897669,0.670768371035539,"PSU_strata_lonely_adjust_working_CI"
"VIII","71-76","Men","All","Occasional (frequency proxy)",408,264.658509742551,0.94847991086213,0.12271860933826,0.0199787205289937,0.0880771650660713,0.168467782710049,67,"ok",0.116396135646277,0.167916224784147,"PSU_strata_lonely_adjust_working_CI"
"VIII","71-76","Men","All","Moderate",408,264.658509742551,0.94847991086213,0.216601557939141,0.0250713575233259,0.170725209720613,0.270780245840444,67,"ok",0.205442226366715,0.256962315504585,"PSU_strata_lonely_adjust_working_CI"
"VIII","71-76","Men","All","Heavy",408,264.658509742551,0.94847991086213,0.00779485877012229,0.00452251901048361,0.00243922530596755,0.0246192701371677,67,"sparse_or_low_df",0.00739326695146849,0.0589133560893385,"PSU_strata_lonely_adjust_working_CI"
"VIII","60-65","Men","All","Declared current use",583,400.007776819141,0.981190301666616,0.431382983767373,0.0298872826178831,0.373048546641382,0.491685485279947,71,"ok",0.423268799976553,0.442078498309937,"PSU_strata_lonely_adjust_working_CI"
"VIII","60-65","Men","All","Current abstainer (history unknown)",564,385.85535127825,0.952266545108474,0.585887958109994,0.0304962982202328,0.524072674394664,0.645111337911259,71,"ok",0.557921501690063,0.605654956581589,"PSU_strata_lonely_adjust_working_CI"
"VIII","60-65","Men","All","Occasional (frequency proxy)",564,385.85535127825,0.952266545108474,0.106647136222561,0.0167713522999493,0.0775251788375141,0.144989205449817,71,"ok",0.101556499956371,0.149289954847897,"PSU_strata_lonely_adjust_working_CI"
"VIII","60-65","Men","All","Moderate",564,385.85535127825,0.952266545108474,0.299917996164874,0.0250367205285583,0.252476342702855,0.352075537994482,71,"ok",0.285601874023781,0.333335328915307,"PSU_strata_lonely_adjust_working_CI"
"VIII","60-65","Men","All","Heavy",564,385.85535127825,0.952266545108474,0.00754690950257,0.00336440732122917,0.00309551798624937,0.0182820650352424,71,"ok",0.00718666943825865,0.0549201243297846,"PSU_strata_lonely_adjust_working_CI"
"VIII","45-59","Women","All","Declared current use",1594,1013.20180262198,0.990711264494995,0.24826035121906,0.0166421892186295,0.216612673845213,0.282862291118243,76,"ok",0.245954326480206,0.255243061985211,"PSU_strata_lonely_adjust_working_CI"
"VIII","45-59","Women","All","Current abstainer (history unknown)",1557,985.645654552439,0.969490611224373,0.768194069537437,0.0171167641120451,0.732373217936293,0.800526289577544,76,"ok",0.744756938014789,0.775266326790416,"PSU_strata_lonely_adjust_working_CI"
"VIII","45-59","Women","All","Occasional (frequency proxy)",1557,985.645654552439,0.969490611224373,0.0895635478566678,0.0118374850816122,0.0686184289093175,0.11610498271932,76,"ok",0.0868310187549843,0.117340407530611,"PSU_strata_lonely_adjust_working_CI"
"VIII","45-59","Women","All","Moderate",1557,985.645654552439,0.969490611224373,0.141014031823984,0.012650944601096,0.117646629528755,0.168138318511586,76,"ok",0.136711779904248,0.167221168679875,"PSU_strata_lonely_adjust_working_CI"
"VIII","45-59","Women","All","Heavy",1557,985.645654552439,0.969490611224373,0.00122835078191051,0.000916218688581084,0.000277820867932372,0.00541339193581772,76,"sparse_or_low_df",0.00119087455035236,0.0317002633259794,"PSU_strata_lonely_adjust_working_CI"
"VIII","77+","Men","All","Declared current use",432,162.02951636142,0.993662851434108,0.275382162064571,0.0320149919046483,0.216294933644128,0.34353523999188,71,"ok",0.273637024391171,0.279974172957063,"PSU_strata_lonely_adjust_working_CI"
"VIII","77+","Men","All","Current abstainer (history unknown)",425,157.80818573848,0.974910706352618,0.738555667048454,0.0320687191868794,0.669808618487566,0.797320462986771,71,"ok",0.720025827042937,0.745115120690319,"PSU_strata_lonely_adjust_working_CI"
"VIII","77+","Men","All","Occasional (frequency proxy)",425,157.80818573848,0.974910706352618,0.0851558260433422,0.0224024543148968,0.0498473786850257,0.141743352517054,71,"ok",0.0830193265179553,0.108108620165338,"PSU_strata_lonely_adjust_working_CI"
"VIII","77+","Men","All","Moderate",425,157.80818573848,0.974910706352618,0.170158701176458,0.025159146982252,0.125672714832213,0.226315849324202,71,"ok",0.165889539555985,0.190978833203367,"PSU_strata_lonely_adjust_working_CI"
"VIII","77+","Men","All","Heavy",425,157.80818573848,0.974910706352618,0.00612980573174608,0.00348809578940751,0.00196543922140991,0.018950084711023,71,"sparse_or_low_df",0.0059760132357409,0.0310653068831234,"PSU_strata_lonely_adjust_working_CI"
"VIII","30-44","Women","All","Declared current use",1531,889.282710133682,0.989112625212046,0.320636556780332,0.0176110904262959,0.286630693716089,0.356659788120869,78,"ok",0.317145666415945,0.328033041203899,"PSU_strata_lonely_adjust_working_CI"
"VIII","30-44","Women","All","Current abstainer (history unknown)",1473,881.65276493253,0.943340803357205,0.712326824414542,0.0156782252230475,0.680134957444423,0.742505424074873,78,"ok",0.671966958796101,0.728626155438896,"PSU_strata_lonely_adjust_working_CI"
"VIII","30-44","Women","All","Occasional (frequency proxy)",1473,881.65276493253,0.943340803357205,0.109656889888401,0.0114443687795088,0.0888614973456764,0.134599905353651,78,"ok",0.103443818600977,0.160103015243772,"PSU_strata_lonely_adjust_working_CI"
"VIII","30-44","Women","All","Moderate",1473,881.65276493253,0.943340803357205,0.171501167719898,0.0138244047871823,0.145701152039639,0.200795921783717,78,"ok",0.161784049333587,0.218443245976382,"PSU_strata_lonely_adjust_working_CI"
"VIII","30-44","Women","All","Heavy",1473,881.65276493253,0.943340803357205,0.00651511797715913,0.00293845616351833,0.00264906463385184,0.0159331660747027,78,"ok",0.00614597662654026,0.062805173269335,"PSU_strata_lonely_adjust_working_CI"
"VIII","45-59","Men","All","Declared current use",1215,670.398962207529,0.97949154221822,0.48109198558815,0.0194675277631245,0.442493119819147,0.519917865686944,74,"ok",0.471225530912563,0.491733988694343,"PSU_strata_lonely_adjust_working_CI"
"VIII","45-59","Men","All","Current abstainer (history unknown)",1143,631.225366060503,0.9201417517097,0.552377946507977,0.0206533322144436,0.510959782709203,0.593081848315377,74,"ok",0.508266011305657,0.588124259595957,"PSU_strata_lonely_adjust_working_CI"
"VIII","45-59","Men","All","Occasional (frequency proxy)",1143,631.225366060503,0.9201417517097,0.0890538868594692,0.0111691011636489,0.0691656737705697,0.113960709355385,74,"ok",0.0819421994514295,0.161800447741729,"PSU_strata_lonely_adjust_working_CI"
"VIII","45-59","Men","All","Moderate",1143,631.225366060503,0.9201417517097,0.353972759223207,0.0196967240496321,0.315777145769619,0.394127172122884,74,"ok",0.325705114729158,0.405563363019458,"PSU_strata_lonely_adjust_working_CI"
"VIII","45-59","Men","All","Heavy",1143,631.225366060503,0.9201417517097,0.00459540740934642,0.00203031007472396,0.00190286993851263,0.0110556508520231,74,"ok",0.00422842622345576,0.0840866745137552,"PSU_strata_lonely_adjust_working_CI"
"VIII","30-44","Men","All","Declared current use",1159,729.570021955395,0.973911531047906,0.540885439508565,0.0214535065152912,0.497951680860849,0.58322068554191,75,"ok",0.526774566513306,0.552863035465401,"PSU_strata_lonely_adjust_working_CI"
"VIII","30-44","Men","All","Current abstainer (history unknown)",1089,685.492262717335,0.912919472865126,0.489787958111239,0.0237789909621583,0.442639732852735,0.537118569259999,74,"ok",0.447136964534599,0.534217491669473,"PSU_strata_lonely_adjust_working_CI"
"VIII","30-44","Men","All","Occasional (frequency proxy)",1089,685.492262717335,0.912919472865126,0.108839538614975,0.0145336592003475,0.0830800393663509,0.141354655866751,74,"ok",0.0993617342192663,0.18644226135414,"PSU_strata_lonely_adjust_working_CI"
"VIII","30-44","Men","All","Moderate",1089,685.492262717335,0.912919472865126,0.388829878750914,0.0227874187134225,0.344501299235591,0.435076509684517,74,"ok",0.354970367943495,0.442050895078369,"PSU_strata_lonely_adjust_working_CI"
"VIII","30-44","Men","All","Heavy",1089,685.492262717335,0.912919472865126,0.0125426245228723,0.00444824049006666,0.00617144462498477,0.0253235867526781,74,"ok",0.0114504061677658,0.0985309333026394,"PSU_strata_lonely_adjust_working_CI"
"VIII","18-29","Men","All","Declared current use",2853,1844.25160883865,0.991724942469505,0.464361958415448,0.0158927215738159,0.43290698160742,0.496103041170362,78,"ok",0.460519336494587,0.468794394025081,"PSU_strata_lonely_adjust_working_CI"
"VIII","18-29","Men","All","Current abstainer (history unknown)",2699,1755.54984019356,0.933894314668126,0.568806981294978,0.0166165534170622,0.535460215422201,0.601541280262306,77,"ok",0.531205605974919,0.597311291306793,"PSU_strata_lonely_adjust_working_CI"
"VIII","18-29","Men","All","Occasional (frequency proxy)",2699,1755.54984019356,0.933894314668126,0.126962714036935,0.0108566321502393,0.106869908939782,0.150197909633101,77,"ok",0.118569756813929,0.184675442145802,"PSU_strata_lonely_adjust_working_CI"
"VIII","18-29","Men","All","Moderate",2699,1755.54984019356,0.933894314668126,0.291708253246141,0.0150182424069605,0.26272740024966,0.322487612258997,77,"ok",0.272424679248341,0.338530364580215,"PSU_strata_lonely_adjust_working_CI"
"VIII","18-29","Men","All","Heavy",2699,1755.54984019356,0.933894314668126,0.0125220514219469,0.00306205210850228,0.00768504294290081,0.0203410929232704,77,"ok",0.0116942726309382,0.077799957962812,"PSU_strata_lonely_adjust_working_CI"
"VIII","18-29","Women","All","Declared current use",3137,1633.09915528904,0.995486634320641,0.353737869472397,0.0176375901606461,0.31947467149685,0.389572146997951,80,"ok",0.352141321112831,0.356654686792189,"PSU_strata_lonely_adjust_working_CI"
"VIII","18-29","Women","All","Current abstainer (history unknown)",3018,1552.5207406039,0.959917537174353,0.670208938052725,0.0182808954184428,0.632866908686465,0.705520137082963,80,"ok",0.643345313207811,0.683427776033457,"PSU_strata_lonely_adjust_working_CI"
"VIII","18-29","Women","All","Occasional (frequency proxy)",3018,1552.5207406039,0.959917537174353,0.110631878172758,0.00941239111282307,0.0932421282686856,0.130797011409405,80,"ok",0.106197480028567,0.146279942854214,"PSU_strata_lonely_adjust_working_CI"
"VIII","18-29","Women","All","Moderate",3018,1552.5207406039,0.959917537174353,0.209502763844967,0.0179587483890758,0.175994285520374,0.247475024951592,80,"ok",0.201105377101281,0.241187839926928,"PSU_strata_lonely_adjust_working_CI"
"VIII","18-29","Women","All","Heavy",3018,1552.5207406039,0.959917537174353,0.00965641992954942,0.00231845010008357,0.00598265366208626,0.0155508416584616,80,"ok",0.00926936683669442,0.0493518296623412,"PSU_strata_lonely_adjust_working_CI"
