"wave","age_group","sex","education","outcome","n_valid","n_eff","coverage","estimate","se","lower","upper","df","flag","bound_lower","bound_upper"
"VI","50-59","Men","All","Declared current use",1211,628.730872988914,0.990650562220082,0.51658625347739,0.019925386420723,0.477472395487557,0.555497936619818,1210,"ok",0.511756462442543,0.521105900222461
"VI","50-59","Men","All","Current abstainer (history unknown)",1175,605.55256664148,0.96308233981883,0.497251460210169,0.0203170497783717,0.457491309771692,0.537046402780489,1174,"ok",0.47889409977754,0.515811759958709
"VI","50-59","Men","All","Occasional (frequency proxy)",1175,605.55256664148,0.96308233981883,0.141636789860947,0.0131126645603648,0.117805961873807,0.169362851983163,1174,"ok",0.136407890983709,0.173325551164878
"VI","50-59","Men","All","Moderate",1175,605.55256664148,0.96308233981883,0.33340032937185,0.0197355314133112,0.295863915692868,0.373175122561304,1174,"ok",0.32109196930781,0.35800962948898
"VI","50-59","Men","All","Heavy",1175,605.55256664148,0.96308233981883,0.0277114205570336,0.005640134148947,0.0185508521179324,0.041205635939843,1174,"ok",0.0266883797497716,0.0636060399309411
"VI","50-59","Women","All","Declared current use",1445,837.099075514875,0.99153469098667,0.240187731916964,0.0143017052834213,0.213261801435881,0.269349370889919,1444,"ok",0.238154468545077,0.246619777558406
"VI","50-59","Women","All","Current abstainer (history unknown)",1420,817.779550312967,0.973267574705534,0.774073073039068,0.0141972113860216,0.745016489625214,0.800704266439502,1419,"ok",0.753380222441594,0.78011264773606
"VI","50-59","Women","All","Occasional (frequency proxy)",1420,817.779550312967,0.973267574705534,0.111262891671722,0.0105371314665669,0.0922103826039105,0.133672359978483,1419,"ok",0.108288564732062,0.135020990026528
"VI","50-59","Women","All","Moderate",1420,817.779550312967,0.973267574705534,0.111661807991864,0.0106762205133948,0.0923721106150142,0.134383282131705,1419,"ok",0.108676817051476,0.135409242345942
"VI","50-59","Women","All","Heavy",1420,817.779550312967,0.973267574705534,0.0030022272973457,0.00183490987682923,0.000903867606954211,0.00992361529771864,1419,"sparse_or_low_df",0.00292197048040239,0.0296543957748686
"VI","60-65","Women","All","Declared current use",660,436.411639819519,0.996451942096155,0.214054820267883,0.0218925607501611,0.174196138323714,0.260160525274408,659,"ok",0.213295341370976,0.216843399274821
"VI","60-65","Women","All","Current abstainer (history unknown)",650,430.041268959461,0.977278003116734,0.801365218727462,0.0216237566659072,0.755487926606209,0.84045249853585,649,"ok",0.783156600725179,0.805878597608445
"VI","60-65","Women","All","Occasional (frequency proxy)",650,430.041268959461,0.977278003116734,0.0983933501811078,0.0177543663091225,0.0686128790903195,0.139168244265229,649,"ok",0.0961576567849585,0.118879653668225
"VI","60-65","Women","All","Moderate",650,430.041268959461,0.977278003116734,0.092439260515359,0.0140872838994431,0.0682469401467631,0.124065442336606,649,"ok",0.0903388559260376,0.113060852809304
"VI","60-65","Women","All","Heavy",650,430.041268959461,0.977278003116734,0.00780217057607079,0.00629019301984465,0.00159216770137699,0.0373277621207021,649,"sparse_or_low_df",0.0076248896805586,0.030346886563825
"VI","77+","Women","All","Declared current use",540,314.869898722425,0.995409725855906,0.135753089805562,0.0187667362108091,0.102916144198596,0.17699995916085,539,"ok",0.135129945907447,0.139720220051541
"VI","77+","Women","All","Current abstainer (history unknown)",538,313.551235415494,0.992775206537,0.866540355040985,0.0187431310139805,0.825251452913184,0.899264505897663,537,"ok",0.860279779948459,0.867504573411459
"VI","77+","Women","All","Occasional (frequency proxy)",538,313.551235415494,0.992775206537,0.0825402125646746,0.0148457222204372,0.0576804576582915,0.116786415822981,537,"ok",0.0819438765765028,0.0891686700395025
"VI","77+","Women","All","Moderate",538,313.551235415494,0.992775206537,0.0509194323943404,0.0124646765689865,0.0313127688367096,0.0817666336665118,537,"ok",0.0505515500120381,0.0577763434750378
"VI","77+","Women","All","Heavy",538,313.551235415494,0.992775206537,0,0,,,537,"boundary_no_CI",0,0.00722479346299974
"VI","77+","Men","All","Declared current use",440,254.580320111753,0.99345106249774,0.303087589666913,0.029987647954673,0.247561001581318,0.3650265978544,439,"ok",0.301102687984474,0.307651625486734
"VI","77+","Men","All","Current abstainer (history unknown)",433,249.54763334195,0.976976175399605,0.708664542643611,0.0301228105751751,0.646145908758904,0.764168924659102,432,"ok",0.692348374513266,0.715372199113661
"VI","77+","Men","All","Occasional (frequency proxy)",433,249.54763334195,0.976976175399605,0.123629849615429,0.0208347578047881,0.0881484409905414,0.170719291602908,432,"ok",0.12078341764251,0.143807242242904
"VI","77+","Men","All","Moderate",433,249.54763334195,0.976976175399605,0.164211954938002,0.0260778289519875,0.119132491614787,0.222049406045808,432,"ok",0.160431167690221,0.183454992290616
"VI","77+","Men","All","Heavy",433,249.54763334195,0.976976175399605,0.00349365280295829,0.00348854645714035,0.000488937852566815,0.024510704798085,432,"sparse_or_low_df",0.0034132155536083,0.0264370401540029
"VI","71-76","Women","All","Declared current use",406,242.067735163769,0.997155155428887,0.156515192968547,0.0242465984327143,0.114514280320386,0.210263006059236,405,"ok",0.156069931571533,0.158914776142647
"VI","71-76","Women","All","Current abstainer (history unknown)",405,241.353494994887,0.995236892191439,0.845110576644064,0.0242430476107192,0.791282077039913,0.887038487165703,404,"ok",0.841085223857353,0.845848331665914
"VI","71-76","Women","All","Occasional (frequency proxy)",405,241.353494994887,0.995236892191439,0.10620730428235,0.0218246383633742,0.0703027400066499,0.157345404199092,404,"ok",0.105701427441997,0.110464535250558
"VI","71-76","Women","All","Moderate",405,241.353494994887,0.995236892191439,0.0486821190735858,0.0124935987050678,0.0292308737545385,0.080010105736785,404,"ok",0.0484502408920892,0.05321334870065
"VI","71-76","Women","All","Heavy",405,241.353494994887,0.995236892191439,0,0,,,404,"boundary_no_CI",0,0.00476310780856083
"VI","66-70","Men","All","Declared current use",415,232.900851402523,0.996175605550856,0.427915875865122,0.0327963224903478,0.365005190731134,0.493247010013887,414,"ok",0.426279356764763,0.430103751213907
"VI","66-70","Men","All","Current abstainer (history unknown)",403,225.186875012387,0.974550532904734,0.584778551285039,0.0333690382906995,0.518056052478999,0.648530672143741,402,"ok",0.569896248786093,0.595345715881359
"VI","66-70","Men","All","Occasional (frequency proxy)",403,225.186875012387,0.974550532904734,0.142010939590481,0.020938908103958,0.105597148330698,0.188337417595004,402,"ok",0.138396836856205,0.163846303951471
"VI","66-70","Men","All","Moderate",403,225.186875012387,0.974550532904734,0.254938807838768,0.0313397734533321,0.198324154846759,0.321238908044232,402,"ok",0.248450751037369,0.273900218132635
"VI","66-70","Men","All","Heavy",403,225.186875012387,0.974550532904734,0.0182717012857111,0.0120449116123819,0.00494700959762232,0.0651368638221032,402,"ok",0.0178066962250659,0.043256163320332
"VI","60-65","Men","All","Declared current use",611,380.170069685482,0.997011317905365,0.492921702874131,0.0256010851850055,0.44288458106623,0.543101032343815,610,"ok",0.491448516606695,0.494437198701329
"VI","60-65","Men","All","Current abstainer (history unknown)",596,368.601361627884,0.970227675896447,0.521076458503983,0.0258981671875029,0.470170943431625,0.571547991961637,595,"ok",0.505562801298671,0.535335125402223
"VI","60-65","Men","All","Occasional (frequency proxy)",596,368.601361627884,0.970227675896447,0.133279032768497,0.0150454790484882,0.10639832795466,0.16569171233543,595,"ok",0.129311006208705,0.159083330312258
"VI","60-65","Men","All","Moderate",596,368.601361627884,0.970227675896447,0.319146070373628,0.0242660871100775,0.273482649917937,0.368566005657264,595,"ok",0.309644350130089,0.339416674233642
"VI","60-65","Men","All","Heavy",596,368.601361627884,0.970227675896447,0.0264984383538924,0.00642861648308173,0.0164111604513169,0.042517938762567,595,"ok",0.0257095182589823,0.0554818423625349
"VI","66-70","Women","All","Declared current use",458,261.463037277736,1,0.173982330513402,0.0212224704164429,0.136123767125985,0.219692393270673,457,"ok",0.173982330513402,0.173982330513402
"VI","66-70","Women","All","Current abstainer (history unknown)",453,258.557260776481,0.992814702283036,0.831995807059587,0.0211310399979373,0.786296707066167,0.869543813666467,452,"ok",0.826017669486598,0.833202967203562
"VI","66-70","Women","All","Occasional (frequency proxy)",453,258.557260776481,0.992814702283036,0.065381557455808,0.0125500270120019,0.0446376328190947,0.0948088945054339,452,"ok",0.0649117715002892,0.0720970692172528
"VI","66-70","Women","All","Moderate",453,258.557260776481,0.992814702283036,0.101559434597113,0.0177376474829542,0.0716212703651477,0.142096518042199,452,"ok",0.100829699823566,0.108014997540529
"VI","66-70","Women","All","Heavy",453,258.557260776481,0.992814702283036,0.00106320088749287,0.00106415758800361,0.000148541805044253,0.00756732659540595,452,"sparse_or_low_df",0.00105556147258329,0.00824085918954684
"VI","71-76","Men","All","Declared current use",408,267.891209064999,0.997875787764577,0.388186375005279,0.0308580186350316,0.329519453245553,0.450283585554926,407,"ok",0.387361784757868,0.389485996993291
"VI","71-76","Men","All","Current abstainer (history unknown)",395,258.116310029652,0.968675702955015,0.630256339809383,0.0314441181736124,0.566610671089824,0.689674368511654,394,"ok",0.610514003006709,0.641838300051695
"VI","71-76","Men","All","Occasional (frequency proxy)",395,258.116310029652,0.968675702955015,0.0960819531827213,0.0202973006762378,0.0629142952218663,0.144047343208379,394,"ok",0.0930722535405633,0.124396550585549
"VI","71-76","Men","All","Moderate",395,258.116310029652,0.968675702955015,0.266198169239352,0.0295090726602592,0.212319953879313,0.328054312097392,394,"ok",0.257859698713267,0.289183995758252
"VI","71-76","Men","All","Heavy",395,258.116310029652,0.968675702955015,0.00746353776854364,0.00460715551076438,0.00220911654021783,0.0249037596150738,394,"sparse_or_low_df",0.00722974769447531,0.0385540447394608
"VII_presencial","60-65","Women","All","Declared current use",495,300.259846046599,0.998527838598224,0.205072016605556,0.0268297288926238,0.156691054607589,0.263719854000416,71,"ok",0.204770117498125,0.206242278899901
"VII_presencial","60-65","Women","All","Current abstainer (history unknown)",485,294.666139994612,0.986491709974776,0.804626854006097,0.0274373800805289,0.744112408065134,0.853645071951922,71,"ok",0.793757721100099,0.807266011125323
"VII_presencial","60-65","Women","All","Occasional (frequency proxy)",485,294.666139994612,0.986491709974776,0.0840759246195942,0.0148931967892867,0.0587541732635013,0.118931856378018,71,"ok",0.0829402026456939,0.096448492670918
"VII_presencial","60-65","Women","All","Moderate",485,294.666139994612,0.986491709974776,0.111297221374309,0.0200176157341832,0.0771940612969243,0.157888854385321,71,"ok",0.109793786228983,0.123302076254207
"VII_presencial","60-65","Women","All","Heavy",485,294.666139994612,0.986491709974776,0,0,,,71,"boundary_no_CI",0,0.0135082900252241
"VII_presencial","66-70","Women","All","Declared current use",311,163.832843284106,1,0.269953890196219,0.0466198385898433,0.18726564687674,0.372422798225398,61,"ok",0.269953890196219,0.269953890196219
"VII_presencial","66-70","Women","All","Current abstainer (history unknown)",306,200.994424029097,0.945734434211744,0.771935633719696,0.0380512147817385,0.687172627149082,0.839108868416939,60,"ok",0.730046109803781,0.784311675592036
"VII_presencial","66-70","Women","All","Occasional (frequency proxy)",306,200.994424029097,0.945734434211744,0.103747910866167,0.0304220405191385,0.0567485300608943,0.182155390597978,60,"ok",0.0981179717836646,0.15238353757192
"VII_presencial","66-70","Women","All","Moderate",306,200.994424029097,0.945734434211744,0.122272617696314,0.0230917880409888,0.0830603574047838,0.176434738748931,60,"ok",0.115637424916612,0.169902990704868
"VII_presencial","66-70","Women","All","Heavy",306,200.994424029097,0.945734434211744,0.00204383771782399,0.00204663600666729,0.000275122528822506,0.0150125658490587,60,"sparse_or_low_df",0.00193292770768689,0.0561984934959425
"VII_presencial","66-70","Men","All","Declared current use",253,146.693900549068,1,0.473611792324715,0.0425942147012352,0.390056921113821,0.558671209312681,63,"ok",0.473611792324715,0.473611792324715
"VII_presencial","66-70","Men","All","Current abstainer (history unknown)",245,143.753853646866,0.949557965638044,0.554350789234425,0.0443247305930332,0.464988744105357,0.640332068904443,63,"ok",0.526388207675285,0.576830242037241
"VII_presencial","66-70","Men","All","Occasional (frequency proxy)",245,143.753853646866,0.949557965638044,0.135527262963565,0.0329473212426779,0.0820423999406871,0.215687172101479,63,"ok",0.128690992108175,0.17913302647013
"VII_presencial","66-70","Men","All","Moderate",245,143.753853646866,0.949557965638044,0.301506793073756,0.0382077387417272,0.230999229756927,0.382821793888942,63,"ok",0.286298177057166,0.336740211419122
"VII_presencial","66-70","Men","All","Heavy",245,143.753853646866,0.949557965638044,0.00861515472825425,0.00704907449772924,0.00166732337359011,0.0432604266014586,63,"sparse_or_low_df",0.00818058879741808,0.0586226231593737
"VII_presencial","60-65","Men","All","Declared current use",364,219.378920755369,1,0.544864971845359,0.0388020761678637,0.466934633447632,0.620658112481824,66,"ok",0.544864971845359,0.544864971845359
"VII_presencial","60-65","Men","All","Current abstainer (history unknown)",343,213.397002388397,0.921165086992429,0.494086276804781,0.0407966053614925,0.413430033307578,0.575051513070338,63,"ok",0.455135028154642,0.533969941162212
"VII_presencial","60-65","Men","All","Occasional (frequency proxy)",343,213.397002388397,0.921165086992429,0.14309586946785,0.0325145442256212,0.0895041945325134,0.220987896979683,63,"ok",0.131814919046609,0.21064983205418
"VII_presencial","60-65","Men","All","Moderate",343,213.397002388397,0.921165086992429,0.354131277503507,0.0358963711723732,0.286068815122729,0.428664269807812,63,"ok",0.326213369048258,0.405048282055829
"VII_presencial","60-65","Men","All","Heavy",343,213.397002388397,0.921165086992429,0.00868657622386193,0.00419202669471389,0.00330148791704519,0.0226556741204809,63,"ok",0.00800177074292015,0.0868366837504907
"VII_presencial","50-59","Men","All","Declared current use",647,362.092025380551,1,0.530640641823064,0.0310068776252959,0.468597188051523,0.591751197806219,67,"ok",0.530640641823064,0.530640641823064
"VII_presencial","50-59","Men","All","Current abstainer (history unknown)",604,337.701488153126,0.925880705362817,0.50693286452385,0.031074818778132,0.445117801915931,0.568536681304334,67,"ok",0.469359358176936,0.543478652814118
"VII_presencial","50-59","Men","All","Occasional (frequency proxy)",604,337.701488153126,0.925880705362817,0.103488956511183,0.0227517331143418,0.0660804750482754,0.158480923295292,67,"ok",0.0958184280518364,0.169937722689019
"VII_presencial","50-59","Men","All","Moderate",604,337.701488153126,0.925880705362817,0.380091826236938,0.0272987648118752,0.3273021325344,0.435878927723523,67,"ok",0.351919688178897,0.42603898281608
"VII_presencial","50-59","Men","All","Heavy",604,337.701488153126,0.925880705362817,0.009486352728029,0.00413656259272373,0.00396185714070664,0.022539992455615,67,"ok",0.00878323095514797,0.0829025255923309
"VII_presencial","71-76","Women","All","Declared current use",295,157.52272878783,0.995261583745077,0.166652499987515,0.0248673652175806,0.122696211828328,0.222364845041318,65,"ok",0.165862831072651,0.170601247327574
"VII_presencial","71-76","Women","All","Current abstainer (history unknown)",287,151.696379093288,0.953745190666668,0.86962299866768,0.0211588959147012,0.821245802803753,0.906399823110714,64,"ok",0.829398752672426,0.875653562005758
"VII_presencial","71-76","Women","All","Occasional (frequency proxy)",287,151.696379093288,0.953745190666668,0.0544046994328735,0.0139640060973397,0.0323698982455846,0.0900432208136522,64,"ok",0.0518882204337687,0.0981430297671004
"VII_presencial","71-76","Women","All","Moderate",287,151.696379093288,0.953745190666668,0.0759723018994466,0.0186727330534921,0.0460997248000205,0.122712096017699,64,"ok",0.0724582175604734,0.118713026893805
"VII_presencial","71-76","Women","All","Heavy",287,151.696379093288,0.953745190666668,0,0,,,64,"boundary_no_CI",0,0.0462548093333317
"VII_presencial","77+","Men","All","Declared current use",244,128.794555470489,1,0.401052898762065,0.0437678656308952,0.317495233774363,0.490787745271295,62,"ok",0.401052898762065,0.401052898762065
"VII_presencial","77+","Men","All","Current abstainer (history unknown)",236,124.406419938881,0.978317479828131,0.612221608616415,0.044936219045536,0.519533041435681,0.697442483992372,61,"ok",0.598947101237935,0.620629621409805
"VII_presencial","77+","Men","All","Occasional (frequency proxy)",236,124.406419938881,0.978317479828131,0.0826066033618176,0.021179800763447,0.0489716393712544,0.136038416483578,61,"ok",0.0808154840180954,0.102498004189965
"VII_presencial","77+","Men","All","Moderate",236,124.406419938881,0.978317479828131,0.298276841009049,0.0420043892385658,0.221524174594391,0.388356084437512,61,"ok",0.291809447387069,0.313491967558938
"VII_presencial","77+","Men","All","Heavy",236,124.406419938881,0.978317479828131,0.00689494701271848,0.00409590824199604,0.00209488195239213,0.022446150361467,61,"sparse_or_low_df",0.00674544718503124,0.0284279673569005
"VII_presencial","77+","Women","All","Declared current use",325,181.922837856724,1,0.137515239977914,0.0239421423893234,0.0962717164430874,0.192661030073521,64,"ok",0.137515239977914,0.137515239977914
"VII_presencial","77+","Women","All","Current abstainer (history unknown)",323,180.703976048707,0.995459538567911,0.866418700716731,0.0240097083492544,0.810801881172893,0.9075505272281,64,"ok",0.862484760022086,0.867025221454175
"VII_presencial","77+","Women","All","Occasional (frequency proxy)",323,180.703976048707,0.995459538567911,0.0663047710700437,0.0180218200208308,0.0381829175525419,0.112711334244152,64,"ok",0.0660037168142367,0.0705441782463259
"VII_presencial","77+","Women","All","Moderate",323,180.703976048707,0.995459538567911,0.0672765282132256,0.0161220824153734,0.041385357214728,0.107548267597451,64,"ok",0.0669710617315886,0.0715115231636777
"VII_presencial","77+","Women","All","Heavy",323,180.703976048707,0.995459538567911,0,0,,,64,"boundary_no_CI",0,0.00454046143208914
"VII_presencial","50-59","Women","All","Declared current use",866,462.547950425531,0.999442088073449,0.249165519732509,0.0194432301480516,0.212437295981629,0.289906230155176,71,"ok",0.249026507317365,0.249584419243916
"VII_presencial","50-59","Women","All","Current abstainer (history unknown)",846,450.173897527365,0.97992736039947,0.765786946136676,0.0192424462332937,0.725269261777315,0.801960700755922,71,"ok",0.750415580756084,0.770488220356614
"VII_presencial","50-59","Women","All","Occasional (frequency proxy)",846,450.173897527365,0.97992736039947,0.0882278732495207,0.0125610401218553,0.0661855670979199,0.11669374832221,71,"ok",0.0864569069470618,0.106529546547591
"VII_presencial","50-59","Women","All","Moderate",846,450.173897527365,0.97992736039947,0.14197680968463,0.0161489492116341,0.112715986971701,0.177315676836002,71,"ok",0.139126960352198,0.159199599952727
"VII_presencial","50-59","Women","All","Heavy",846,450.173897527365,0.97992736039947,0.0040083709291733,0.00236485819579179,0.0012337348090525,0.0129422281039014,71,"sparse_or_low_df",0.00392791234412676,0.0240005519446563
"VII_presencial","71-76","Men","All","Declared current use",264,165.084887697286,1,0.504709675902987,0.0362739486115509,0.432627916832435,0.576596184403536,63,"ok",0.504709675902987,0.504709675902987
"VII_presencial","71-76","Men","All","Current abstainer (history unknown)",255,159.386304584351,0.964350365332047,0.51359997559235,0.0382802798429387,0.437356378882812,0.589215852383037,62,"ok",0.495290324097013,0.530939958764966
"VII_presencial","71-76","Men","All","Occasional (frequency proxy)",255,159.386304584351,0.964350365332047,0.129626914164723,0.022817508002797,0.0904186404293466,0.182427158811231,62,"ok",0.125005762031616,0.160655396699569
"VII_presencial","71-76","Men","All","Moderate",255,159.386304584351,0.964350365332047,0.346239959567698,0.0399190954508513,0.271280649250251,0.429698384507389,62,"ok",0.333896631501663,0.369546266169616
"VII_presencial","71-76","Men","All","Heavy",255,159.386304584351,0.964350365332047,0.0105331506752291,0.00879513210879368,0.00196648510307872,0.0543854477681466,62,"sparse_or_low_df",0.0101576477017547,0.0458072823697074
"VIII","66-70","Women","All","Declared current use",535,287.831903715267,0.995211750514128,0.204420368519434,0.0286437891854496,0.153164683618288,0.267412114584308,72,"ok",0.203441552794969,0.208229802280841
"VIII","66-70","Women","All","Current abstainer (history unknown)",528,283.377806525407,0.983421355505362,0.805117962190564,0.0283791482629472,0.7423149229493,0.855592290905526,72,"ok",0.791770197719159,0.808348842213797
"VIII","66-70","Women","All","Occasional (frequency proxy)",528,283.377806525407,0.983421355505362,0.11322748129772,0.024890668766727,0.0722677891312988,0.173071338918808,72,"ok",0.111350323138261,0.1279289676329
"VIII","66-70","Women","All","Moderate",528,283.377806525407,0.983421355505362,0.0816545565117168,0.0138247295274261,0.05799827406039,0.113794150655136,72,"ok",0.0803008346479417,0.0968794791425798
"VIII","66-70","Women","All","Heavy",528,283.377806525407,0.983421355505362,0,0,,,72,"boundary_no_CI",0,0.0165786444946381
"VIII","66-70","Men","All","Declared current use",447,289.950217768715,0.996015121185594,0.3678607582435,0.0297454108689025,0.310769353545849,0.428913497044925,70,"ok",0.366394877701324,0.37037975651573
"VIII","66-70","Men","All","Current abstainer (history unknown)",431,277.200808091295,0.952739969313613,0.660852135696449,0.0318053147177224,0.594836426127034,0.721153843738208,69,"ok",0.62962024348427,0.676880274170657
"VIII","66-70","Men","All","Occasional (frequency proxy)",431,277.200808091295,0.952739969313613,0.109260511051203,0.019587222388182,0.075870728097757,0.154881976278656,69,"ok",0.104096855946113,0.151356886632499
"VIII","66-70","Men","All","Moderate",431,277.200808091295,0.952739969313613,0.22179876790306,0.0234258084098667,0.178584319413819,0.272007555990522,69,"ok",0.211316551325758,0.258576582012145
"VIII","66-70","Men","All","Heavy",431,277.200808091295,0.952739969313613,0.00808858534928898,0.00531146802899996,0.00217214061169953,0.0296414401203018,69,"sparse_or_low_df",0.00770631855747213,0.0549663492438586
"VIII","60-65","Women","All","Declared current use",763,476.17210298938,0.988589602749058,0.206850444798515,0.0197445486894151,0.170240559582158,0.248970937839001,72,"ok",0.20449019905183,0.215900596302771
"VIII","60-65","Women","All","Current abstainer (history unknown)",752,469.730753726229,0.970821152810601,0.807666171495338,0.0193470258870126,0.76613961907983,0.843326792830199,72,"ok",0.784099403697229,0.813278250886628
"VIII","60-65","Women","All","Occasional (frequency proxy)",752,469.730753726229,0.970821152810601,0.0808597253208115,0.0128920254543024,0.058606520208432,0.11057014613499,72,"ok",0.0785003317518988,0.107679178941298
"VIII","60-65","Women","All","Moderate",752,469.730753726229,0.970821152810601,0.11147410318385,0.0151161664091331,0.0847102410977379,0.14535106976909,72,"ok",0.108221417361473,0.137400264550872
"VIII","60-65","Women","All","Heavy",752,469.730753726229,0.970821152810601,0,0,,,72,"boundary_no_CI",0,0.029178847189399
"VIII","71-76","Women","All","Declared current use",471,308.933191135369,0.998276628092391,0.148233997577727,0.0212817266902003,0.110576710233092,0.195891112631947,68,"ok",0.147978535270549,0.149701907178158
"VIII","71-76","Women","All","Current abstainer (history unknown)",462,302.742611045205,0.983809603932943,0.864291311471888,0.0215090807802459,0.815397135675585,0.901795003660081,68,"ok",0.850298092821842,0.866488488888899
"VIII","71-76","Women","All","Occasional (frequency proxy)",462,302.742611045205,0.983809603932943,0.0795984450999389,0.0179881171910542,0.0503181067538484,0.123697868127069,68,"ok",0.0783097147474491,0.0945001108145056
"VIII","71-76","Women","All","Moderate",462,302.742611045205,0.983809603932943,0.0561102434281734,0.0103961180641557,0.0386277691673715,0.0808397463129771,68,"ok",0.0552017963636523,0.0713921924307089
"VIII","71-76","Women","All","Heavy",462,302.742611045205,0.983809603932943,0,0,,,68,"boundary_no_CI",0,0.0161903960670566
"VIII","77+","Women","All","Declared current use",523,246.204293577503,0.989623109880374,0.119551341493681,0.0225704854065233,0.0813425627278337,0.17234080724199,71,"ok",0.118310770359348,0.128687660478974
"VIII","77+","Women","All","Current abstainer (history unknown)",521,251.765304833991,0.974374058303917,0.8942277681712,0.0197601964786003,0.847884725474395,0.927656701704055,71,"ok",0.871312339521026,0.89693828121711
"VIII","77+","Women","All","Occasional (frequency proxy)",521,251.765304833991,0.974374058303917,0.0380277189246745,0.00968906844962172,0.0227808745628861,0.0628229931798214,71,"ok",0.0370532228166757,0.0626791645127591
"VIII","77+","Women","All","Moderate",521,251.765304833991,0.974374058303917,0.0608125437939025,0.0150824105387421,0.036835321238551,0.0987963298669041,71,"ok",0.0592541650922494,0.0848801067883328
"VIII","77+","Women","All","Heavy",521,251.765304833991,0.974374058303917,0.00693196911022299,0.00685842692525756,0.000956554875835818,0.0484253304387133,71,"sparse_or_low_df",0.00675433087396536,0.0323802725700488
"VIII","71-76","Men","All","Declared current use",423,275.35782029975,0.97941991021456,0.36773974529269,0.0280629748419338,0.313708493745686,0.425309870851874,67,"ok",0.360171628316891,0.380751718102331
"VIII","71-76","Men","All","Current abstainer (history unknown)",408,264.658509742551,0.94847991086213,0.652884973952476,0.028254108706027,0.594571611820697,0.706945005957963,67,"ok",0.619248281897669,0.670768371035539
"VIII","71-76","Men","All","Occasional (frequency proxy)",408,264.658509742551,0.94847991086213,0.12271860933826,0.0199787205289937,0.0880771650660713,0.168467782710049,67,"ok",0.116396135646277,0.167916224784147
"VIII","71-76","Men","All","Moderate",408,264.658509742551,0.94847991086213,0.216601557939141,0.0250713575233259,0.170725209720613,0.270780245840444,67,"ok",0.205442226366715,0.256962315504585
"VIII","71-76","Men","All","Heavy",408,264.658509742551,0.94847991086213,0.00779485877012229,0.00452251901048361,0.00243922530596755,0.0246192701371677,67,"sparse_or_low_df",0.00739326695146849,0.0589133560893385
"VIII","60-65","Men","All","Declared current use",583,400.007776819141,0.981190301666616,0.431382983767373,0.0298872826178831,0.373048546641382,0.491685485279947,71,"ok",0.423268799976553,0.442078498309937
"VIII","60-65","Men","All","Current abstainer (history unknown)",564,385.85535127825,0.952266545108474,0.585887958109994,0.0304962982202328,0.524072674394664,0.645111337911259,71,"ok",0.557921501690063,0.605654956581589
"VIII","60-65","Men","All","Occasional (frequency proxy)",564,385.85535127825,0.952266545108474,0.106647136222561,0.0167713522999493,0.0775251788375141,0.144989205449817,71,"ok",0.101556499956371,0.149289954847897
"VIII","60-65","Men","All","Moderate",564,385.85535127825,0.952266545108474,0.299917996164874,0.0250367205285583,0.252476342702855,0.352075537994482,71,"ok",0.285601874023781,0.333335328915307
"VIII","60-65","Men","All","Heavy",564,385.85535127825,0.952266545108474,0.00754690950257,0.00336440732122917,0.00309551798624937,0.0182820650352424,71,"ok",0.00718666943825865,0.0549201243297846
"VIII","50-59","Women","All","Declared current use",1150,743.083620747273,0.991591759810956,0.232999514177324,0.0198932708029248,0.195736899520324,0.274930916283457,76,"ok",0.23104039829819,0.239448638487234
"VIII","50-59","Women","All","Current abstainer (history unknown)",1124,722.65754705496,0.970830674141393,0.783402689851555,0.020334602621501,0.740184404060306,0.821168846069762,76,"ok",0.760551361512766,0.789720687371373
"VIII","50-59","Women","All","Occasional (frequency proxy)",1124,722.65754705496,0.970830674141393,0.0885105207505463,0.015456448239151,0.0621794144339676,0.124511647001154,76,"ok",0.0859287285288586,0.115098054387466
"VIII","50-59","Women","All","Moderate",1124,722.65754705496,0.970830674141393,0.126199100192726,0.0139116085465016,0.100991732248252,0.156602203287318,76,"ok",0.122517957516141,0.151687283374749
"VIII","50-59","Women","All","Heavy",1124,722.65754705496,0.970830674141393,0.00188768920517216,0.0013988140126889,0.000430913864358774,0.0082287905013198,76,"sparse_or_low_df",0.00183262658362672,0.0310019524422341
"VIII","77+","Men","All","Declared current use",432,162.02951636142,0.993662851434108,0.275382162064571,0.0320149919046483,0.216294933644128,0.34353523999188,71,"ok",0.273637024391171,0.279974172957063
"VIII","77+","Men","All","Current abstainer (history unknown)",425,157.80818573848,0.974910706352618,0.738555667048454,0.0320687191868794,0.669808618487566,0.797320462986771,71,"ok",0.720025827042937,0.745115120690319
"VIII","77+","Men","All","Occasional (frequency proxy)",425,157.80818573848,0.974910706352618,0.0851558260433422,0.0224024543148968,0.0498473786850257,0.141743352517054,71,"ok",0.0830193265179553,0.108108620165338
"VIII","77+","Men","All","Moderate",425,157.80818573848,0.974910706352618,0.170158701176458,0.025159146982252,0.125672714832213,0.226315849324202,71,"ok",0.165889539555985,0.190978833203367
"VIII","77+","Men","All","Heavy",425,157.80818573848,0.974910706352618,0.00612980573174608,0.00348809578940751,0.00196543922140991,0.018950084711023,71,"sparse_or_low_df",0.0059760132357409,0.0310653068831234
"VIII","50-59","Men","All","Declared current use",881,513.744536932953,0.97292035799917,0.447134751952536,0.0215920772193034,0.404590772829128,0.490467217204005,72,"ok",0.435026502943531,0.462106144944361
"VIII","50-59","Men","All","Current abstainer (history unknown)",833,480.798559584547,0.924062184947964,0.582097031798708,0.0217924625177362,0.538126689222452,0.624800001130453,72,"ok",0.537893855055639,0.613831670107674
"VIII","50-59","Men","All","Occasional (frequency proxy)",833,480.798559584547,0.924062184947964,0.0787449950366749,0.0118462280271777,0.0581375181225854,0.105836211825541,72,"ok",0.0727652721673064,0.148703087219342
"VIII","50-59","Men","All","Moderate",833,480.798559584547,0.924062184947964,0.335037768855914,0.0211376170107959,0.29429332433557,0.378398522106019,72,"ok",0.309595732729087,0.385533547781122
"VIII","50-59","Men","All","Heavy",833,480.798559584547,0.924062184947964,0.00412020430870356,0.00222839946527538,0.00139935589585359,0.0120674254943471,72,"sparse_or_low_df",0.00380732499593263,0.0797451400479681
