"pair","age_group","sex","education","n","n_eff","phi","rho_interval","lower","upper","rho_annual","annual_lower","annual_upper","annual_time_min","annual_time_max","flag"
"VI_VII","50+","All","All",2613,1768.12112787797,0.356511601941591,0.54639632913978,0.4843173700072,0.603000891607374,0.848195015328379,0.820781847923153,0.871279383699642,0.831943226952357,0.861586595136366,"conditional_AR1_only"
"VI_VII","50+","Men","All",1105,800.732339675927,0.351398922249103,0.524843766552533,0.424410861661994,0.612519517967228,0.838947316180617,0.791784603613923,0.875004593421829,0.821813412291441,0.853082220475493,"conditional_AR1_only"
"VI_VII","50+","Women","All",1508,967.438371993546,0.245219482053593,0.425046151209394,0.330097023360201,0.511480354906448,0.792107283227663,0.739393118008806,0.833073756461318,0.770709553053143,0.809867779176264,"conditional_AR1_only"
"VI_VII","60-65","Women","All",312,214.235850151696,0.336958187802932,0.558567485176372,0.336419487606443,0.721826376611684,0.853300611825677,0.743224295229681,0.915032089346403,0.837541405732171,0.86627802227759,"conditional_AR1_only"
"VI_VII","66-70","Women","All",216,132.235492933077,0.354600828049697,0.587353733966805,0.311446595947947,0.771930101246772,0.865061638871534,0.727771399909902,0.931913580352562,0.85045207073158,0.877074856529181,"conditional_AR1_only"
"VI_VII","60-65","Men","All",221,167.566025701803,0.42774582425932,0.623565840274328,0.439208824160917,0.757527242936637,0.879275247948227,0.799211433159506,0.927144531343405,0.866082582445644,0.890104597267071,"conditional_AR1_only"
"VI_VII","45-59","Women","All",927,611.952598682317,0.2623673967238,0.441082930205417,0.320430752936274,0.547652522884743,0.800138961893234,0.73343115552817,0.848725774214975,0.779447712105698,0.817294670158166,"conditional_AR1_only"
"VI_VII","45-59","Men","All",620,473.218061614965,0.324084218579056,0.487550575425651,0.356224584384534,0.599988391119154,0.822270847693387,0.754896121044691,0.870091502243096,0.803579446152281,0.837723566272265,"conditional_AR1_only"
"VI_VII","77+","Men","All",107,86.5281916884371,0.310002607031331,0.476647601163662,0.059558825485793,0.752044732837299,0.817220508287129,0.46375519074797,0.925311833007378,0.798065957626987,0.833066494369695,"conditional_AR1_only"
"VI_VII","77+","Women","All",147,89.5719331694243,0.252498450504482,0.473911739868636,0.04195734162785,0.75660410469912,0.815940064686483,0.421546547121393,0.926836621076952,0.796668724110553,0.831885323765633,"conditional_AR1_only"
"VI_VII","71-76","Men","All",167,102.399146608587,0.325842653130285,0.496145642943529,0.180548040976833,0.719115643763326,0.826194531200391,0.627324001834734,0.914094742931506,0.807865705775782,0.841339835529864,"conditional_AR1_only"
"VI_VII","71-76","Women","All",183,107.829485325125,0.193007094108576,0.359804484717956,-0.00779021099175983,0.641732045708064,0.756955177834306,,0.886180372036968,0.732589092482346,0.777277213080702,"conditional_AR1_only"
"VI_VII","66-70","Men","All",174,127.148465820336,0.32170047432394,0.489047845131638,0.228736908755782,0.684089115635279,0.822957957671478,0.669082657580304,0.901745147214622,0.804329876706449,0.838356960662102,"conditional_AR1_only"
"VI_VII","18-29","Women","All",1232,1068.83762319552,0.284889982819871,0.443716388549364,0.343503073601019,0.533938957235744,0.801437474429297,0.747454954871032,0.842882931359445,0.780861414885856,0.818494736517639,"conditional_AR1_only"
"VI_VII","30-44","Women","All",529,241.74463301634,0.291019290459044,0.460223480090773,0.288470654606363,0.60328269614891,0.809451615317512,0.71273617850639,0.871390283116763,0.78959242775895,0.82589720725903,"conditional_AR1_only"
"VI_VII","18-29","Men","All",937,602.218936538385,0.380128415204303,0.57238844630925,0.463525416942065,0.664228875467518,0.859001053074919,0.811029503172392,0.894537202199959,0.843796470386952,0.871512886037777,"conditional_AR1_only"
"VI_VII","30-44","Men","All",327,134.427680323251,0.317205111730357,0.484817549311104,0.296077024628263,0.637120622112133,0.821012669247187,0.717807216383312,0.88444113971377,0.802205511374587,0.836563616759506,"conditional_AR1_only"
"VI_VIII","50+","All","All",2543,1821.23385586197,0.304980026411128,0.485497234653878,0.411493983447887,0.553140815773016,0.910349064296281,0.890987815942523,0.925916131036619,0.903364701678371,0.916402179461358,"conditional_AR1_only"
"VI_VIII","50+","Men","All",1034,791.489919077285,0.271452661964099,0.422791557802118,0.303996868838937,0.528639469743132,0.894130261821268,0.856601901744213,0.920479211973184,0.885963429543359,0.901217894213984,"conditional_AR1_only"
"VI_VIII","50+","Women","All",1509,1030.7061458172,0.260071816447054,0.448514684454598,0.342020184155138,0.543634298407652,0.901021264186845,0.869825583032408,0.923831969348489,0.893353701391256,0.907671707791366,"conditional_AR1_only"
"VI_VIII","18-29","Men","All",806,670.816468410649,0.242618246860333,0.374621592242711,0.256107549351502,0.48204015944874,0.880181129248781,0.837725683090507,0.909503817694071,0.871017974918855,0.888142966692583,"conditional_AR1_only"
"VI_VIII","30-44","Women","All",567,326.93381543405,0.311099681146562,0.489962073703757,0.321019523613078,0.628684256764931,0.911432992008827,0.862690192990195,0.941452892701288,0.904528567220681,0.91741628469766,"conditional_AR1_only"
"VI_VIII","30-44","Men","All",312,120.875771567588,0.153028047719667,0.243920450871962,-0.0273024476147131,0.48169262731358,0.83243328337917,,0.909418555444813,0.820008424530051,0.843275219680873,"conditional_AR1_only"
"VI_VIII","18-29","Women","All",1227,1042.31882270571,0.202723845981557,0.32402957636897,0.216576691174529,0.423725614165624,0.863737410925731,0.819666707224063,0.894386789857783,0.853424706375982,0.872710984987648,"conditional_AR1_only"
"VI_VIII","60-65","Women","All",334,230.645223056786,0.231199347091163,0.405298381202845,0.188007015403183,0.584765912351212,0.889232488811062,0.804731716979057,0.932632171140446,0.880713637753334,0.896628720208876,"conditional_AR1_only"
"VI_VIII","66-70","Women","All",223,160.697236118357,0.306176127842966,0.520752314085442,0.264247171176628,0.708454384367128,0.9186823490763,0.841139652974842,0.956185816188752,0.912315464044426,0.924196483589619,"conditional_AR1_only"
"VI_VIII","45-59","Women","All",997,682.976663511366,0.285554205286887,0.481409062389796,0.345319383209922,0.597669680327705,0.909348947016243,0.870911703386401,0.93528199608859,0.902290928228977,0.915466410340616,"conditional_AR1_only"
"VI_VIII","71-76","Men","All",130,91.8913847748537,0.27539441153891,0.433610329540513,0.0955050681447894,0.682015068081158,0.897071782459809,0.736911556040659,0.951470133749015,0.889117501137856,0.90397322244321,"conditional_AR1_only"
"VI_VIII","77+","Men","All",62,50.8555663538236,0.19579194946941,0.316578614260383,-0.103510259911491,0.640819131659094,0.86112946266535,,0.943795434099479,0.850636950311939,0.87026160159775,"conditional_AR1_only"
"VI_VIII","71-76","Women","All",160,111.640612101865,0.312559387495887,0.561032430493097,0.139702188977898,0.810352654292899,0.927622709445972,0.774259276971755,0.973035524262371,0.921925688927395,0.932553055008563,"conditional_AR1_only"
"VI_VIII","45-59","Men","All",643,516.233450792671,0.240057181544614,0.376329004048544,0.232281182318631,0.504222955922779,0.880701559269544,0.82715945920378,0.914838469859315,0.87157523003265,0.888631042058287,"conditional_AR1_only"
"VI_VIII","66-70","Men","All",166,130.17266753382,0.391220732125079,0.590102674082379,0.331429368690659,0.766263676222597,0.933734199132961,0.866276313245438,0.965985313718809,0.928499463634322,0.938262203261247,"conditional_AR1_only"
"VI_VIII","60-65","Men","All",228,179.23910102856,0.373639010221055,0.567437654689568,0.332535253586262,0.736045880190615,0.928992565889323,0.866651502266889,0.960946462313883,0.923398856037374,0.933832959010143,"conditional_AR1_only"
"VI_VIII","77+","Women","All",84,41.3068980367077,0.0874324385369909,0.177261778862872,-0.451290821440656,0.688252829406011,0.798598984911539,,0.95259684520046,0.784007083210765,0.811372231989102,"sparse_or_low_df"
