"pair","beverage","age_group","sex","education","n","n_eff","phi","rho_interval","lower","upper","rho_annual","annual_lower","annual_upper","annual_time_min","annual_time_max","flag"
"VI_VII","Beer","50+","All","All",2616,1770.93105803783,0.379764252183882,0.613033731470776,0.539310710383314,0.677431290901224,0.875204633446592,0.845184500619104,0.899345967905142,0.86160312782981,0.886375090949156,"conditional_AR1_only"
"VI_VII","Beer","50+","Men","All",1105,801.153212183083,0.366129416485645,0.56082423399498,0.463151096180354,0.645038057736269,0.854238363654159,0.810851039321024,0.887421670299979,0.83857005942783,0.867139412304491,"conditional_AR1_only"
"VI_VII","Beer","50+","Women","All",1511,969.829151484311,0.252559574765859,0.506819273423083,0.330653869215411,0.64885488020563,0.830998834340261,0.739732679205305,0.888849017240519,0.813117217799734,0.845765505392445,"conditional_AR1_only"
"VI_VII","Beer","60-65","Women","All",312,214.235850151696,0.193137106313981,0.405358746445681,0.0823598486992494,0.651294054999841,0.781939944521971,0.506564934811857,0.889757979606784,0.75966281247066,0.80045575262713,"conditional_AR1_only"
"VI_VII","Beer","66-70","Women","All",216,132.235492933077,0.4728496905356,0.793382193101787,0.403667878287983,0.939405315542955,0.938898147948731,0.781050089325235,0.983116569696966,0.931968105513058,0.944547221517475,"conditional_AR1_only"
"VI_VII","Beer","60-65","Men","All",221,167.72481152615,0.400356614133866,0.60098997800826,0.379624243253319,0.75726439194317,0.8704869259937,0.768092929172892,0.927056885918087,0.856414650830678,0.882050650798464,"conditional_AR1_only"
"VI_VII","Beer","45-59","Women","All",928,612.907942489046,0.264763295273209,0.494579853812273,0.337009885539825,0.625198844864589,0.825483446617455,0.743579371881048,0.87990190830066,0.807088734142608,0.84068458472524,"conditional_AR1_only"
"VI_VII","Beer","45-59","Men","All",620,473.218061614965,0.346903264960289,0.523422037010868,0.406390212306759,0.623556617938195,0.838327638729581,0.782481449803328,0.879271705516971,0.821135092656837,0.852512034493521,"conditional_AR1_only"
"VI_VII","Beer","77+","Men","All",107,86.5281916884371,0.217135322396364,0.414191925285966,-0.0679333747906108,0.739492954657355,0.786545190215732,,0.921079110549384,0.764664300949607,0.804720317031575,"conditional_AR1_only"
"VI_VII","Beer","77+","Women","All",149,90.8882692007664,-0.0289549506181718,,,,,,,,,"empty_or_zero_cell"
"VI_VII","Beer","71-76","Men","All",167,102.399146608587,0.259574228424078,0.447938757603972,0.0987889726169272,0.698888818194677,0.803507797482881,0.532296020713619,0.907018057903566,0.783115951562942,0.820407716458594,"conditional_AR1_only"
"VI_VII","Beer","71-76","Women","All",183,107.829485325125,0.317142795238724,0.683094105910369,0.14946376451318,0.908556805328971,0.901387673584585,0.59585306328033,0.974215165232464,0.890458241886836,0.910335571004382,"sparse_or_low_df"
"VI_VII","Beer","66-70","Men","All",174,128.067811544155,0.1958902462434,0.333821486441049,0.0654194138666524,0.55717899621314,0.741656398128687,0.475764647586243,0.852722279346091,0.716062740994567,0.763048605097508,"conditional_AR1_only"
"VI_VII","Beer","18-29","Women","All",1233,1069.76077009847,0.293290585172565,0.464675939252045,0.357829493208169,0.559512036389144,0.811577378799757,0.755821072043315,0.853693438106573,0.791910051789205,0.827859551582785,"conditional_AR1_only"
"VI_VII","Beer","30-44","Women","All",529,241.74463301634,0.238707131282915,0.40381771429506,0.237108038491275,0.547424727641266,0.781129053093264,0.675665942982732,0.848629593435146,0.758782508381683,0.799704601279986,"conditional_AR1_only"
"VI_VII","Beer","18-29","Men","All",937,602.218936538385,0.365476437480908,0.549983560760637,0.440839029509362,0.643100921064212,0.849708326965194,0.800018413560966,0.886694902608885,0.833602129424615,0.862977425384498,"conditional_AR1_only"
"VI_VII","Beer","30-44","Men","All",327,134.427680323251,0.267678284826512,0.411178148819026,0.194034822166901,0.589911331349861,0.784982036702508,0.639756374519474,0.866086130256175,0.76296626439357,0.803273067619274,"conditional_AR1_only"
"VI_VII","Wine","50+","All","All",2618,1772.76786112866,0.344161311788512,0.548984733515082,0.485654868543523,0.606581870427725,0.849287684317108,0.821398685440907,0.872685822274972,0.833140983238559,0.862590851536839,"conditional_AR1_only"
"VI_VII","Wine","50+","Men","All",1109,804.624766374661,0.351225061027784,0.533526708079328,0.442904137095106,0.613357898295713,0.842705605095075,0.801037566773402,0.875330678524269,0.825928620830863,0.856539490726871,"conditional_AR1_only"
"VI_VII","Wine","50+","Women","All",1509,968.193548905827,0.243954902136652,0.449548427260891,0.34533967664481,0.542806404019095,0.804293316807008,0.748541486407921,0.846673313006721,0.783971543720584,0.821133414080648,"conditional_AR1_only"
"VI_VII","Wine","60-65","Women","All",312,214.235850151696,0.377035716848255,0.640464834864669,0.411855226045193,0.793228596071179,0.885703342657352,0.785333940144898,0.938848629724881,0.873161255131523,0.895990691014156,"conditional_AR1_only"
"VI_VII","Wine","66-70","Women","All",216,132.235492933077,0.335034894846136,0.573502154728891,0.289736041741189,0.764590495314575,0.859456023091319,0.713586482731984,0.929491470042517,0.844295917270269,0.871930554159508,"conditional_AR1_only"
"VI_VII","Wine","60-65","Men","All",221,167.566025701803,0.361145014152774,0.546952261570114,0.350777306672088,0.697140044150133,0.84843001371441,0.751733922483954,0.906399254227703,0.832200810982188,0.861802589167761,"conditional_AR1_only"
"VI_VII","Wine","45-59","Women","All",928,612.662361599722,0.213206855940488,0.403172755105995,0.27554210584334,0.516835406807553,0.780789007010134,0.703889059396485,0.835440691908138,0.75841338615425,0.799389585033434,"conditional_AR1_only"
"VI_VII","Wine","45-59","Men","All",623,475.814465802891,0.314230845241701,0.482726349461335,0.346871339704675,0.598741444647404,0.820046473025469,0.74944440527175,0.869598539458811,0.801150590007636,0.835672738934576,"conditional_AR1_only"
"VI_VII","Wine","77+","Men","All",107,86.5281916884371,0.337626578230832,0.527518574575735,0.148994781434722,0.771202847835895,0.840109859876109,0.595343178070009,0.931674332552737,0.823086130253098,0.854151807800987,"conditional_AR1_only"
"VI_VII","Wine","77+","Women","All",147,89.5719331694243,0.197038274742572,0.389063778433505,-0.0424411813805991,0.698240783946757,0.773249195855542,,0.906788882519591,0.750233738251161,0.792401393317981,"conditional_AR1_only"
"VI_VII","Wine","71-76","Men","All",167,102.399146608587,0.312675861632568,0.47879143112985,0.179021272348989,0.697214121413265,0.818220136338676,0.625874467541559,0.906425489360462,0.799156941103419,0.833988498700945,"conditional_AR1_only"
"VI_VII","Wine","71-76","Women","All",183,107.829485325125,0.226473082719607,0.42019317308439,0.0380915398779967,0.695093088823677,0.789633372915862,0.410591651165259,0.905673502738187,0.768020125028868,0.80757871464006,"conditional_AR1_only"
"VI_VII","Wine","66-70","Men","All",175,127.823219579294,0.394762827950244,0.594239121499137,0.366759346525516,0.75466926847321,0.867812367111361,0.760913186457146,0.926190373748534,0.853474669752556,0.8795980528674,"conditional_AR1_only"
"VI_VII","Wine","18-29","Women","All",1232,1068.83762319552,0.267600806672884,0.493383747652014,0.358136592412142,0.608350971555401,0.824939144837922,0.755997717152929,0.873378412732617,0.806494052060544,0.840182984789562,"conditional_AR1_only"
"VI_VII","Wine","30-44","Women","All",530,242.236604260959,0.225947245869472,0.419722604343429,0.233685917075129,0.576113487538112,0.789392386696979,0.672995457873545,0.860520284544406,0.767758197867856,0.807355698004866,"conditional_AR1_only"
"VI_VII","Wine","18-29","Men","All",937,602.218936538385,0.231540899702005,0.382956261898976,0.217636904562283,0.526914885329551,0.769923560501166,0.660077315783889,0.839847855665405,0.746628857851822,0.789317007152803,"conditional_AR1_only"
"VI_VII","Wine","30-44","Men","All",327,134.427680323251,0.378144206691137,0.564414608199908,0.330017848834511,0.733253244515326,0.855724637013266,0.739344804032631,0.918955472432862,0.84020067788428,0.868504473116359,"conditional_AR1_only"
"VI_VII","Spirits","50+","All","All",2620,1774.86885422927,0.305792292827194,0.613969138983131,0.50275100249958,0.705191577153601,0.875568214104112,0.829176428738758,0.909238985243803,0.862003126031073,0.886708271391689,"conditional_AR1_only"
"VI_VII","Spirits","50+","Men","All",1108,804.686411522699,0.33049122752204,0.61384516194545,0.465109351187275,0.728875919742256,0.875520049031255,0.81178351246201,0.917457822624715,0.861950135449933,0.886664134320864,"conditional_AR1_only"
"VI_VII","Spirits","50+","Women","All",1512,970.261208097012,0.245999383771306,0.574926161512806,0.401131902198737,0.708767878575828,0.860036820085707,0.779710380222361,0.910492764280642,0.844933536842406,0.872463702443322,"conditional_AR1_only"
"VI_VII","Spirits","60-65","Women","All",313,215.204743138925,0.268271434150951,0.626147568491438,0.396589391356339,0.782005584025903,0.880265431233848,0.777295170157551,0.935211404284462,0.867172585669219,0.891011556793707,"conditional_AR1_only"
"VI_VII","Spirits","66-70","Women","All",216,132.235492933077,0.0643514254972053,0.220893105700982,-0.187318285657716,0.564045215715514,0.662753025880238,,0.855572041104273,0.631480387007621,0.689206026213402,"sparse_or_low_df"
"VI_VII","Spirits","60-65","Men","All",222,168.488689229337,0.342958634665574,0.638754213803449,0.300612170602771,0.834245564882597,0.88505830531213,0.720785762927931,0.951831426843194,0.872450661262792,0.895400225551367,"conditional_AR1_only"
"VI_VII","Spirits","45-59","Women","All",929,613.173823403754,0.323277176000571,0.647922132771552,0.416268526996095,0.800588151808733,0.888500770266893,0.787617450712722,0.941213481270629,0.876243694531475,0.89855097573067,"conditional_AR1_only"
"VI_VII","Spirits","45-59","Men","All",622,475.177134125231,0.261012557947297,0.496309205595752,0.310844955901789,0.645364745195458,0.826268717005593,0.727388161359479,0.887544079135548,0.807946769951879,0.841408193234756,"conditional_AR1_only"
"VI_VII","Spirits","77+","Men","All",107,86.5281916884371,0.259922386900003,0.539584859604659,0.111715173547285,0.798679915063393,0.845301513807476,0.550428194185462,0.940601830125755,0.828772319542922,0.858926624323085,"sparse_or_low_df"
"VI_VII","Spirits","77+","Women","All",148,90.1296394980373,-0.010106769738255,,,,,,,,,"empty_or_zero_cell"
"VI_VII","Spirits","71-76","Men","All",167,102.399146608587,0.312163936460428,0.649005958524377,0.119793949812962,0.891006208611087,0.888905388974768,0.560997262705297,0.969052359484464,0.876689631712954,0.898921230652207,"sparse_or_low_df"
"VI_VII","Spirits","71-76","Women","All",183,107.829485325125,-0.00651417822662573,,,,,,,,,"empty_or_zero_cell"
"VI_VII","Spirits","66-70","Men","All",174,127.148465820336,0.322579790300894,0.635855794612446,0.0537260742141555,0.895414420495782,0.883962500706014,0.450915997722858,0.970356019769016,0.871243627209912,0.894397035060896,"sparse_or_low_df"
"VI_VII","Spirits","18-29","Women","All",1233,1069.76077009847,0.254861722276309,0.462853731373932,0.33185529358475,0.576338260711583,0.810709190728553,0.740463885625367,0.860611727768326,0.790963419220372,0.827058165065993,"conditional_AR1_only"
"VI_VII","Spirits","30-44","Women","All",530,242.236604260959,0.0917346382338642,0.222058708304844,-0.0656469242580848,0.475677364979099,0.663703857697117,,0.816767029692501,0.632492892652328,0.690100671345517,"conditional_AR1_only"
"VI_VII","Spirits","18-29","Men","All",934,600.151700607483,0.17879762120882,0.293861212160821,0.160269213399196,0.416881356369827,0.716339853086508,0.60729110953437,0.78793314336758,0.688803044543787,0.739441274978894,"conditional_AR1_only"
"VI_VII","Spirits","30-44","Men","All",327,134.427680323251,0.169767199915167,0.314038742300666,0.0730274043454836,0.52039543212123,0.729416437548717,0.49023857528639,0.837004367725013,0.70286942411001,0.751644748276505,"conditional_AR1_only"
"VI_VIII","Beer","50+","All","All",2545,1822.58469586444,0.282265338259122,0.498317815898763,0.425983158062263,0.564322193189098,0.913438626696571,0.895004773186488,0.928327965926962,0.906682413278218,0.919292499765619,"conditional_AR1_only"
"VI_VIII","Beer","50+","Men","All",1034,791.397956703092,0.237812368940712,0.39387914640346,0.282591482918774,0.494704547241311,0.885935128293088,0.84851026327595,0.912574949647821,0.877180619668623,0.893538115804583,"conditional_AR1_only"
"VI_VIII","Beer","50+","Women","All",1511,1032.15575093574,0.229464202063807,0.484147140094973,0.362413607071573,0.58963890359859,0.910019594507234,0.876398733373173,0.933638776459858,0.903010956563273,0.916093915976303,"conditional_AR1_only"
"VI_VIII","Beer","18-29","Men","All",807,671.588523519478,0.265877032988497,0.406184992282211,0.306187814387073,0.497316407552213,0.889485107203367,0.857401898388303,0.913199807961658,0.880984354770503,0.896865465154699,"conditional_AR1_only"
"VI_VIII","Beer","30-44","Women","All",568,327.272995832298,0.170370548077521,0.307151205665651,0.0463526583741796,0.528749451039329,0.857752093316923,0.670818929989162,0.920504102735615,0.847027753528151,0.867088800271189,"conditional_AR1_only"
"VI_VIII","Beer","30-44","Men","All",312,120.875771567588,0.0396175623480766,0.062724991946341,-0.190539517313865,0.308160708795988,0.697720283410798,,0.858118026174833,0.677428804147149,0.715666548752655,"conditional_AR1_only"
"VI_VIII","Beer","18-29","Women","All",1227,1042.31882270571,0.197964075415542,0.326495286269344,0.22097967364646,0.424455990801566,0.864588960915838,0.821813881924853,0.894587037025671,0.854335116983878,0.873510647132511,"conditional_AR1_only"
"VI_VIII","Beer","60-65","Women","All",334,230.645223056786,0.154871705527631,0.350542248456742,-0.00492369998090135,0.627357961441845,0.872612789375908,,0.941194482645154,0.862917167854488,0.881042835732817,"conditional_AR1_only"
"VI_VIII","Beer","66-70","Women","All",223,160.697236118357,0.313049653572731,0.665711570576458,0.309954354388858,0.857945681588121,0.948482366187494,0.858765636316775,0.980280924043137,0.94437770379621,0.952028625036573,"sparse_or_low_df"
"VI_VIII","Beer","45-59","Women","All",999,684.388436297551,0.235947624447722,0.470442941280687,0.311686194354679,0.603647539703294,0.90662926955194,0.859387844546386,0.936492731829203,0.899371443200658,0.912921351104115,"conditional_AR1_only"
"VI_VIII","Beer","71-76","Men","All",130,91.8913847748537,0.181417236716951,0.345366898555827,-0.150743979522746,0.702514857423946,0.870927279723562,,0.955139950743623,0.861113857414366,0.879461008366605,"conditional_AR1_only"
"VI_VIII","Beer","77+","Men","All",62,50.8555663538236,0.157783566981061,0.329574569411995,-0.26034990745856,0.740319297419279,0.865644590791555,,0.961669864121031,0.855463815899166,0.874501876745063,"sparse_or_low_df"
"VI_VIII","Beer","71-76","Women","All",160,111.640612101865,0.324180048525193,0.70465509437187,-0.106642580427946,0.952681048779466,0.955517699269948,,0.993718613384214,0.951959271402259,0.958590301706949,"sparse_or_low_df"
"VI_VIII","Beer","45-59","Men","All",645,517.987753149949,0.252965761748549,0.401210046953157,0.261817484478387,0.524205985999449,0.888061360047866,0.840130270176781,0.919472063248938,0.879458686898007,0.895531118091479,"conditional_AR1_only"
"VI_VIII","Beer","66-70","Men","All",165,129.172674915753,0.33096618624622,0.541430956116639,0.239780403360921,0.747742306365778,0.923344396704161,0.830582993962701,0.962917835392768,0.917325867636851,0.928554820561161,"conditional_AR1_only"
"VI_VIII","Beer","60-65","Men","All",229,180.201676049345,0.294212938745003,0.486365139525115,0.261413620870639,0.661204727449623,0.910560442450675,0.839961700841215,0.947645217927888,0.903591659698385,0.916599948127699,"conditional_AR1_only"
"VI_VIII","Beer","77+","Women","All",84,41.3068980367077,,,,,,,,,,"empty_or_zero_cell"
"VI_VIII","Wine","50+","All","All",2547,1824.32295163292,0.281423360304269,0.469302119385176,0.387252565748076,0.543976504770618,0.906343179024947,0.883983338738171,0.923907541118622,0.899064376057609,0.912653597873973,"conditional_AR1_only"
"VI_VIII","Wine","50+","Men","All",1036,793.387645527771,0.270224550514131,0.431458090396626,0.307565322261117,0.540965609403595,0.896491737071452,0.85790233204276,0.923241200438275,0.888495475110282,0.903429943297829,"conditional_AR1_only"
"VI_VIII","Wine","50+","Women","All",1511,1031.93987667715,0.226494500005552,0.419597904754206,0.300998542321804,0.525415018802228,0.893249419976635,0.855498931117739,0.919747450349358,0.885019104461969,0.900392683560551,"conditional_AR1_only"
"VI_VIII","Wine","18-29","Men","All",805,669.832835793765,0.19935242712529,0.340048040559046,0.202728663907513,0.4642513789707,0.869171978362656,0.812656622616684,0.905069260606332,0.859236181670954,0.87781345283206,"conditional_AR1_only"
"VI_VIII","Wine","30-44","Women","All",568,327.60367152769,0.23458471869451,0.424849990241205,0.237770419236648,0.581536566832976,0.894694935301803,0.829674639604556,0.931961062581073,0.88656883979094,0.901746874525244,"conditional_AR1_only"
"VI_VIII","Wine","30-44","Men","All",312,120.875771567588,0.268397523713858,0.421428956413531,0.14430652693356,0.637253551849023,0.893755153027197,0.777529744767472,0.943111159551321,0.885561276917696,0.900866483123078,"conditional_AR1_only"
"VI_VIII","Wine","18-29","Women","All",1226,1041.32640663809,0.119566255857528,0.259339709927932,0.12044982323116,0.388271683954252,0.839092481698035,0.759478624743968,0.884285390906784,0.827108435599635,0.849543413175209,"conditional_AR1_only"
"VI_VIII","Wine","60-65","Women","All",334,230.645223056786,0.244539227897165,0.447708586382572,0.182087682154125,0.652431314180944,0.900810600193863,0.801392230697443,0.946001213279201,0.893127705428603,0.907474460780938,"conditional_AR1_only"
"VI_VIII","Wine","66-70","Women","All",223,160.697236118357,0.283043058738515,0.498903551016111,0.239371369954617,0.691895764964453,0.91357812101922,0.830398681419572,0.953250756844181,0.906832230314766,0.919422981978716,"conditional_AR1_only"
"VI_VIII","Wine","45-59","Women","All",999,684.150103686701,0.197911732088999,0.378806550498893,0.230283259180343,0.510083383385055,0.881453089935115,0.826231157978845,0.916213682601756,0.872379985881375,0.889335814847788,"conditional_AR1_only"
"VI_VIII","Wine","71-76","Men","All",130,91.8913847748537,0.287864336360667,0.453954963656187,0.125174594965354,0.692896984386858,0.902434463797497,0.763286644487042,0.953429952220413,0.894869864600637,0.908994818019775,"conditional_AR1_only"
"VI_VIII","Wine","77+","Men","All",62,50.8555663538236,0.213983586441483,0.348250409418408,-0.093501055855531,0.675438501699548,0.871869071815505,,0.95027247368305,0.862121436403654,0.880344893746182,"conditional_AR1_only"
"VI_VIII","Wine","71-76","Women","All",160,111.640612101865,0.331359168818518,0.58700198793536,0.160894121294844,0.828663235027378,0.933094975881658,0.788604962322191,0.975865813626022,0.927811722667432,0.937665186137001,"conditional_AR1_only"
"VI_VIII","Wine","45-59","Men","All",646,519.187662987265,0.183581897259218,0.300144486398939,0.134107851467256,0.449789342880635,0.855183007336558,0.770156977633828,0.901353709471255,0.844283101808845,0.864674734254358,"conditional_AR1_only"
"VI_VIII","Wine","66-70","Men","All",166,130.17266753382,0.45230808902353,0.675446190814994,0.454130546097451,0.818247628093848,0.950273879862785,0.902479828199891,0.974262613785474,0.946307877230617,0.953699849291038,"conditional_AR1_only"
"VI_VIII","Wine","60-65","Men","All",228,179.23910102856,0.346307610143943,0.539074387639483,0.289822300407102,0.719847084840352,0.922821002756037,0.85130155443735,0.958170735916417,0.91676326125284,0.928065600799937,"conditional_AR1_only"
"VI_VIII","Wine","77+","Women","All",84,41.3068980367077,-0.0364606345461603,-0.0859351185001294,-0.618274903871542,0.500454584263433,,,0.913946816553455,,,"sparse_or_low_df"
"VI_VIII","Spirits","50+","All","All",2547,1824.77909261186,0.177753065804689,0.435899156979438,0.303543860042272,0.551750841521439,0.89768589759477,0.856435865644825,0.925613354521331,0.889776098643805,0.904548384809436,"conditional_AR1_only"
"VI_VIII","Spirits","50+","Men","All",1037,794.259498411167,0.152573030536787,0.359548591323932,0.153012068822745,0.535989523181465,0.875495028072542,0.783472716312878,0.922132837490968,0.866001508663,0.883747277425709,"conditional_AR1_only"
"VI_VIII","Spirits","50+","Women","All",1510,1031.50443883951,0.200199842155748,0.507934717891624,0.360730570623613,0.630448021661091,0.915711078714129,0.875868613562934,0.941795803814067,0.909123262391299,0.9214179637936,"conditional_AR1_only"
"VI_VIII","Spirits","18-29","Men","All",805,669.774030173207,0.177273757263253,0.293525709927747,0.158613466319013,0.417677990434051,0.85270778324894,0.787142863765334,0.892717076933114,0.84163936569174,0.862348382431152,"conditional_AR1_only"
"VI_VIII","Spirits","30-44","Women","All",569,327.943079077639,0.209247442291693,0.433522734772629,0.147891538907103,0.652401854804698,0.897048223930361,0.780013902635918,0.945995660719443,0.889092236923083,0.903951157656826,"conditional_AR1_only"
"VI_VIII","Spirits","30-44","Men","All",312,120.875771567588,0.143192580693289,0.258348335810154,-0.00480097470599134,0.488034156448766,0.83867483797352,,0.910966010698685,0.826663009307634,0.849150395473453,"conditional_AR1_only"
"VI_VIII","Spirits","18-29","Women","All",1226,1041.32640663809,0.129119824271405,0.262538005446709,0.112005793331439,0.401291164038549,0.840430448653299,0.752336939615559,0.888084697292911,0.828535529389643,0.850802395099306,"conditional_AR1_only"
"VI_VIII","Spirits","60-65","Women","All",333,229.934328242422,0.0498578262529682,0.197763864917379,-0.209992692941046,0.546917297163415,0.810041625833593,,0.924555276936585,0.796168875236271,0.822172187438924,"sparse_or_low_df"
"VI_VIII","Spirits","66-70","Women","All",223,160.697236118357,0.251772113321007,0.665294446265206,0.124729233303727,0.901303710592207,0.94840509255456,0.762933085645156,0.98658334269289,0.944294456051705,0.95195653485793,"sparse_or_low_df"
"VI_VIII","Spirits","45-59","Women","All",999,684.365613611517,0.250303869493725,0.553882316705486,0.369284174546327,0.696430247996736,0.926077380692959,0.878540833923973,0.95406053057629,0.9202640300082,0.931109041095538,"conditional_AR1_only"
"VI_VIII","Spirits","71-76","Men","All",130,91.8913847748537,0.0878957831809051,0.252632779039104,-0.33696569661653,0.699903723679186,0.836239448889772,,0.954677731384555,0.824065975373138,0.846858331845151,"sparse_or_low_df"
"VI_VIII","Spirits","77+","Men","All",62,50.8555663538236,0.12766267217845,0.358797043411861,-0.477777552471787,0.85409807573946,0.875256931984355,,0.979708346387433,0.865746685727892,0.883523892630503,"sparse_or_low_df"
"VI_VIII","Spirits","71-76","Women","All",160,111.640612101865,-0.0169164510823327,,,,,,,,,"empty_or_zero_cell"
"VI_VIII","Spirits","45-59","Men","All",645,518.23139722059,0.116900004846046,0.275640134040616,0.0326128067541749,0.487892498220165,0.845767643264548,0.64085216348793,0.91093163489407,0.834230105075917,0.85582311105464,"conditional_AR1_only"
"VI_VIII","Spirits","66-70","Men","All",166,130.17266753382,-0.0391448651207091,,,,,,,,,"empty_or_zero_cell"
"VI_VIII","Spirits","60-65","Men","All",229,180.201676049345,0.208600358138657,0.460684072790713,-0.0525694928951479,0.781408167765902,0.904162214257554,,0.968445947674629,0.896723760857621,0.910612228359697,"sparse_or_low_df"
"VI_VIII","Spirits","77+","Women","All",84,41.3068980367077,,,,,,,,,,"empty_or_zero_cell"
