"wave","block","variable","label","codes"
"VI","a","a8","sexo","Hombre=1; Mujer=2"
"VI","a","a9","¿Qué edad tiene?",""
"VI","a","a12n","¿Cuál es el nivel más alto alcanzado o nivel educacional actual?","Preescolar=1; Básica=2; Diferencial=3; Preparatoria=4; Humanidades=5; Medica Cientifico-Humanista=6; Técnica, Comercial, Industrial o Normalista=7; Media Técnico Profesional=8; Centro de Formación Técnica=9; Instituto Profesional=10; Universitaria=11; Postgrado=12; Ninguno=13; No responde=88; No sabe=99"
"VI","a","a12c","¿Qué curso (o año) realiza actualmente o cuál es su último curso (o año) aprobad","Ninguno=80; No responde=88; No sabe=99"
"VI","a","a12e","¿Completó el nivel educacional antes mencionado?","Si=1; No=2; No responde=8; No sabe=9"
"VI","a","a12d","¿En qué situación se encuentra?","Titulado=1; Aprobe todos los cursos pero no tengo título=2; No he aprobado todos los cursos del nivel educacional=3; No responde=8; No sabe=9"
"VI","a","a12r","¿Porque no ha terminado sus estudios o no se ha titulado?","Dificultad económica=1; Trabaja(ba) o busca(ba) trabajo=2; Ayuda(ba) en casa o quehacer del hogar=3; Maternidad, paternidad, embarazo=4; No le interesa(ba)=5; Tiene una discapacidad o requiere de establecimiento especial=6; Problemas de Rendimineto=7; Expulsión o cancelación de matrícula=8; Dificultad de acceso a movilización=9; Sigue estudiando=10; Terminó de estudiar=11; Otra=12; No responde=88; No sabe=99"
"VI","a","a12re_cod","Especifique","Problemas de Salud=1; Cursa Servicio Militar=2; Cierre establecimiento=3; Falta de interés de los padres=4; Congela Estudios=5; Contrae Matrimonio=6; Razones Personales=7; No tiene edad suficiente=8; Cambio ciudad=9; Desinterés por carrera=10; Falta(ba) oferta de colegios en la zona=11; Fallecimiento de Familiar=12; Proceso de Titulación (Práctica Profesional o Tesis)=13; Drogadiccion=14; Centro educacional No acreditado=15; Bulling/Maltrato=16; Actualmente en Sala Cuna=17; Falta de Tiempo=18; Problemas Administrativos con establecimiento=19; Otros=20; Por Golpe Militar=21; Toma del establecimiento=22; Dejó la carrera por cambio de intereses=23; FFAA/Carabineros=24; Abandono por parte de los padres=25; Se retira del país=26; Por toma del establecimiento=27; Por viaje=28; Por irse de su vivienda=29; Perseguida Politica=30; Por machismo del tiempo=31; No responde=88; No sabe=99"
"VI","a","folio_n20","",""
"VI","f","f13_1","¿Consume Usted Cerveza?","Sí=1; No=2; No responde=8; No sabe=9"
"VI","f","f13_2","¿Consume Usted Vino?","Sí=1; No=2; No responde=8; No sabe=9"
"VI","f","f13_3","¿Consume Usted Pisco u otro licor?","Sí=1; No=2; No responde=8; No sabe=9"
"VI","f","f14_1","En el último mes, ¿cuántos días a la semana consumió Cerveza?","Menos de 1 día=0; 1 día=1; 2 días=2; 3 días=3; 4 días=4; 5 días=5; 6 días=6; 7 días=7; No responde=8; No sabe=9"
"VI","f","f14_2","En el último mes, ¿cuántos días a la semana consumió Vino?","Menos de 1 día=0; 1 día=1; 2 días=2; 3 días=3; 4 días=4; 5 días=5; 6 días=6; 7 días=7; No responde=8; No sabe=9"
"VI","f","f14_3","En el último mes, ¿cuántos días a la semana consumió Pisco u otro licor?","Menos de 1 día=0; 1 día=1; 2 días=2; 3 días=3; 4 días=4; 5 días=5; 6 días=6; 7 días=7; No responde=8; No sabe=9"
"VI","f","f15_1","De las veces que tomó Cerveza, ¿cuántos vasos o copas tomó aproximadamente??","No responde=88; No sabe=99"
"VI","f","f15_2","De las veces que tomó Vino, ¿cuántos vasos o copas de tomó aproximadamente?","No responde=88; No sabe=99"
"VI","f","f15_3","De las veces que tomó Pisco y otro licor, ¿cuántos vasos o copas tomó aproximada","No responde=8888; No sabe=9999"
"VI","f","folio_n20","",""
"VI","w","factor_EPS2015","Factor de Expansión EPS 2015",""
"VI","w","factor_PANEL2002_origen","Factor Expansión Afiliados 2002",""
"VI","w","factor_PANEL2002_destino","Factor de Expansión Población Afiliados 2002_2015",""
"VI","w","factor_PANEL2004_destino","Factor de Expansión Población 2004_2015",""
"VI","w","factor_PANEL2004_origen","Factor Expansión Población 2004",""
"VI","w","folio_n20","",""
"VII_presencial","a","a8","Sexo","Hombre=1; Mujer=2"
"VII_presencial","a","a9","¿Qué edad tiene?",""
"VII_presencial","a","a12_n","¿Cuál es su último nivel y curso aprobado? Nivel","Educación Preescolar o Educación Parvularia=1; Educación Básica=2; Educación Diferencial=3; Preparatoria (Sistema Antiguo)=4; Humanidades (Sistema Antiguo)=5; Educación Media Científico-Humanista=6; Técnica, Comercial, Industrial o Normalista (Sistema Antiguo)=7; Educación Media Técnica Profesional=8; Centro de Formación Técnica=9; Instituto Profesional=10; Universitaria=11; Universitaria de Postgrado=12; Ninguno=13; No responde=88; No sabe=99"
"VII_presencial","a","a12_c","¿Cuál es su último nivel y curso aprobado? Curso","Sala cuna=1; Jardín Infantil=2; Nivel Transición: Prekinder=3; Nivel Transición: Kinder=4; Primero básico=5; Segundo básico=6; Tercero básico=7; Cuarto básico=8; Quinto básico=9; Sexto básico=10; Séptimo básico=11; Octavo básico=12; Primero preparatoria=13; Segundo preparatoria=14; Tercero preparatoria=15; Cuarto preparatoria=16; Quinto preparatoria=17; Sexto preparatoria=18; Primera humanidades=19; Segunda humanidades=20; Tercera humanidades=21; Cuarta humanidades=22; Quinta humanidades=23; Sexta humanidades=24; Primero medio=25; Segundo medio=26; Tercero medio=27; Cuarto medio=28; Quinto medio=29; Primera técnica, comercial, industrial o normalista=30; Segunda técnica, comercial, industrial o normalista=31; Tercera técnica, comercial, industrial o normalista=32; Cuarta técnica, comercial, industrial o normalista=33; Quinta técnica, comercial, industrial o normalista=34; Sexta técnica, comercial, industrial o normalista=35; Primer año=36; Segundo año=37; Tercer año=38; Cuarto año=39; Quinto año=40; Sexto año=41; Séptimo año=42; Octavo año=43; Noveno año=44; Décimo año o más=45; Ninguno=80; No responde=88; No sabe=99"
"VII_presencial","a","a12_e","¿Completó el nivel educacional anteriormente declarado?","Sí=1; No=2; No responde=8; No sabe=9"
"VII_presencial","a","a12_d","¿En qué situación se encuentra?","Titulado=1; Licenciado/a=2; Egresado/a=3; Suspendió sus estudios (congeló estudios)=4; Sigo estudiando=5; No responde=88; No sabe=99"
"VII_presencial","a","a12_r","¿Por qué no ha terminado sus estudios o no se ha titulado?","Dificultad económica=1; Trabaja(ba) o busca(ba) trabajo=2; Ayuda(ba) en casa o quehacer del hogar=3; Maternidad, paternidad, embarazo=4; No le interesa(ba)=5; Tiene una discapacidad o requiere de establecimiento especial=6; Problemas de rendimiento=7; Expulsión o cancelación de la matrícula=8; Dificultad de acceso o movilización=9; Sigue estudiando=10; Terminó de estudiar=11; Otra. Especificar=12; No responde=88; No sabe=99"
"VII_presencial","a","a12_r_e_cod","VAR_COD: ¿Por qué no ha terminado sus estudios o no se ha titulado? Especifique'","Dificultad Económica=1; Trabaja(Ba) O Busca(Ba) Trabajo=2; Ayuda(Ba En Casa O Quehacer Del Hogar=3; Maternidad;Paternidad, Embarazo=4; No Le Interesa(Ba)=5; Tiene Una Discapacidad O Requiere De Establecimiento Especial=6; Problemas De Rendimiento=7; Expulsión O Cancelación De Matricula=8; Dificultad De Acceso O Movilización=9; Sigue Estudiando=10; Terminó De Estudiar=11; Otros=12; Proceso De Titulación (Práctica Profesional O Tesis)=13; Drogadiccion=14; Centro Educacional No Acreditado=15; Bulling/Maltrato=16; Actualmente En Sala Cuna=17; Falta De Tiempo=18; Problemas Administrativos Con Establecimiento=19; Por Golpe Militar=21; Toma Del Establecimiento=22; Ffaa/Carabineros=24; Abandono Por Parte De Los Padres=25; Se Retira Del País=26; Por Viaje=28; Por Irse De Su Vivienda=29; Perseguida Politica=30; Por Machismo=31; Problemas De Salud / Accidente / Depresión  / Enfermedad=32; Cambio De Carrera=33; Estallido Social=36; No Ha Sido Seleccionado / Postulación Universitaria Fallida=37; No Se Adaptó Al Centro Educacional=38; No Había Mas Estudios / No Hay Oferta Educativa Superior=41; Huelga / Paro Educacional=43; Dejación / Flojera=44; Vive En El Campo=45; Problemas Para Convalidar=46; Vacaciones=47; Perdió Su Tesis Y No Quiso Realizarla Nuevamente=48; Cursa Servicio Militar=49; Cierre Establecimiento=50; Falta De Interés De Los Padres=51; Congela Estudios=52; Contrae Matrimonio=53; Razones Personales=54; No Tiene Edad Suficiente=55; Cambio Ciudad=56; Desinterés Por Carrera=57; Falta(Ba) Oferta De Colegios En La Zona=58; Fallecimiento De Familiar=59; Problemas Con Los Profesores=60; No Responde=88; No Sabe=99"
"VII_presencial","a","a12_c_ed","VAR_ED ¿Cuál es su último nivel y curso aprobado? Curso","Sala cuna=1; Jardín Infantil=2; Nivel Transición: Prekinder=3; Nivel Transición: Kinder=4; Primero básico=5; Segundo básico=6; Tercero básico=7; Cuarto básico=8; Quinto básico=9; Sexto básico=10; Séptimo básico=11; Octavo básico=12; Primero preparatoria=13; Segundo preparatoria=14; Tercero preparatoria=15; Cuarto preparatoria=16; Quinto preparatoria=17; Sexto preparatoria=18; Primera humanidades=19; Segunda humanidades=20; Tercera humanidades=21; Cuarta humanidades=22; Quinta humanidades=23; Sexta humanidades=24; Primero medio=25; Segundo medio=26; Tercero medio=27; Cuarto medio=28; Quinto medio=29; Primera técnica, comercial, industrial o normalista=30; Segunda técnica, comercial, industrial o normalista=31; Tercera técnica, comercial, industrial o normalista=32; Cuarta técnica, comercial, industrial o normalista=33; Quinta técnica, comercial, industrial o normalista=34; Sexta técnica, comercial, industrial o normalista=35; Primer año=36; Segundo año=37; Tercer año=38; Cuarto año=39; Quinto año=40; Sexto año=41; Séptimo año=42; Octavo año=43; Noveno año=44; Décimo año o más=45; Ninguno=80; No responde=88; No sabe=99"
"VII_presencial","a","a12_n_ed","VAR_ED ¿Cuál es su último nivel y curso aprobado? Nivel","Educación Preescolar o Educación Parvularia=1; Educación Básica=2; Educación Diferencial=3; Preparatoria (Sistema Antiguo)=4; Humanidades (Sistema Antiguo)=5; Educación Media Científico-Humanista=6; Técnica, Comercial, Industrial o Normalista (Sistema Antiguo)=7; Educación Media Técnica Profesional=8; Centro de Formación Técnica=9; Instituto Profesional=10; Universitaria=11; Universitaria de Postgrado=12; Ninguno=13; No responde=88; No sabe=99"
"VII_presencial","a","folio_n20","",""
"VII_presencial","f","f13_1","¿Consume Usted bebidas alcohólicas como cerveza?","Sí=1; No=2; No responde=8; No sabe=9"
"VII_presencial","f","f13_2","¿Consume Usted bebidas alcohólicas como vino?","Sí=1; No=2; No responde=8; No sabe=9"
"VII_presencial","f","f13_3","¿Consume Usted bebidas alcohólicas como pisco u otro licor?","Sí=1; No=2; No responde=8; No sabe=9"
"VII_presencial","f","f14_1","En el último mes, ¿cuántos días a la semana consumió cerveza?","Menos de 1 día=0; 1 día=1; 2 días=2; 3 días=3; 4 días=4; 5 días=5; 6 días=6; 7 días=7; No responde=8; No sabe=9"
"VII_presencial","f","f14_2","En el último mes, ¿cuántos días a la semana consumió vino?","Menos de 1 día=0; 1 día=1; 2 días=2; 3 días=3; 4 días=4; 5 días=5; 6 días=6; 7 días=7; No responde=8; No sabe=9"
"VII_presencial","f","f14_3","En el último mes, ¿cuántos días a la semana consumió pisco u otro licor?","Menos de 1 día=0; 1 día=1; 2 días=2; 3 días=3; 4 días=4; 5 días=5; 6 días=6; 7 días=7; No responde=8; No sabe=9"
"VII_presencial","f","f15_1","De las veces que tomó cerveza, ¿cuántos vasos o copas tomó aproximadamente?","No responde=8888; No sabe=9999"
"VII_presencial","f","f15_2","De las veces que tomó vino, ¿cuántos vasos o copas tomó aproximadamente?","No responde=8888; No sabe=9999"
"VII_presencial","f","f15_3","De las veces que tomó pisco u otro licor, ¿cuántos vasos o copas tomó aproximada","No responde=8888; No sabe=9999"
"VII_presencial","f","folio_n20","",""
"VII_presencial","w","cluster_ID","Identificador de Cluster",""
"VII_presencial","w","strata_ID","Identificador de stratum",""
"VII_presencial","w","factor_XS","Factor de expansión cross-section EPS Presencial",""
"VII_presencial","w","folio_n20","",""
"VIII","a","folio_n20","folio_n20",""
"VIII","a","a8","¿Cuál es el sexo de…?","Hombre=1; Mujer=2"
"VIII","a","a9","¿Qué edad tiene...?",""
"VIII","a","a12_n","¿Cuál es su último nivel aprobado?","Educación Preescolar o Educación Parvularia=1; Educación Básica=2; Educación Diferencial=3; Preparatoria (Sistema Antiguo)=4; Humanidades (Sistema Antiguo)=5; Educación Media Científico-Humanista=6; Técnica, Comercial, Industrial o Normalista (Sistema Antiguo)=7; Educación Media Técnica Profesional=8; Centro de Formación Técnica=9; Instituto Profesional=10; Universitaria=11; Universitaria de Postgrado=12; Ninguno=13; No responde=88; No sabe=99"
"VIII","a","a12_c","¿Cuál es su último curso aprobado?","Sala cuna=1; Jardín Infantil=2; Nivel Transición: Prekinder=3; Nivel Transición: Kinder=4; Primero básico=5; Segundo básico=6; Tercero básico=7; Cuarto básico=8; Quinto básico=9; Sexto básico=10; Séptimo básico=11; Octavo básico=12; Primero preparatoria=13; Segundo preparatoria=14; Tercero preparatoria=15; Cuarto preparatoria=16; Quinto preparatoria=17; Sexto preparatoria=18; Primera humanidades=19; Segunda humanidades=20; Tercera humanidades=21; Cuarta humanidades=22; Quinta humanidades=23; Sexta humanidades=24; Primero medio=25; Segundo medio=26; Tercero medio=27; Cuarto medio=28; Quinto medio=29; Primera técnica, comercial, industrial o normalista=30; Segunda técnica, comercial, industrial o normalista=31; Tercera técnica, comercial, industrial o normalista=32; Cuarta técnica, comercial, industrial o normalista=33; Quinta técnica, comercial, industrial o normalista=34; Sexta técnica, comercial, industrial o normalista=35; Primer año=36; Segundo año=37; Tercer año=38; Cuarto año=39; Quinto año=40; Sexto año=41; Séptimo año=42; Octavo año=43; Noveno año=44; Décimo año o más=45; Ninguno=80; No responde=88; No sabe=99"
"VIII","a","a12_e","¿Completó el nivel educacional anteriormente declarado?","Sí=1; No=2; No responde=8; No sabe=9"
"VIII","a","a12_d","¿En qué situación se encuentra?","Titulado(a)=1; Licenciado(a)=2; Egresado(a)=3; Suspendió sus estudios (congeló estudios)=4; Sigo estudiando=5; No responde=88; No sabe=99"
"VIII","a","a12_r","¿Por qué no ha terminado sus estudios o no se ha titulado(a)?","Dificultad económica=1; Trabaja(ba) o busca(ba) trabajo=2; Ayuda(ba) en casa o quehacer del hogar=3; Maternidad, paternidad, embarazo=4; No le interesa(ba)=5; Tiene una discapacidad o requiere de establecimiento especial=6; Problemas de rendimiento=7; Expulsión o cancelación de la matrícula=8; Dificultad de acceso o movilización=9; Sigue estudiando=10; Terminó de estudiar=11; Otra=12; No responde=88; No sabe=99"
"VIII","a","a12_r_e","¿Por qué no ha terminado sus estudios o no se ha titulado(a)? Otra. Especifique",""
"VIII","a","a12_r_e_cod1","VAR_COD: ¿Por qué no ha terminado sus estudios o no se ha titulado(a)? Otra. Esp","Dificultad económica=1; Trabaja(ba) o busca(ba) trabajo=2; Ayuda(ba en casa o quehacer del hogar=3; Maternidad;paternidad, embarazo=4; No le interesa(ba)=5; Tiene una discapacidad o requiere de establecimiento especial=6; Problemas de rendimiento=7; Expulsión o cancelación de matricula=8; Dificultad de acceso o movilización=9; Sigue estudiando=10; Terminó de estudiar=11; Otros=12; Proceso de Titulación (Práctica Profesional o Tesis)=13; Drogadiccion=14; Bullying/Maltrato=16; Actualmente en Sala Cuna=17; Falta de Tiempo=18; Problemas Administrativos con establecimiento=19; Por Golpe Militar=21; FFAA/Carabineros=24; Abandono por parte de los padres=25; Se retira del país=26; Por viaje=28; Por irse de su vivienda=29; Por machismo=31; Problemas de salud / Accidente / depresión  / enfermedad=32; Cambio de carrera=33; Estallido social=36; No ha sido seleccionado / postulación Universitaria fallida=37; No se adaptó al centro educacional=38; No había mas estudios / No hay oferta educativa superior=41; Dejación / flojera=44; Vive en el campo=45; Cursa Servicio Militar=49; Cierre establecimiento=50; Falta de interés de los padres=51; Congela Estudios=52; Contrae Matrimonio=53; Razones Personales=54; No tiene edad suficiente=55; Cambio ciudad=56; Desinterés por carrera=57; Falta(ba) oferta de colegios en la zona=58; Fallecimiento de Familiar=59; Problemas con los profesores=60; Pandemia=61; No aplica=62; No responde=88; No sabe=99"
"VIII","a","a12_r_e_cod2","VAR_COD: ¿Por qué no ha terminado sus estudios o no se ha titulado(a)? Otra. Esp","Dificultad económica=1; Trabaja(ba) o busca(ba) trabajo=2; Ayuda(ba en casa o quehacer del hogar=3; Maternidad;paternidad, embarazo=4; No le interesa(ba)=5; Tiene una discapacidad o requiere de establecimiento especial=6; Problemas de rendimiento=7; Expulsión o cancelación de matricula=8; Dificultad de acceso o movilización=9; Sigue estudiando=10; Terminó de estudiar=11; Otros=12; Proceso de Titulación (Práctica Profesional o Tesis)=13; Drogadiccion=14; Bulling/Maltrato=16; Actualmente en Sala Cuna=17; Falta de Tiempo=18; Problemas Administrativos con establecimiento=19; Por Golpe Militar=21; FFAA/Carabineros=24; Abandono por parte de los padres=25; Se retira del país=26; Por viaje=28; Por irse de su vivienda=29; Por machismo=31; Problemas de salud / Accidente / depresión  / enfermedad=32; Cambio de carrera=33; Estallido social=36; No ha sido seleccionado / postulación Universitaria fallida=37; No se adaptó al centro educacional=38; No había mas estudios / No hay oferta educativa superior=41; Dejación / flojera=44; Vive en el campo=45; Cursa Servicio Militar=49; Cierre establecimiento=50; Falta de interés de los padres=51; Congela Estudios=52; Contrae Matrimonio=53; Razones Personales=54; No tiene edad suficiente=55; Cambio ciudad=56; Desinterés por carrera=57; Falta(ba) oferta de colegios en la zona=58; Fallecimiento de Familiar=59; Problemas con los profesores=60; Pandemia=61; No aplica=62; No responde=88; No sabe=99"
"VIII","f","folio_n20","folio_n20",""
"VIII","f","f13_1","¿Consume usted bebidas alcohólicas como cerveza?","Sí=1; No=2; No responde=88"
"VIII","f","f13_2","¿Consume Usted bebidas alcohólicas como vino?","Sí=1; No=2; No responde=88"
"VIII","f","f13_3","¿Consume Usted bebidas alcohólicas como pisco u otro licor?","Sí=1; No=2; No responde=88"
"VIII","f","f14_1","En el último mes, ¿cuántos días a la semana consumió cerveza?","Menos de 1 día=0; 1 día=1; 2 días=2; 3 días=3; 4 días=4; 5 días=5; 6 días=6; 7 días=7; No responde=88; No sabe=99"
"VIII","f","f14_2","En el último mes, ¿cuántos días a la semana consumió vino?","Menos de 1 día=0; 1 día=1; 2 días=2; 3 días=3; 4 días=4; 5 días=5; 6 días=6; 7 días=7; No responde=88; No sabe=99"
"VIII","f","f14_3","En el último mes, ¿cuántos días a la semana consumió pisco u otro licor?","Menos de 1 día=0; 1 día=1; 2 días=2; 3 días=3; 4 días=4; 5 días=5; 6 días=6; 7 días=7; No responde=88; No sabe=99"
"VIII","f","f15_1","De las veces que tomó bebidas alcohólicas, ¿cuántos vasos o copas tomó aproximad","No responde=888; No sabe=999"
"VIII","f","f15_2","De las veces que tomó bebidas alcohólicas, ¿cuántos vasos o copas tomó aproximad","No responde=888; No sabe=999"
"VIII","f","f15_3","De las veces que tomó bebidas alcohólicas, ¿cuántos vasos o copas tomó aproximad","No responde=888; No sabe=999"
"VIII","f","a8","¿Cuál es el sexo de…?","Hombre=1; Mujer=2"
"VIII","f","a9","¿Qué edad tiene...?",""
"VIII","w","folio_n20","folio_n20",""
"VIII","w","strata_ID","Identificador de Stratum",""
"VIII","w","cluster_ID","Identificador de Cluster",""
"VIII","w","factor_XS","Factor de expansión cross-section EPS 2023",""
