"variable","year","design_label","has_validated_psu","n","weighted_n","prevalence","neff_kish","deff_weights","se_design","se_kish","factor_additional","icc_unweighted","applied_region_factor_from_2022_2024"
"ever_drinker",2012,"PSU + REGION",TRUE,17113,9908932.620393,0.691642,4952.116785,3.455694,0.009372,0.006563,2.03953,0.205573,1.490444
"ever_drinker",2014,"PSU + REGION",TRUE,20056,10062865.752827,0.793051,4634.784563,4.327278,0.006073,0.005951,1.04162,0.138223,1.490444
"ever_drinker",2016,"PSU + REGION",TRUE,19054,10327583.644606,0.799716,4963.458639,3.838855,0.006543,0.005681,1.326541,0.141854,1.490444
"ever_drinker",2018,"PSU + REGION",TRUE,19344,10965001.024052,0.778076,4679.733718,4.133569,0.006693,0.006074,1.213992,0.12322,1.490444
"ever_drinker",2020,"REGION only - no validated PSU",FALSE,16643,11155341.652434,0.797685,3571.445155,4.660018,NA,0.006722,NA,NA,1.490444
"ever_drinker",2022,"PSU + REGION",TRUE,17423,12922168.350861,0.765122,8265.922434,2.107811,0.005722,0.004663,1.505934,0.193344,1.490444
"ever_drinker",2024,"PSU + REGION",TRUE,18640,11374925.376717,0.713633,5001.602864,3.726805,0.007763,0.006392,1.474955,0.233113,1.490444
"current_month",2012,"PSU + REGION",TRUE,17062,9879613.287253,0.408245,4932.197481,3.45931,0.00842,0.006999,1.447528,0.087946,1.353321
"current_month",2014,"PSU + REGION",TRUE,19974,10010742.100638,0.490955,4611.271922,4.33156,0.008609,0.007362,1.367373,0.087599,1.353321
"current_month",2016,"PSU + REGION",TRUE,18942,10255466.892897,0.460313,4959.805059,3.819102,0.009091,0.007077,1.649905,0.079917,1.353321
"current_month",2018,"PSU + REGION",TRUE,19070,10840481.224047,0.437439,4624.722544,4.123491,0.007661,0.007295,1.102981,0.065968,1.353321
"current_month",2020,"REGION only - no validated PSU",FALSE,16516,11103615.260784,0.442423,3544.96302,4.659005,NA,0.008342,NA,NA,1.353321
"current_month",2022,"PSU + REGION",TRUE,17346,12861049.341749,0.389748,8228.696351,2.107989,0.006291,0.005376,1.369162,0.094206,1.353321
"current_month",2024,"PSU + REGION",TRUE,18525,11328506.755938,0.343623,4970.829062,3.726743,0.00779,0.006736,1.33748,0.093442,1.353321
"hed_frequency_any",2012,"PSU + REGION",TRUE,9759,5515001.233184,0.244471,2815.202509,3.466536,0.009029,0.0081,1.242426,0.08519,1.100514
"hed_frequency_any",2014,"PSU + REGION",TRUE,12105,6345554.723638,0.240121,2949.135097,4.104593,0.008495,0.007866,1.16639,0.057534,1.100514
"hed_frequency_any",2016,"PSU + REGION",TRUE,10802,6560802.738877,0.243873,2905.557091,3.717704,0.009452,0.007966,1.407614,0.056226,1.100514
"hed_frequency_any",2018,"PSU + REGION",TRUE,10932,6678737.896004,0.316753,2523.084601,4.332792,0.009977,0.009262,1.160361,0.070923,1.100514
"hed_frequency_any",2020,"REGION only - no validated PSU",FALSE,8956,6476299.256933,0.284774,1848.047917,4.846195,NA,0.010498,NA,NA,1.100514
"hed_frequency_any",2022,"PSU + REGION",TRUE,8414,6871003.879412,0.307437,3996.096317,2.105555,0.007655,0.007299,1.099769,0.075288,1.100514
"hed_frequency_any",2024,"PSU + REGION",TRUE,8257,5640515.416568,0.331327,2166.956203,3.810414,0.010611,0.010111,1.101259,0.126701,1.100514
"max_drinks_6plus_30d",2012,"PSU + REGION",TRUE,6844,3979275.821542,0.187612,2132.745499,3.209009,0.009409,0.008454,1.238851,0.058926,NA
"max_drinks_6plus_30d",2014,"PSU + REGION",TRUE,8655,4705801.868836,0.179622,2304.469563,3.755745,0.008485,0.007997,1.125986,0.04485,NA
"max_drinks_6plus_30d",2016,"PSU + REGION",TRUE,7043,4587206.784146,0.170924,1893.639719,3.719292,0.00941,0.008651,1.183173,0.033539,NA
"max_drinks_6plus_30d",2018,"PSU + REGION",TRUE,7069,4538481.156944,0.184829,1607.928739,4.396339,0.010268,0.00968,1.12507,0.055979,NA
"max_drinks_6plus_30d",2020,"REGION only - no validated PSU",FALSE,0,NA,NA,NA,NA,NA,NA,NA,NA,NA
"max_drinks_6plus_30d",2022,"PSU + REGION",TRUE,0,NA,NA,NA,NA,NA,NA,NA,NA,NA
"max_drinks_6plus_30d",2024,"PSU + REGION",TRUE,0,NA,NA,NA,NA,NA,NA,NA,NA,NA
