"fit","component","parameter","value","spec","last_fit_year","drop_2020"
"train2020_static2012","prevalence","cellfemale:1",-0.559602921556046,"static2012",2020,FALSE
"train2020_static2012","prevalence","cellfemale:2",-0.574388224251867,"static2012",2020,FALSE
"train2020_static2012","prevalence","cellfemale:3",-0.69864366725322,"static2012",2020,FALSE
"train2020_static2012","prevalence","cellfemale:4",-1.15284210004725,"static2012",2020,FALSE
"train2020_static2012","prevalence","cellmale:1",0.0624134911052811,"static2012",2020,FALSE
"train2020_static2012","prevalence","cellmale:2",0.33648390699642,"static2012",2020,FALSE
"train2020_static2012","prevalence","cellmale:3",0.0748647942951591,"static2012",2020,FALSE
"train2020_static2012","prevalence","cellmale:4",-0.23203683886858,"static2012",2020,FALSE
"train2020_static2012","amount","cellfemale:1",1.58407618236998,"static2012",2020,FALSE
"train2020_static2012","amount","cellfemale:2",1.094009839168,"static2012",2020,FALSE
"train2020_static2012","amount","cellfemale:3",1.14359317985848,"static2012",2020,FALSE
"train2020_static2012","amount","cellfemale:4",0.811618557169184,"static2012",2020,FALSE
"train2020_static2012","amount","cellmale:1",2.03200660718729,"static2012",2020,FALSE
"train2020_static2012","amount","cellmale:2",1.85323800239453,"static2012",2020,FALSE
"train2020_static2012","amount","cellmale:3",2.06635210796203,"static2012",2020,FALSE
"train2020_static2012","amount","cellmale:4",1.78715742227411,"static2012",2020,FALSE
"train2020_static2012","hed","cellfemale:1",-2.6584724724726,"static2012",2020,FALSE
"train2020_static2012","hed","cellfemale:2",-2.9173335552721,"static2012",2020,FALSE
"train2020_static2012","hed","cellfemale:3",-3.0625415715764,"static2012",2020,FALSE
"train2020_static2012","hed","cellfemale:4",-3.33147251769209,"static2012",2020,FALSE
"train2020_static2012","hed","cellmale:1",-3.01262055192957,"static2012",2020,FALSE
"train2020_static2012","hed","cellmale:2",-3.09972391595239,"static2012",2020,FALSE
"train2020_static2012","hed","cellmale:3",-3.44313149944885,"static2012",2020,FALSE
"train2020_static2012","hed","cellmale:4",-4.12687922877022,"static2012",2020,FALSE
"train2020_static2012","hed","base::log1p(gpd_survey)",2.34349847459725,"static2012",2020,FALSE
"train2020_static2012","all_cause_mortality","female",0.976675998119906,"static2012",2020,FALSE
"train2020_static2012","all_cause_mortality","male",0.957068652665794,"static2012",2020,FALSE
"train2020_interp_hold","prevalence","knot:female:1:2012",-0.559602921556046,"interp_hold",2020,FALSE
"train2020_interp_hold","prevalence","knot:female:1:2014",-0.273104378056343,"interp_hold",2020,FALSE
"train2020_interp_hold","prevalence","knot:female:1:2016",-0.218837064761335,"interp_hold",2020,FALSE
"train2020_interp_hold","prevalence","knot:female:1:2018",-0.479738975675202,"interp_hold",2020,FALSE
"train2020_interp_hold","prevalence","knot:female:1:2020",-0.466804612729346,"interp_hold",2020,FALSE
"train2020_interp_hold","prevalence","knot:female:2:2012",-0.574388224251867,"interp_hold",2020,FALSE
"train2020_interp_hold","prevalence","knot:female:2:2014",-0.0919132715071699,"interp_hold",2020,FALSE
"train2020_interp_hold","prevalence","knot:female:2:2016",-0.228729389721435,"interp_hold",2020,FALSE
"train2020_interp_hold","prevalence","knot:female:2:2018",-0.311557748015579,"interp_hold",2020,FALSE
"train2020_interp_hold","prevalence","knot:female:2:2020",-0.299239759599558,"interp_hold",2020,FALSE
"train2020_interp_hold","prevalence","knot:female:3:2012",-0.69864366725322,"interp_hold",2020,FALSE
"train2020_interp_hold","prevalence","knot:female:3:2014",-0.201557106091821,"interp_hold",2020,FALSE
"train2020_interp_hold","prevalence","knot:female:3:2016",-0.447190528729046,"interp_hold",2020,FALSE
"train2020_interp_hold","prevalence","knot:female:3:2018",-0.759315183621897,"interp_hold",2020,FALSE
"train2020_interp_hold","prevalence","knot:female:3:2020",-0.439042491437473,"interp_hold",2020,FALSE
"train2020_interp_hold","prevalence","knot:female:4:2012",-1.15284210004725,"interp_hold",2020,FALSE
"train2020_interp_hold","prevalence","knot:female:4:2014",-0.482484534412357,"interp_hold",2020,FALSE
"train2020_interp_hold","prevalence","knot:female:4:2016",-0.831765287732913,"interp_hold",2020,FALSE
"train2020_interp_hold","prevalence","knot:female:4:2018",-0.964379215907554,"interp_hold",2020,FALSE
"train2020_interp_hold","prevalence","knot:female:4:2020",-0.896344064285368,"interp_hold",2020,FALSE
"train2020_interp_hold","prevalence","knot:male:1:2012",0.0624134911052809,"interp_hold",2020,FALSE
"train2020_interp_hold","prevalence","knot:male:1:2014",0.146935285619753,"interp_hold",2020,FALSE
"train2020_interp_hold","prevalence","knot:male:1:2016",0.252154948094485,"interp_hold",2020,FALSE
"train2020_interp_hold","prevalence","knot:male:1:2018",0.189748468958537,"interp_hold",2020,FALSE
"train2020_interp_hold","prevalence","knot:male:1:2020",0.070119282049134,"interp_hold",2020,FALSE
"train2020_interp_hold","prevalence","knot:male:2:2012",0.33648390699642,"interp_hold",2020,FALSE
"train2020_interp_hold","prevalence","knot:male:2:2014",0.632976270475574,"interp_hold",2020,FALSE
"train2020_interp_hold","prevalence","knot:male:2:2016",0.398073949816642,"interp_hold",2020,FALSE
"train2020_interp_hold","prevalence","knot:male:2:2018",0.40119751293503,"interp_hold",2020,FALSE
"train2020_interp_hold","prevalence","knot:male:2:2020",0.526230012880061,"interp_hold",2020,FALSE
"train2020_interp_hold","prevalence","knot:male:3:2012",0.0748647942951591,"interp_hold",2020,FALSE
"train2020_interp_hold","prevalence","knot:male:3:2014",0.300184945454354,"interp_hold",2020,FALSE
"train2020_interp_hold","prevalence","knot:male:3:2016",0.136633867525624,"interp_hold",2020,FALSE
"train2020_interp_hold","prevalence","knot:male:3:2018",0.18679859173564,"interp_hold",2020,FALSE
"train2020_interp_hold","prevalence","knot:male:3:2020",0.138653532234508,"interp_hold",2020,FALSE
"train2020_interp_hold","prevalence","knot:male:4:2012",-0.23203683886858,"interp_hold",2020,FALSE
"train2020_interp_hold","prevalence","knot:male:4:2014",0.19462705026366,"interp_hold",2020,FALSE
"train2020_interp_hold","prevalence","knot:male:4:2016",-0.135643725586144,"interp_hold",2020,FALSE
"train2020_interp_hold","prevalence","knot:male:4:2018",-0.0625409952824387,"interp_hold",2020,FALSE
"train2020_interp_hold","prevalence","knot:male:4:2020",-0.172117781015901,"interp_hold",2020,FALSE
"train2020_interp_hold","amount","knot:female:1:2012",1.58407618236998,"interp_hold",2020,FALSE
"train2020_interp_hold","amount","knot:female:1:2014",1.37360896060149,"interp_hold",2020,FALSE
"train2020_interp_hold","amount","knot:female:1:2016",1.53592308935115,"interp_hold",2020,FALSE
"train2020_interp_hold","amount","knot:female:1:2018",1.51489569883584,"interp_hold",2020,FALSE
"train2020_interp_hold","amount","knot:female:1:2020",1.48313928490654,"interp_hold",2020,FALSE
"train2020_interp_hold","amount","knot:female:2:2012",1.094009839168,"interp_hold",2020,FALSE
"train2020_interp_hold","amount","knot:female:2:2014",1.22875675950456,"interp_hold",2020,FALSE
"train2020_interp_hold","amount","knot:female:2:2016",1.50613730351203,"interp_hold",2020,FALSE
"train2020_interp_hold","amount","knot:female:2:2018",1.23182429855486,"interp_hold",2020,FALSE
"train2020_interp_hold","amount","knot:female:2:2020",1.22429526651574,"interp_hold",2020,FALSE
"train2020_interp_hold","amount","knot:female:3:2012",1.14359317985848,"interp_hold",2020,FALSE
"train2020_interp_hold","amount","knot:female:3:2014",0.970044933675195,"interp_hold",2020,FALSE
"train2020_interp_hold","amount","knot:female:3:2016",0.95733117599298,"interp_hold",2020,FALSE
"train2020_interp_hold","amount","knot:female:3:2018",0.951401203137995,"interp_hold",2020,FALSE
"train2020_interp_hold","amount","knot:female:3:2020",1.24687543905757,"interp_hold",2020,FALSE
"train2020_interp_hold","amount","knot:female:4:2012",0.811618557169184,"interp_hold",2020,FALSE
"train2020_interp_hold","amount","knot:female:4:2014",0.926014277550409,"interp_hold",2020,FALSE
"train2020_interp_hold","amount","knot:female:4:2016",1.10357357409314,"interp_hold",2020,FALSE
"train2020_interp_hold","amount","knot:female:4:2018",1.09010261768097,"interp_hold",2020,FALSE
"train2020_interp_hold","amount","knot:female:4:2020",1.11904601805328,"interp_hold",2020,FALSE
"train2020_interp_hold","amount","knot:male:1:2012",2.03200660718729,"interp_hold",2020,FALSE
"train2020_interp_hold","amount","knot:male:1:2014",2.01696968962171,"interp_hold",2020,FALSE
"train2020_interp_hold","amount","knot:male:1:2016",2.04410929487202,"interp_hold",2020,FALSE
"train2020_interp_hold","amount","knot:male:1:2018",2.04258329114467,"interp_hold",2020,FALSE
"train2020_interp_hold","amount","knot:male:1:2020",1.88959274146865,"interp_hold",2020,FALSE
"train2020_interp_hold","amount","knot:male:2:2012",1.85323800239453,"interp_hold",2020,FALSE
"train2020_interp_hold","amount","knot:male:2:2014",1.9717684042628,"interp_hold",2020,FALSE
"train2020_interp_hold","amount","knot:male:2:2016",2.00425226273964,"interp_hold",2020,FALSE
"train2020_interp_hold","amount","knot:male:2:2018",2.14084657324779,"interp_hold",2020,FALSE
"train2020_interp_hold","amount","knot:male:2:2020",2.0432631347516,"interp_hold",2020,FALSE
"train2020_interp_hold","amount","knot:male:3:2012",2.06635210796203,"interp_hold",2020,FALSE
"train2020_interp_hold","amount","knot:male:3:2014",1.90834264269477,"interp_hold",2020,FALSE
"train2020_interp_hold","amount","knot:male:3:2016",2.05138903765018,"interp_hold",2020,FALSE
"train2020_interp_hold","amount","knot:male:3:2018",2.07741712247691,"interp_hold",2020,FALSE
"train2020_interp_hold","amount","knot:male:3:2020",2.02921788763672,"interp_hold",2020,FALSE
"train2020_interp_hold","amount","knot:male:4:2012",1.78715742227411,"interp_hold",2020,FALSE
"train2020_interp_hold","amount","knot:male:4:2014",1.78765157811632,"interp_hold",2020,FALSE
"train2020_interp_hold","amount","knot:male:4:2016",1.75293861521759,"interp_hold",2020,FALSE
"train2020_interp_hold","amount","knot:male:4:2018",1.68123816116813,"interp_hold",2020,FALSE
"train2020_interp_hold","amount","knot:male:4:2020",1.96880070280043,"interp_hold",2020,FALSE
"train2020_interp_hold","hed","cellfemale:1",-2.6584724724726,"interp_hold",2020,FALSE
"train2020_interp_hold","hed","cellfemale:2",-2.9173335552721,"interp_hold",2020,FALSE
"train2020_interp_hold","hed","cellfemale:3",-3.0625415715764,"interp_hold",2020,FALSE
"train2020_interp_hold","hed","cellfemale:4",-3.33147251769209,"interp_hold",2020,FALSE
"train2020_interp_hold","hed","cellmale:1",-3.01262055192957,"interp_hold",2020,FALSE
"train2020_interp_hold","hed","cellmale:2",-3.09972391595239,"interp_hold",2020,FALSE
"train2020_interp_hold","hed","cellmale:3",-3.44313149944885,"interp_hold",2020,FALSE
"train2020_interp_hold","hed","cellmale:4",-4.12687922877022,"interp_hold",2020,FALSE
"train2020_interp_hold","hed","base::log1p(gpd_survey)",2.34349847459725,"interp_hold",2020,FALSE
"train2020_interp_hold","all_cause_mortality","female",0.976675998119906,"interp_hold",2020,FALSE
"train2020_interp_hold","all_cause_mortality","male",0.957068652665794,"interp_hold",2020,FALSE
"train2020_linear_all","prevalence","cellfemale:1",-0.400046984499389,"linear_all",2020,FALSE
"train2020_linear_all","prevalence","cellfemale:2",-0.346691539471751,"linear_all",2020,FALSE
"train2020_linear_all","prevalence","cellfemale:3",-0.509424827782451,"linear_all",2020,FALSE
"train2020_linear_all","prevalence","cellfemale:4",-0.920060437407589,"linear_all",2020,FALSE
"train2020_linear_all","prevalence","cellmale:1",0.127312702899255,"linear_all",2020,FALSE
"train2020_linear_all","prevalence","cellmale:2",0.412091536198788,"linear_all",2020,FALSE
"train2020_linear_all","prevalence","cellmale:3",0.157417701417047,"linear_all",2020,FALSE
"train2020_linear_all","prevalence","cellmale:4",-0.0472083991090991,"linear_all",2020,FALSE
"train2020_linear_all","prevalence","cellfemale:1:time",-0.00869943739438634,"linear_all",2020,FALSE
"train2020_linear_all","prevalence","cellfemale:2:time",0.145903988156886,"linear_all",2020,FALSE
"train2020_linear_all","prevalence","cellfemale:3:time",-0.0276193386167784,"linear_all",2020,FALSE
"train2020_linear_all","prevalence","cellfemale:4:time",0.10502883227368,"linear_all",2020,FALSE
"train2020_linear_all","prevalence","cellmale:1:time",0.0671610261170267,"linear_all",2020,FALSE
"train2020_linear_all","prevalence","cellmale:2:time",0.0926465335943051,"linear_all",2020,FALSE
"train2020_linear_all","prevalence","cellmale:3:time",0.0261820443427411,"linear_all",2020,FALSE
"train2020_linear_all","prevalence","cellmale:4:time",-0.080699646104617,"linear_all",2020,FALSE
"train2020_linear_all","amount","cellfemale:1",1.45843811074456,"linear_all",2020,FALSE
"train2020_linear_all","amount","cellfemale:2",1.16718680076516,"linear_all",2020,FALSE
"train2020_linear_all","amount","cellfemale:3",0.929935687377452,"linear_all",2020,FALSE
"train2020_linear_all","amount","cellfemale:4",0.848536577460052,"linear_all",2020,FALSE
"train2020_linear_all","amount","cellmale:1",2.0469661121999,"linear_all",2020,FALSE
"train2020_linear_all","amount","cellmale:2",1.87394321804229,"linear_all",2020,FALSE
"train2020_linear_all","amount","cellmale:3",2.01664552537013,"linear_all",2020,FALSE
"train2020_linear_all","amount","cellmale:4",1.7443432650636,"linear_all",2020,FALSE
"train2020_linear_all","amount","cellfemale:1:time",0.0549103567029761,"linear_all",2020,FALSE
"train2020_linear_all","amount","cellfemale:2:time",0.117871216601213,"linear_all",2020,FALSE
"train2020_linear_all","amount","cellfemale:3:time",0.184295410002175,"linear_all",2020,FALSE
"train2020_linear_all","amount","cellfemale:4:time",0.416916706126298,"linear_all",2020,FALSE
"train2020_linear_all","amount","cellmale:1:time",-0.0989302689121263,"linear_all",2020,FALSE
"train2020_linear_all","amount","cellmale:2:time",0.31595212748396,"linear_all",2020,FALSE
"train2020_linear_all","amount","cellmale:3:time",0.0515573361856646,"linear_all",2020,FALSE
"train2020_linear_all","amount","cellmale:4:time",0.102840984719841,"linear_all",2020,FALSE
"train2020_linear_all","hed","cellfemale:1",-2.6584724724726,"linear_all",2020,FALSE
"train2020_linear_all","hed","cellfemale:2",-2.9173335552721,"linear_all",2020,FALSE
"train2020_linear_all","hed","cellfemale:3",-3.0625415715764,"linear_all",2020,FALSE
"train2020_linear_all","hed","cellfemale:4",-3.33147251769209,"linear_all",2020,FALSE
"train2020_linear_all","hed","cellmale:1",-3.01262055192957,"linear_all",2020,FALSE
"train2020_linear_all","hed","cellmale:2",-3.09972391595239,"linear_all",2020,FALSE
"train2020_linear_all","hed","cellmale:3",-3.44313149944885,"linear_all",2020,FALSE
"train2020_linear_all","hed","cellmale:4",-4.12687922877022,"linear_all",2020,FALSE
"train2020_linear_all","hed","base::log1p(gpd_survey)",2.34349847459725,"linear_all",2020,FALSE
"train2020_linear_all","all_cause_mortality","female",0.976675998119906,"linear_all",2020,FALSE
"train2020_linear_all","all_cause_mortality","male",0.957068652665794,"linear_all",2020,FALSE
"train2020_spline_shared","prevalence","cellfemale:1",-0.498016970083471,"spline_shared",2020,FALSE
"train2020_spline_shared","prevalence","cellfemale:2",-0.3860960965164,"spline_shared",2020,FALSE
"train2020_spline_shared","prevalence","cellfemale:3",-0.614658109398374,"spline_shared",2020,FALSE
"train2020_spline_shared","prevalence","cellfemale:4",-0.969272128238724,"spline_shared",2020,FALSE
"train2020_spline_shared","prevalence","cellmale:1",0.0497663827999575,"spline_shared",2020,FALSE
"train2020_spline_shared","prevalence","cellmale:2",0.350192328291452,"spline_shared",2020,FALSE
"train2020_spline_shared","prevalence","cellmale:3",0.0658676507296731,"spline_shared",2020,FALSE
"train2020_spline_shared","prevalence","cellmale:4",-0.177297852068364,"spline_shared",2020,FALSE
"train2020_spline_shared","prevalence","splines::ns(time, df = 2)1",0.292163834183609,"spline_shared",2020,FALSE
"train2020_spline_shared","prevalence","splines::ns(time, df = 2)2",-0.102207447636228,"spline_shared",2020,FALSE
"train2020_spline_shared","amount","cellfemale:1",1.42097331021804,"spline_shared",2020,FALSE
"train2020_spline_shared","amount","cellfemale:2",1.16153439257384,"spline_shared",2020,FALSE
"train2020_spline_shared","amount","cellfemale:3",0.948575290870449,"spline_shared",2020,FALSE
"train2020_spline_shared","amount","cellfemale:4",0.938654233217182,"spline_shared",2020,FALSE
"train2020_spline_shared","amount","cellmale:1",1.97271242213541,"spline_shared",2020,FALSE
"train2020_spline_shared","amount","cellmale:2",1.93555569799206,"spline_shared",2020,FALSE
"train2020_spline_shared","amount","cellmale:3",1.98807476980141,"spline_shared",2020,FALSE
"train2020_spline_shared","amount","cellmale:4",1.73118733517133,"spline_shared",2020,FALSE
"train2020_spline_shared","amount","splines::ns(time, df = 2)1",0.133244494513239,"spline_shared",2020,FALSE
"train2020_spline_shared","amount","splines::ns(time, df = 2)2",0.0615976766039239,"spline_shared",2020,FALSE
"train2020_spline_shared","hed","cellfemale:1",-2.6584724724726,"spline_shared",2020,FALSE
"train2020_spline_shared","hed","cellfemale:2",-2.9173335552721,"spline_shared",2020,FALSE
"train2020_spline_shared","hed","cellfemale:3",-3.0625415715764,"spline_shared",2020,FALSE
"train2020_spline_shared","hed","cellfemale:4",-3.33147251769209,"spline_shared",2020,FALSE
"train2020_spline_shared","hed","cellmale:1",-3.01262055192957,"spline_shared",2020,FALSE
"train2020_spline_shared","hed","cellmale:2",-3.09972391595239,"spline_shared",2020,FALSE
"train2020_spline_shared","hed","cellmale:3",-3.44313149944885,"spline_shared",2020,FALSE
"train2020_spline_shared","hed","cellmale:4",-4.12687922877022,"spline_shared",2020,FALSE
"train2020_spline_shared","hed","base::log1p(gpd_survey)",2.34349847459725,"spline_shared",2020,FALSE
"train2020_spline_shared","all_cause_mortality","female",0.976675998119906,"spline_shared",2020,FALSE
"train2020_spline_shared","all_cause_mortality","male",0.957068652665794,"spline_shared",2020,FALSE
"reconstruction2024_interp_hold","prevalence","knot:female:1:2012",-0.559602921556046,"interp_hold",2024,FALSE
"reconstruction2024_interp_hold","prevalence","knot:female:1:2014",-0.273104378056343,"interp_hold",2024,FALSE
"reconstruction2024_interp_hold","prevalence","knot:female:1:2016",-0.218837064761335,"interp_hold",2024,FALSE
"reconstruction2024_interp_hold","prevalence","knot:female:1:2018",-0.479738975675202,"interp_hold",2024,FALSE
"reconstruction2024_interp_hold","prevalence","knot:female:1:2020",-0.466804612729346,"interp_hold",2024,FALSE
"reconstruction2024_interp_hold","prevalence","knot:female:1:2022",-0.605887660147323,"interp_hold",2024,FALSE
"reconstruction2024_interp_hold","prevalence","knot:female:1:2024",-0.86193129022712,"interp_hold",2024,FALSE
"reconstruction2024_interp_hold","prevalence","knot:female:2:2012",-0.574388224251867,"interp_hold",2024,FALSE
"reconstruction2024_interp_hold","prevalence","knot:female:2:2014",-0.0919132715071699,"interp_hold",2024,FALSE
"reconstruction2024_interp_hold","prevalence","knot:female:2:2016",-0.228729389721435,"interp_hold",2024,FALSE
"reconstruction2024_interp_hold","prevalence","knot:female:2:2018",-0.311557748015579,"interp_hold",2024,FALSE
"reconstruction2024_interp_hold","prevalence","knot:female:2:2020",-0.299239759599558,"interp_hold",2024,FALSE
"reconstruction2024_interp_hold","prevalence","knot:female:2:2022",-0.397159345033079,"interp_hold",2024,FALSE
"reconstruction2024_interp_hold","prevalence","knot:female:2:2024",-0.687854465541211,"interp_hold",2024,FALSE
"reconstruction2024_interp_hold","prevalence","knot:female:3:2012",-0.69864366725322,"interp_hold",2024,FALSE
"reconstruction2024_interp_hold","prevalence","knot:female:3:2014",-0.201557106091821,"interp_hold",2024,FALSE
"reconstruction2024_interp_hold","prevalence","knot:female:3:2016",-0.447190528729046,"interp_hold",2024,FALSE
"reconstruction2024_interp_hold","prevalence","knot:female:3:2018",-0.759315183621897,"interp_hold",2024,FALSE
"reconstruction2024_interp_hold","prevalence","knot:female:3:2020",-0.439042491437473,"interp_hold",2024,FALSE
"reconstruction2024_interp_hold","prevalence","knot:female:3:2022",-0.777240720041293,"interp_hold",2024,FALSE
"reconstruction2024_interp_hold","prevalence","knot:female:3:2024",-1.01103287618365,"interp_hold",2024,FALSE
"reconstruction2024_interp_hold","prevalence","knot:female:4:2012",-1.15284210004725,"interp_hold",2024,FALSE
"reconstruction2024_interp_hold","prevalence","knot:female:4:2014",-0.482484534412357,"interp_hold",2024,FALSE
"reconstruction2024_interp_hold","prevalence","knot:female:4:2016",-0.831765287732913,"interp_hold",2024,FALSE
"reconstruction2024_interp_hold","prevalence","knot:female:4:2018",-0.964379215907554,"interp_hold",2024,FALSE
"reconstruction2024_interp_hold","prevalence","knot:female:4:2020",-0.896344064285368,"interp_hold",2024,FALSE
"reconstruction2024_interp_hold","prevalence","knot:female:4:2022",-1.20924686953521,"interp_hold",2024,FALSE
"reconstruction2024_interp_hold","prevalence","knot:female:4:2024",-1.52923337275322,"interp_hold",2024,FALSE
"reconstruction2024_interp_hold","prevalence","knot:male:1:2012",0.0624134911052809,"interp_hold",2024,FALSE
"reconstruction2024_interp_hold","prevalence","knot:male:1:2014",0.146935285619753,"interp_hold",2024,FALSE
"reconstruction2024_interp_hold","prevalence","knot:male:1:2016",0.252154948094485,"interp_hold",2024,FALSE
"reconstruction2024_interp_hold","prevalence","knot:male:1:2018",0.189748468958537,"interp_hold",2024,FALSE
"reconstruction2024_interp_hold","prevalence","knot:male:1:2020",0.070119282049134,"interp_hold",2024,FALSE
"reconstruction2024_interp_hold","prevalence","knot:male:1:2022",-0.34278938140694,"interp_hold",2024,FALSE
"reconstruction2024_interp_hold","prevalence","knot:male:1:2024",-0.370936504673209,"interp_hold",2024,FALSE
"reconstruction2024_interp_hold","prevalence","knot:male:2:2012",0.33648390699642,"interp_hold",2024,FALSE
"reconstruction2024_interp_hold","prevalence","knot:male:2:2014",0.632976270475574,"interp_hold",2024,FALSE
"reconstruction2024_interp_hold","prevalence","knot:male:2:2016",0.398073949816642,"interp_hold",2024,FALSE
"reconstruction2024_interp_hold","prevalence","knot:male:2:2018",0.40119751293503,"interp_hold",2024,FALSE
"reconstruction2024_interp_hold","prevalence","knot:male:2:2020",0.526230012880061,"interp_hold",2024,FALSE
"reconstruction2024_interp_hold","prevalence","knot:male:2:2022",0.219334422076337,"interp_hold",2024,FALSE
"reconstruction2024_interp_hold","prevalence","knot:male:2:2024",0.0122723916466177,"interp_hold",2024,FALSE
"reconstruction2024_interp_hold","prevalence","knot:male:3:2012",0.0748647942951591,"interp_hold",2024,FALSE
"reconstruction2024_interp_hold","prevalence","knot:male:3:2014",0.300184945454354,"interp_hold",2024,FALSE
"reconstruction2024_interp_hold","prevalence","knot:male:3:2016",0.136633867525624,"interp_hold",2024,FALSE
"reconstruction2024_interp_hold","prevalence","knot:male:3:2018",0.18679859173564,"interp_hold",2024,FALSE
"reconstruction2024_interp_hold","prevalence","knot:male:3:2020",0.138653532234508,"interp_hold",2024,FALSE
"reconstruction2024_interp_hold","prevalence","knot:male:3:2022",-0.0885120531931584,"interp_hold",2024,FALSE
"reconstruction2024_interp_hold","prevalence","knot:male:3:2024",-0.294397559463977,"interp_hold",2024,FALSE
"reconstruction2024_interp_hold","prevalence","knot:male:4:2012",-0.23203683886858,"interp_hold",2024,FALSE
"reconstruction2024_interp_hold","prevalence","knot:male:4:2014",0.19462705026366,"interp_hold",2024,FALSE
"reconstruction2024_interp_hold","prevalence","knot:male:4:2016",-0.135643725586144,"interp_hold",2024,FALSE
"reconstruction2024_interp_hold","prevalence","knot:male:4:2018",-0.0625409952824387,"interp_hold",2024,FALSE
"reconstruction2024_interp_hold","prevalence","knot:male:4:2020",-0.172117781015901,"interp_hold",2024,FALSE
"reconstruction2024_interp_hold","prevalence","knot:male:4:2022",-0.478328885097131,"interp_hold",2024,FALSE
"reconstruction2024_interp_hold","prevalence","knot:male:4:2024",-0.707354042698793,"interp_hold",2024,FALSE
"reconstruction2024_interp_hold","amount","knot:female:1:2012",1.58407618236998,"interp_hold",2024,FALSE
"reconstruction2024_interp_hold","amount","knot:female:1:2014",1.37360896060149,"interp_hold",2024,FALSE
"reconstruction2024_interp_hold","amount","knot:female:1:2016",1.53592308935115,"interp_hold",2024,FALSE
"reconstruction2024_interp_hold","amount","knot:female:1:2018",1.51489569883584,"interp_hold",2024,FALSE
"reconstruction2024_interp_hold","amount","knot:female:1:2020",1.48313928490654,"interp_hold",2024,FALSE
"reconstruction2024_interp_hold","amount","knot:female:1:2022",1.48065757444346,"interp_hold",2024,FALSE
"reconstruction2024_interp_hold","amount","knot:female:1:2024",1.52075747324358,"interp_hold",2024,FALSE
"reconstruction2024_interp_hold","amount","knot:female:2:2012",1.094009839168,"interp_hold",2024,FALSE
"reconstruction2024_interp_hold","amount","knot:female:2:2014",1.22875675950456,"interp_hold",2024,FALSE
"reconstruction2024_interp_hold","amount","knot:female:2:2016",1.50613730351203,"interp_hold",2024,FALSE
"reconstruction2024_interp_hold","amount","knot:female:2:2018",1.23182429855486,"interp_hold",2024,FALSE
"reconstruction2024_interp_hold","amount","knot:female:2:2020",1.22429526651574,"interp_hold",2024,FALSE
"reconstruction2024_interp_hold","amount","knot:female:2:2022",1.3907061827036,"interp_hold",2024,FALSE
"reconstruction2024_interp_hold","amount","knot:female:2:2024",1.3374821892827,"interp_hold",2024,FALSE
"reconstruction2024_interp_hold","amount","knot:female:3:2012",1.14359317985848,"interp_hold",2024,FALSE
"reconstruction2024_interp_hold","amount","knot:female:3:2014",0.970044933675195,"interp_hold",2024,FALSE
"reconstruction2024_interp_hold","amount","knot:female:3:2016",0.95733117599298,"interp_hold",2024,FALSE
"reconstruction2024_interp_hold","amount","knot:female:3:2018",0.951401203137995,"interp_hold",2024,FALSE
"reconstruction2024_interp_hold","amount","knot:female:3:2020",1.24687543905757,"interp_hold",2024,FALSE
"reconstruction2024_interp_hold","amount","knot:female:3:2022",1.09723315976575,"interp_hold",2024,FALSE
"reconstruction2024_interp_hold","amount","knot:female:3:2024",1.13204882419764,"interp_hold",2024,FALSE
"reconstruction2024_interp_hold","amount","knot:female:4:2012",0.811618557169184,"interp_hold",2024,FALSE
"reconstruction2024_interp_hold","amount","knot:female:4:2014",0.926014277550409,"interp_hold",2024,FALSE
"reconstruction2024_interp_hold","amount","knot:female:4:2016",1.10357357409314,"interp_hold",2024,FALSE
"reconstruction2024_interp_hold","amount","knot:female:4:2018",1.09010261768097,"interp_hold",2024,FALSE
"reconstruction2024_interp_hold","amount","knot:female:4:2020",1.11904601805328,"interp_hold",2024,FALSE
"reconstruction2024_interp_hold","amount","knot:female:4:2022",1.1515862959266,"interp_hold",2024,FALSE
"reconstruction2024_interp_hold","amount","knot:female:4:2024",0.94235761823281,"interp_hold",2024,FALSE
"reconstruction2024_interp_hold","amount","knot:male:1:2012",2.03200660718729,"interp_hold",2024,FALSE
"reconstruction2024_interp_hold","amount","knot:male:1:2014",2.01696968962171,"interp_hold",2024,FALSE
"reconstruction2024_interp_hold","amount","knot:male:1:2016",2.04410929487202,"interp_hold",2024,FALSE
"reconstruction2024_interp_hold","amount","knot:male:1:2018",2.04258329114467,"interp_hold",2024,FALSE
"reconstruction2024_interp_hold","amount","knot:male:1:2020",1.88959274146865,"interp_hold",2024,FALSE
"reconstruction2024_interp_hold","amount","knot:male:1:2022",1.91803984681554,"interp_hold",2024,FALSE
"reconstruction2024_interp_hold","amount","knot:male:1:2024",1.67251792485191,"interp_hold",2024,FALSE
"reconstruction2024_interp_hold","amount","knot:male:2:2012",1.85323800239453,"interp_hold",2024,FALSE
"reconstruction2024_interp_hold","amount","knot:male:2:2014",1.9717684042628,"interp_hold",2024,FALSE
"reconstruction2024_interp_hold","amount","knot:male:2:2016",2.00425226273964,"interp_hold",2024,FALSE
"reconstruction2024_interp_hold","amount","knot:male:2:2018",2.14084657324779,"interp_hold",2024,FALSE
"reconstruction2024_interp_hold","amount","knot:male:2:2020",2.0432631347516,"interp_hold",2024,FALSE
"reconstruction2024_interp_hold","amount","knot:male:2:2022",1.97312025293114,"interp_hold",2024,FALSE
"reconstruction2024_interp_hold","amount","knot:male:2:2024",1.90188179462786,"interp_hold",2024,FALSE
"reconstruction2024_interp_hold","amount","knot:male:3:2012",2.06635210796203,"interp_hold",2024,FALSE
"reconstruction2024_interp_hold","amount","knot:male:3:2014",1.90834264269477,"interp_hold",2024,FALSE
"reconstruction2024_interp_hold","amount","knot:male:3:2016",2.05138903765018,"interp_hold",2024,FALSE
"reconstruction2024_interp_hold","amount","knot:male:3:2018",2.07741712247691,"interp_hold",2024,FALSE
"reconstruction2024_interp_hold","amount","knot:male:3:2020",2.02921788763672,"interp_hold",2024,FALSE
"reconstruction2024_interp_hold","amount","knot:male:3:2022",1.98101907499608,"interp_hold",2024,FALSE
"reconstruction2024_interp_hold","amount","knot:male:3:2024",1.95873644534292,"interp_hold",2024,FALSE
"reconstruction2024_interp_hold","amount","knot:male:4:2012",1.78715742227411,"interp_hold",2024,FALSE
"reconstruction2024_interp_hold","amount","knot:male:4:2014",1.78765157811632,"interp_hold",2024,FALSE
"reconstruction2024_interp_hold","amount","knot:male:4:2016",1.75293861521759,"interp_hold",2024,FALSE
"reconstruction2024_interp_hold","amount","knot:male:4:2018",1.68123816116813,"interp_hold",2024,FALSE
"reconstruction2024_interp_hold","amount","knot:male:4:2020",1.96880070280043,"interp_hold",2024,FALSE
"reconstruction2024_interp_hold","amount","knot:male:4:2022",2.01914988403596,"interp_hold",2024,FALSE
"reconstruction2024_interp_hold","amount","knot:male:4:2024",1.79206386414023,"interp_hold",2024,FALSE
"reconstruction2024_interp_hold","hed","cellfemale:1",-2.66361130161339,"interp_hold",2024,FALSE
"reconstruction2024_interp_hold","hed","cellfemale:2",-2.86396034379325,"interp_hold",2024,FALSE
"reconstruction2024_interp_hold","hed","cellfemale:3",-2.99525892432853,"interp_hold",2024,FALSE
"reconstruction2024_interp_hold","hed","cellfemale:4",-3.24148590481221,"interp_hold",2024,FALSE
"reconstruction2024_interp_hold","hed","cellmale:1",-3.00537655887078,"interp_hold",2024,FALSE
"reconstruction2024_interp_hold","hed","cellmale:2",-3.15487929107973,"interp_hold",2024,FALSE
"reconstruction2024_interp_hold","hed","cellmale:3",-3.43187585534892,"interp_hold",2024,FALSE
"reconstruction2024_interp_hold","hed","cellmale:4",-4.0179337950418,"interp_hold",2024,FALSE
"reconstruction2024_interp_hold","hed","base::log1p(gpd_survey)",2.30013220711777,"interp_hold",2024,FALSE
"reconstruction2024_interp_hold","all_cause_mortality","female",0.969976905794678,"interp_hold",2024,FALSE
"reconstruction2024_interp_hold","all_cause_mortality","male",0.944948622365421,"interp_hold",2024,FALSE
"refit2024_linear_all","prevalence","cellfemale:1",-0.315629697533539,"linear_all",2024,FALSE
"refit2024_linear_all","prevalence","cellfemale:2",-0.246280669995184,"linear_all",2024,FALSE
"refit2024_linear_all","prevalence","cellfemale:3",-0.404519103673558,"linear_all",2024,FALSE
"refit2024_linear_all","prevalence","cellfemale:4",-0.766233304745112,"linear_all",2024,FALSE
"refit2024_linear_all","prevalence","cellmale:1",0.271531179587992,"linear_all",2024,FALSE
"refit2024_linear_all","prevalence","cellmale:2",0.518268620871762,"linear_all",2024,FALSE
"refit2024_linear_all","prevalence","cellmale:3",0.278394087929145,"linear_all",2024,FALSE
"refit2024_linear_all","prevalence","cellmale:4",0.0981524897039129,"linear_all",2024,FALSE
"refit2024_linear_all","prevalence","cellfemale:1:time",-0.292135997538506,"linear_all",2024,FALSE
"refit2024_linear_all","prevalence","cellfemale:2:time",-0.202982242914246,"linear_all",2024,FALSE
"refit2024_linear_all","prevalence","cellfemale:3:time",-0.377326374443988,"linear_all",2024,FALSE
"refit2024_linear_all","prevalence","cellfemale:4:time",-0.448976571833901,"linear_all",2024,FALSE
"refit2024_linear_all","prevalence","cellmale:1:time",-0.457252080565277,"linear_all",2024,FALSE
"refit2024_linear_all","prevalence","cellmale:2:time",-0.304383060482951,"linear_all",2024,FALSE
"refit2024_linear_all","prevalence","cellmale:3:time",-0.364398111036932,"linear_all",2024,FALSE
"refit2024_linear_all","prevalence","cellmale:4:time",-0.547536216363583,"linear_all",2024,FALSE
"refit2024_linear_all","amount","cellfemale:1",1.46533888073272,"linear_all",2024,FALSE
"refit2024_linear_all","amount","cellfemale:2",1.15088338404957,"linear_all",2024,FALSE
"refit2024_linear_all","amount","cellfemale:3",0.936496574690524,"linear_all",2024,FALSE
"refit2024_linear_all","amount","cellfemale:4",0.908978139848323,"linear_all",2024,FALSE
"refit2024_linear_all","amount","cellmale:1",2.07191243463514,"linear_all",2024,FALSE
"refit2024_linear_all","amount","cellmale:2",1.92728852893022,"linear_all",2024,FALSE
"refit2024_linear_all","amount","cellmale:3",2.03998555837316,"linear_all",2024,FALSE
"refit2024_linear_all","amount","cellmale:4",1.74927291667131,"linear_all",2024,FALSE
"refit2024_linear_all","amount","cellfemale:1:time",0.034386446204943,"linear_all",2024,FALSE
"refit2024_linear_all","amount","cellfemale:2:time",0.1703622091844,"linear_all",2024,FALSE
"refit2024_linear_all","amount","cellfemale:3:time",0.164952600968078,"linear_all",2024,FALSE
"refit2024_linear_all","amount","cellfemale:4:time",0.188863494239361,"linear_all",2024,FALSE
"refit2024_linear_all","amount","cellmale:1:time",-0.20144295334604,"linear_all",2024,FALSE
"refit2024_linear_all","amount","cellmale:2:time",0.0801821254890732,"linear_all",2024,FALSE
"refit2024_linear_all","amount","cellmale:3:time",-0.0485175080095049,"linear_all",2024,FALSE
"refit2024_linear_all","amount","cellmale:4:time",0.105892655900395,"linear_all",2024,FALSE
"refit2024_linear_all","hed","cellfemale:1",-2.66361130161339,"linear_all",2024,FALSE
"refit2024_linear_all","hed","cellfemale:2",-2.86396034379325,"linear_all",2024,FALSE
"refit2024_linear_all","hed","cellfemale:3",-2.99525892432853,"linear_all",2024,FALSE
"refit2024_linear_all","hed","cellfemale:4",-3.24148590481221,"linear_all",2024,FALSE
"refit2024_linear_all","hed","cellmale:1",-3.00537655887078,"linear_all",2024,FALSE
"refit2024_linear_all","hed","cellmale:2",-3.15487929107973,"linear_all",2024,FALSE
"refit2024_linear_all","hed","cellmale:3",-3.43187585534892,"linear_all",2024,FALSE
"refit2024_linear_all","hed","cellmale:4",-4.0179337950418,"linear_all",2024,FALSE
"refit2024_linear_all","hed","base::log1p(gpd_survey)",2.30013220711777,"linear_all",2024,FALSE
"refit2024_linear_all","all_cause_mortality","female",0.969976905794678,"linear_all",2024,FALSE
"refit2024_linear_all","all_cause_mortality","male",0.944948622365421,"linear_all",2024,FALSE
"refit2024_spline_shared","prevalence","cellfemale:1",-0.463634927521149,"spline_shared",2024,FALSE
"refit2024_spline_shared","prevalence","cellfemale:2",-0.322117775269077,"spline_shared",2024,FALSE
"refit2024_spline_shared","prevalence","cellfemale:3",-0.594928900555262,"spline_shared",2024,FALSE
"refit2024_spline_shared","prevalence","cellfemale:4",-0.995463336158675,"spline_shared",2024,FALSE
"refit2024_spline_shared","prevalence","cellmale:1",0.0227677127661504,"spline_shared",2024,FALSE
"refit2024_spline_shared","prevalence","cellmale:2",0.386661372137927,"spline_shared",2024,FALSE
"refit2024_spline_shared","prevalence","cellmale:3",0.0931911284071249,"spline_shared",2024,FALSE
"refit2024_spline_shared","prevalence","cellmale:4",-0.212240844673339,"spline_shared",2024,FALSE
"refit2024_spline_shared","prevalence","splines::ns(time, df = 2)1",0.0196289510845254,"spline_shared",2024,FALSE
"refit2024_spline_shared","prevalence","splines::ns(time, df = 2)2",-0.544784657943424,"spline_shared",2024,FALSE
"refit2024_spline_shared","amount","cellfemale:1",1.4290151033109,"spline_shared",2024,FALSE
"refit2024_spline_shared","amount","cellfemale:2",1.21065244536994,"spline_shared",2024,FALSE
"refit2024_spline_shared","amount","cellfemale:3",0.991613121555773,"spline_shared",2024,FALSE
"refit2024_spline_shared","amount","cellfemale:4",0.967794720817159,"spline_shared",2024,FALSE
"refit2024_spline_shared","amount","cellmale:1",1.92712030249964,"spline_shared",2024,FALSE
"refit2024_spline_shared","amount","cellmale:2",1.92833657419232,"spline_shared",2024,FALSE
"refit2024_spline_shared","amount","cellmale:3",1.9688890896536,"spline_shared",2024,FALSE
"refit2024_spline_shared","amount","cellmale:4",1.76369060150808,"spline_shared",2024,FALSE
"refit2024_spline_shared","amount","splines::ns(time, df = 2)1",0.128958048044394,"spline_shared",2024,FALSE
"refit2024_spline_shared","amount","splines::ns(time, df = 2)2",-0.0159384124918367,"spline_shared",2024,FALSE
"refit2024_spline_shared","hed","cellfemale:1",-2.66361130161339,"spline_shared",2024,FALSE
"refit2024_spline_shared","hed","cellfemale:2",-2.86396034379325,"spline_shared",2024,FALSE
"refit2024_spline_shared","hed","cellfemale:3",-2.99525892432853,"spline_shared",2024,FALSE
"refit2024_spline_shared","hed","cellfemale:4",-3.24148590481221,"spline_shared",2024,FALSE
"refit2024_spline_shared","hed","cellmale:1",-3.00537655887078,"spline_shared",2024,FALSE
"refit2024_spline_shared","hed","cellmale:2",-3.15487929107973,"spline_shared",2024,FALSE
"refit2024_spline_shared","hed","cellmale:3",-3.43187585534892,"spline_shared",2024,FALSE
"refit2024_spline_shared","hed","cellmale:4",-4.0179337950418,"spline_shared",2024,FALSE
"refit2024_spline_shared","hed","base::log1p(gpd_survey)",2.30013220711777,"spline_shared",2024,FALSE
"refit2024_spline_shared","all_cause_mortality","female",0.969976905794678,"spline_shared",2024,FALSE
"refit2024_spline_shared","all_cause_mortality","male",0.944948622365421,"spline_shared",2024,FALSE
