"year","sex","mc_sd","simulated_deaths","expected_deaths","observed_deaths","hmd_mx_expected","expected_relative_error"
2012,"female",1198.30144191766,8566.240032,9816.64281222742,9990,10285.63411,-0.0173530718491074
2012,"male",2532.85379581189,20116.226592,17443.8040000576,18002,18772.70705,-0.0310074436141752
2013,"female",2560.13846599337,9336.239136,9992.08727391276,10137,10465.84855,-0.0142954252823555
2013,"male",2391.76614251012,17709.979392,18256.4300269811,18771,19635.91747,-0.0274130293015232
2014,"female",2372.32056667256,9336.239136,9946.62903459426,10077,10405.37963,-0.0129374779602796
2014,"male",3918.56451498132,19442.477376,18338.3136538626,18743,19697.20295,-0.0215913325581486
2015,"female",1701.47371233114,8181.24048,10287.777613345,10407,10761.2255,-0.0114559802685644
2015,"male",1687.80703549128,19923.726816,18615.4048659082,18990,19992.37141,-0.0197259154340076
2016,"female",1467.6135453698,9913.738464,10208.6770733718,10293,10684.35569,-0.00819225946062652
2016,"male",2058.71288188901,14629.982976,18328.4034392696,18624,19706.46611,-0.0158718084584608
2017,"female",2993.82023666454,11453.736672,10137.6971776923,10192,10605.84942,-0.00532798492030162
2017,"male",2420.64162869226,18094.978944,18368.5240073613,18567,19757.17057,-0.0106897179209702
2018,"female",3235.4854755066,8566.240032,10367.7550796745,10411,10850.6319,-0.0041537720032192
2018,"male",2537.42161520484,18094.978944,18413.6917115286,18480,19778.06126,-0.00358811084802035
2019,"female",1483.31039342849,9624.9888,10614.5599713802,10590,11087.51752,0.00231916632485585
2019,"male",2468.016798577,17132.480064,19129.8443557121,19063,20510.84776,0.003506497178412
2020,"female",4069.3332599177,12031.236,12099.9584307551,12035,12621.41908,0.00539745997134444
2020,"male",3144.73587181235,25409.970432,22415.2812680606,22234,24013.87797,0.00815333579475586
2021,"female",2097.71767559554,15399.98208,13206.3743180077,13121,13774.51003,0.00650669293557704
2021,"male",3813.73101775934,23773.722336,25457.8096120908,25123,27293.5955,0.0133268165462264
2022,"female",790.773522224187,12608.735328,11987.2999128448,11882,12498.9093,0.008862137085073
2022,"male",2907.47955414332,23099.97312,22979.0485188162,22521,24607.45814,0.0203387291335271
2023,"female",2463.32028281103,12608.735328,11420.8423885537,11260,11896.7141,0.0142844039568124
2023,"male",2772.93237930722,21271.225248,20911.735244404,20332,22377.95523,0.0285134391306321
2024,"female",2297.93458040196,12223.735776,11900.8537858999,11609,12376.78979,0.0251403037212381
2024,"male",2125.1399855671,20212.47648,20972.8347301449,20197,22421.11306,0.0384133648633393
