"year","current_prevalence","gpd_current","gpd_population","population","expected_deaths","realized_deaths","spec","period"
2012,0.43704,5.65222595779315,2.47024883259392,12031236,27260.446812285,25506.22032,"interp_hold","Historical"
2013,0.47717301079094,5.53344007144329,2.64040825892183,12175129.58256,28248.5173008939,24062.472,"interp_hold","Historical"
2014,0.513426885040847,5.4347871572015,2.79036584098197,12311804.42352,28284.9426884569,30799.96416,"interp_hold","Historical"
2015,0.496170805291251,5.77458418823647,2.86518008689941,12442223.02176,28903.1824792532,28393.71696,"interp_hold","Historical"
2016,0.48225621414914,6.08305673750527,2.93359191268371,12584672.856,28537.0805126414,27431.21808,"interp_hold","Historical"
2017,0.470166974482681,6.14274684862348,2.88811670083032,12768028.89264,28506.2211850536,33687.4608,"interp_hold","Historical"
2018,0.460724626921078,6.16702998775156,2.84130259031794,12963897.41472,28781.4467912031,20693.72592,"interp_hold","Historical"
2019,0.461226428884666,5.95027084104347,2.74442217091104,13168909.67616,29744.4043270923,23099.97312,"interp_hold","Historical"
2020,0.463940225238233,5.84687158518889,2.71259892017156,13332534.48576,34515.2396988157,34649.95968,"interp_hold","Historical"
2021,0.437576235918777,5.71273031831574,2.49975502950768,13414346.89056,38664.1839300986,41868.70128,"interp_hold","Historical"
2022,0.411781425424572,5.61291888795223,2.31129574047347,13545246.73824,34966.348431661,37056.20688,"interp_hold","Historical"
2023,0.387404177508967,5.59261262274708,2.1666014932416,13685771.57472,32332.5776329577,36093.708,"interp_hold","Historical"
2024,0.363369963369963,5.415067852973,1.96767300738066,13795015.1976,32873.6885160447,31762.46304,"interp_hold","Historical"
2025,0.363705548637056,5.32573481624381,1.93699930323742,13911958.81152,33318.8955326378,26949.96864,"interp_hold","Conditional projection"
2026,0.363299223954399,5.30023468376481,1.92557114738794,14014946.19168,33690.3325367077,29356.21584,"interp_hold","Conditional projection"
2027,0.362777209143637,5.28837580337501,1.91850221485113,14105421.0864,34008.8582120655,28874.9664,"interp_hold","Conditional projection"
2028,0.364034194992876,5.25667130962031,1.91360810853978,14186270.99232,34306.6275665257,33206.21136,"interp_hold","Conditional projection"
2029,0.363191467818691,5.39946104610316,1.96103818276405,14258939.65776,34587.7588451436,32243.71248,"interp_hold","Conditional projection"
2030,0.366142789979179,5.38008719170407,1.96988013470178,14330645.82432,34804.9403421801,32243.71248,"interp_hold","Conditional projection"
2031,0.366326701220532,5.32737205547761,1.95155863125755,14391764.5032,35025.5193898783,38018.70576,"interp_hold","Conditional projection"
2032,0.362460410068345,5.42428834936022,1.96608977943805,14435076.9528,35243.6113395827,36093.708,"interp_hold","Conditional projection"
2033,0.364541037076483,5.33643820862897,1.94535071886817,14459620.67424,35458.1282268067,38018.70576,"interp_hold","Conditional projection"
2034,0.36562427303845,5.36923004664262,1.96312083257991,14481276.89904,35693.1390140724,30318.71472,"interp_hold","Conditional projection"
2012,0.4988,5.57886529692794,2.78273801010766,12031236,27260.446812285,25506.22032,"linear_all","Historical"
2013,0.491323767737855,5.61511990360321,2.75884186733815,12175129.58256,28248.5173008939,24062.472,"linear_all","Historical"
2014,0.47969354649572,5.65063615411276,2.71057369672329,12311804.42352,28284.9426884569,30799.96416,"linear_all","Historical"
2015,0.466852324591939,5.74952369036709,2.6841785001443,12442223.02176,28903.1824792532,28393.71696,"linear_all","Historical"
2016,0.457934990439771,5.76344711687895,2.63928410036808,12584672.856,28537.0805126414,27431.21808,"linear_all","Historical"
2017,0.45094417850816,5.75346515219881,2.59449161663362,12768028.89264,28506.2211850536,33687.4608,"linear_all","Historical"
2018,0.445281758111218,5.65928017443223,2.51997422571515,12963897.41472,28781.4467912031,20693.72592,"linear_all","Historical"
2019,0.432356380646104,5.66813360075951,2.45065372864295,13168909.67616,29744.4043270923,23099.97312,"linear_all","Historical"
2020,0.423693329483107,5.71259714204048,2.42038930310681,13332534.48576,34515.2396988157,34649.95968,"linear_all","Historical"
2021,0.418777355241444,5.63106033242325,2.35816055321721,13414346.89056,38664.1839300986,41868.70128,"linear_all","Historical"
2022,0.414090812193562,5.54721238828357,2.29704968327453,13545246.73824,34966.348431661,37056.20688,"linear_all","Historical"
2023,0.405584077642591,5.76995718194501,2.34020276167641,13685771.57472,32332.5776329577,36093.708,"linear_all","Historical"
2024,0.399232513518228,5.75704039021553,2.29839770541171,13795015.1976,32873.6885160447,31762.46304,"linear_all","Historical"
2025,0.389857478898575,5.7275507822221,2.23292850822067,13911958.81152,33318.8955326378,26949.96864,"linear_all","Conditional projection"
2026,0.381979259666232,5.69571157371083,2.17564369019845,14014946.19168,33690.3325367077,29356.21584,"linear_all","Conditional projection"
2027,0.374513817809621,5.71910342989089,2.14188325997654,14105421.0864,34008.8582120655,28874.9664,"linear_all","Conditional projection"
2028,0.367256937377027,5.6866929197343,2.08847742550524,14186270.99232,34306.6275665257,33206.21136,"linear_all","Conditional projection"
2029,0.359748894664012,5.85870427417937,2.10766238679935,14258939.65776,34587.7588451436,32243.71248,"linear_all","Conditional projection"
2030,0.354792128416952,5.83278149833195,2.06942496238421,14330645.82432,34804.9403421801,32243.71248,"linear_all","Conditional projection"
2031,0.347433539541883,5.83601779278296,2.02762831857599,14391764.5032,35025.5193898783,38018.70576,"linear_all","Conditional projection"
2032,0.336556092682114,5.94806980960717,2.00185913412183,14435076.9528,35243.6113395827,36093.708,"linear_all","Conditional projection"
2033,0.330360114491114,5.84561550614437,1.93115820788088,14459620.67424,35458.1282268067,38018.70576,"linear_all","Conditional projection"
2034,0.321790568608554,5.95147812074641,1.91512952853635,14481276.89904,35693.1390140724,30318.71472,"linear_all","Conditional projection"
2012,0.455,5.3426338478566,2.43089840077475,12031236,27260.446812285,25506.22032,"spline_shared","Historical"
2013,0.468793232934108,5.47720890647325,2.56767847072109,12175129.58256,28248.5173008939,24062.472,"spline_shared","Historical"
2014,0.476566469921432,5.58771100032854,2.66291570636773,12311804.42352,28284.9426884569,30799.96416,"spline_shared","Historical"
2015,0.480351202908641,5.75305767035127,2.76348817235601,12442223.02176,28903.1824792532,28393.71696,"spline_shared","Historical"
2016,0.486080305927342,5.84450903848938,2.84090074142404,12584672.856,28537.0805126414,27431.21808,"spline_shared","Historical"
2017,0.485884437073612,5.9124475685373,2.87276625856599,12768028.89264,28506.2211850536,33687.4608,"spline_shared","Historical"
2018,0.48492835399807,5.87606403529087,2.84947006062086,12963897.41472,28781.4467912031,20693.72592,"spline_shared","Historical"
2019,0.469521999707645,5.84604265028218,2.74484563553667,13168909.67616,29744.4043270923,23099.97312,"spline_shared","Historical"
2020,0.449393589373376,5.86509860928219,2.63573771605412,13332534.48576,34515.2396988157,34649.95968,"spline_shared","Historical"
2021,0.432553634211093,5.75446248997352,2.48911366296946,13414346.89056,38664.1839300986,41868.70128,"spline_shared","Historical"
2022,0.411639309315711,5.61919156468968,2.31308013460153,13545246.73824,34966.348431661,37056.20688,"spline_shared","Historical"
2023,0.386947042689359,5.77985667085559,2.23649844595594,13685771.57472,32332.5776329577,36093.708,"spline_shared","Historical"
2024,0.359427873713588,5.74228171552478,2.06393610727548,13795015.1976,32873.6885160447,31762.46304,"spline_shared","Historical"
2025,0.334959180849592,5.56501178356584,1.86405178844154,13911958.81152,33318.8955326378,26949.96864,"spline_shared","Conditional projection"
2026,0.309353753176293,5.48796515194402,1.69772261705459,14014946.19168,33690.3325367077,29356.21584,"spline_shared","Conditional projection"
2027,0.285772773797339,5.3803013435972,1.53754363882532,14105421.0864,34008.8582120655,28874.9664,"spline_shared","Conditional projection"
2028,0.262466924486057,5.30432727579094,1.39221046654435,14186270.99232,34306.6275665257,33206.21136,"spline_shared","Conditional projection"
2029,0.241418880151203,5.42575478495202,1.30987964415815,14258939.65776,34587.7588451436,32243.71248,"spline_shared","Conditional projection"
2030,0.223352810799919,5.3330970477107,1.19116221587494,14330645.82432,34804.9403421801,32243.71248,"spline_shared","Conditional projection"
2031,0.20484868751045,5.35083154111267,1.09611081828645,14391764.5032,35025.5193898783,38018.70576,"spline_shared","Conditional projection"
2032,0.181930321720287,5.21906433267388,0.949506053122232,14435076.9528,35243.6113395827,36093.708,"spline_shared","Conditional projection"
2033,0.168874392598016,5.14371995347394,0.868642582837208,14459620.67424,35458.1282268067,38018.70576,"spline_shared","Conditional projection"
2034,0.151905885480709,5.13318263948063,0.779760654184505,14481276.89904,35693.1390140724,30318.71472,"spline_shared","Conditional projection"
