"year","sex","age_group","metric","observed","simulated","se","mc_sd","design_status","error","standardized_error","in_working_interval"
2012,"female",1,"current",0.363639340985575,0.360448807854137,0.0180304499003447,0.00611122789266076,"PSU + region proxy strata",-0.00319053313143797,-0.176952496974409,TRUE
2012,"female",2,"current",0.360224882825793,0.359302027200411,0.0171895107652594,0.00660085452510677,"PSU + region proxy strata",-0.000922855625382468,-0.0536871373470147,TRUE
2012,"female",3,"current",0.3321130128308,0.335598058806737,0.0181818794367869,0.00638520895603813,"PSU + region proxy strata",0.00348504597593663,0.191676882912634,TRUE
2012,"female",4,"current",0.239970344817835,0.238562091503268,0.0203655755871615,0.0186939022894668,"PSU + region proxy strata",-0.00140825331456687,-0.0691487116845661,TRUE
2012,"male",1,"current",0.515598309576747,0.515342714480254,0.019660192133202,0.00843222625666217,"PSU + region proxy strata",-0.000255595096492534,-0.01300064082593,TRUE
2012,"male",2,"current",0.583336169880104,0.582761290322581,0.0183314048233399,0.00794654356500946,"PSU + region proxy strata",-0.000574879557523555,-0.0313603656164752,TRUE
2012,"male",3,"current",0.518707461855575,0.518603945371775,0.0218439386296924,0.00846895194192807,"PSU + region proxy strata",-0.000103516483799804,-0.00473891112562887,TRUE
2012,"male",4,"current",0.442249669815368,0.457004830917874,0.033051663526045,0.0163065842087634,"PSU + region proxy strata",0.0147551611025063,0.446427184848929,TRUE
2014,"female",1,"current",0.432145134062063,0.427666511411272,0.0191036434504149,0.00441741843643019,"PSU + region proxy strata",-0.00447862265079152,-0.234438140683276,TRUE
2014,"female",2,"current",0.477037845299145,0.475856816450876,0.0164008832238207,0.004996176446889,"PSU + region proxy strata",-0.00118102884826887,-0.0720100760520958,TRUE
2014,"female",3,"current",0.449780623106421,0.455104281009879,0.0209789002583825,0.00694405868750993,"PSU + region proxy strata",0.00532365790345796,0.253762486969773,TRUE
2014,"female",4,"current",0.381665610494895,0.36889332003988,0.031034265983505,0.0216949702362801,"PSU + region proxy strata",-0.012772290455015,-0.41155445602624,TRUE
2014,"male",1,"current",0.536667873582329,0.54228945585911,0.0188727936522577,0.00480396203924058,"PSU + region proxy strata",0.00562158227678167,0.297866992050177,TRUE
2014,"male",2,"current",0.653164015842847,0.646513994910942,0.0199845267463064,0.00505523108439966,"PSU + region proxy strata",-0.00665002093190525,-0.332758489421539,TRUE
2014,"male",3,"current",0.574487727642602,0.568831925429653,0.0224082430121561,0.00840563405748321,"PSU + region proxy strata",-0.00565580221294903,-0.252398289766888,TRUE
2014,"male",4,"current",0.548503750227524,0.553238199780461,0.0322590434085211,0.0264245952079269,"PSU + region proxy strata",0.004734449552937,0.146763482505697,TRUE
2016,"female",1,"current",0.445508027275146,0.440055632823366,0.0203083072431915,0.00958360720916115,"PSU + region proxy strata",-0.00545239445178042,-0.268480990881619,TRUE
2016,"female",2,"current",0.443065656541133,0.44066016504126,0.021267136792881,0.00469957887905318,"PSU + region proxy strata",-0.00240549149987307,-0.113108385171919,TRUE
2016,"female",3,"current",0.390028950275435,0.393572377158035,0.0206280308322984,0.00474161241337472,"PSU + region proxy strata",0.00354342688259907,0.171777272945071,TRUE
2016,"female",4,"current",0.303271938800542,0.307806691449814,0.0240053650832105,0.0136651868220913,"PSU + region proxy strata",0.00453475264927194,0.188905798081096,TRUE
2016,"male",1,"current",0.562706835795097,0.56509645580978,0.0186289000009597,0.00605735833326879,"PSU + region proxy strata",0.00238962001468335,0.12827488550372,TRUE
2016,"male",2,"current",0.598224818026332,0.59436127744511,0.0191111765180368,0.00633997697052763,"PSU + region proxy strata",-0.00386354058122185,-0.202161315268869,TRUE
2016,"male",3,"current",0.534105424398532,0.532263513513514,0.0212792081191506,0.00801153859311727,"PSU + region proxy strata",-0.00184191088501828,-0.0865591837207807,TRUE
2016,"male",4,"current",0.466140967673399,0.465235173824131,0.0320606090466126,0.0198137243098938,"PSU + region proxy strata",-0.000905793849268421,-0.0282525465424408,TRUE
2018,"female",1,"current",0.382313764218141,0.385078053259871,0.0177179583165555,0.00445918542142247,"PSU + region proxy strata",0.00276428904173093,0.156016228977579,TRUE
2018,"female",2,"current",0.422734555858063,0.422276146566367,0.018702712861649,0.00751931426539686,"PSU + region proxy strata",-0.000458409291695494,-0.0245103100863774,TRUE
2018,"female",3,"current",0.31879496572037,0.324027813546227,0.0170888026489635,0.00669931961251581,"PSU + region proxy strata",0.00523284782585748,0.30621500718044,TRUE
2018,"female",4,"current",0.276002260167235,0.28198121263877,0.0300038666178488,0.0112549355951266,"PSU + region proxy strata",0.00597895247153529,0.199272732001098,TRUE
2018,"male",1,"current",0.547295298760442,0.549700864170175,0.0174146219232058,0.00526088349092228,"PSU + region proxy strata",0.00240556540973291,0.138134805357295,TRUE
2018,"male",2,"current",0.598975341430772,0.592778045257583,0.0210171852976588,0.00523723136375071,"PSU + region proxy strata",-0.00619729617318943,-0.294868037057264,TRUE
2018,"male",3,"current",0.546564326421895,0.542056583242655,0.0180450396854839,0.00567895085338866,"PSU + region proxy strata",-0.00450774317923985,-0.249805113084126,TRUE
2018,"male",4,"current",0.484369845465034,0.477067669172932,0.0297411774894169,0.00989300553905321,"PSU + region proxy strata",-0.00730217629210161,-0.245524115334708,TRUE
2020,"female",1,"current",0.385372827227114,0.3815036900369,0.0192537177605305,0.00995631730676489,"Weights only; no validated clustering SE",-0.00386913719021326,-0.200955329164784,NA
2020,"female",2,"current",0.425743340782624,0.422629260375609,0.0199827409400628,0.00670865026250192,"Weights only; no validated clustering SE",-0.00311408040701544,-0.1558385016528,NA
2020,"female",3,"current",0.391969148012117,0.396089245424919,0.0205132534382281,0.00911317158650967,"Weights only; no validated clustering SE",0.00412009741280156,0.200850509901244,NA
2020,"female",4,"current",0.28980237230987,0.29397024275646,0.0245329591183229,0.0147606916002941,"Weights only; no validated clustering SE",0.00416787044659006,0.169888615005159,NA
2020,"male",1,"current",0.517522641616176,0.519884083816317,0.023831153504362,0.00956903292005061,"Weights only; no validated clustering SE",0.00236144220014156,0.099090553871399,NA
2020,"male",2,"current",0.628603393932933,0.624793767186068,0.0232032785565713,0.006892734559311,"Weights only; no validated clustering SE",-0.00380962674686514,-0.164184847308409,NA
2020,"male",3,"current",0.53460795655621,0.52598466825271,0.0251419421543995,0.0111656864039527,"Weights only; no validated clustering SE",-0.00862328830350034,-0.342984175627473,NA
2020,"male",4,"current",0.457076468252889,0.447923875432526,0.0310323674545066,0.0097178869688468,"Weights only; no validated clustering SE",-0.00915259282036263,-0.294936982612761,NA
2022,"female",1,"current",0.352997847970576,0.35359168241966,0.0148377126926734,0.00625534673261789,"PSU + region proxy strata",0.000593834449083452,0.0400219670904315,TRUE
2022,"female",2,"current",0.401995028692561,0.410661928031986,0.0149205516068886,0.00276273777711882,"PSU + region proxy strata",0.00866689933942488,0.580869901312731,TRUE
2022,"female",3,"current",0.314914878530327,0.316284860557769,0.012549539792279,0.00579275538788659,"PSU + region proxy strata",0.00136998202744198,0.109165917644634,TRUE
2022,"female",4,"current",0.229834335838236,0.238005780346821,0.0139294609225485,0.0166310583339253,"PSU + region proxy strata",0.00817144450858467,0.586630348009882,TRUE
2022,"male",1,"current",0.415132062494339,0.41936957514847,0.016060408267641,0.00596289514947767,"PSU + region proxy strata",0.00423751265413058,0.263848376922549,TRUE
2022,"male",2,"current",0.554614831880923,0.552804557405784,0.0157396894056771,0.00303206671847023,"PSU + region proxy strata",-0.00181027447513815,-0.115013354360424,TRUE
2022,"male",3,"current",0.477886422004613,0.47484309623431,0.0157448865903642,0.0083424190970497,"PSU + region proxy strata",-0.00304332577030375,-0.193289786676917,TRUE
2022,"male",4,"current",0.382646812251071,0.395505617977528,0.0207449922682778,0.0151789394225913,"PSU + region proxy strata",0.0128588057264569,0.619851073462195,TRUE
2024,"female",1,"current",0.296936001770398,0.295408895265423,0.0192572675732737,0.00412992912064363,"PSU + supplied ESTRATO",-0.00152710650497478,-0.0793002693224342,TRUE
2024,"female",2,"current",0.334510527904238,0.335078756917837,0.015871499660891,0.0043163190653509,"PSU + supplied ESTRATO",0.000568229013599375,0.0358018476980816,TRUE
2024,"female",3,"current",0.266777763885451,0.26583912611718,0.0150171491228274,0.00984227203901191,"PSU + supplied ESTRATO",-0.000938637768271688,-0.062504391518952,TRUE
2024,"female",4,"current",0.178105880191761,0.182444294395679,0.0156266321966895,0.0098706829529262,"PSU + supplied ESTRATO",0.00433841420391781,0.277629507709082,TRUE
2024,"male",1,"current",0.408314748418684,0.408279370952821,0.0232120840054431,0.00876774736508278,"PSU + supplied ESTRATO",-3.53774658626849e-05,-0.00152409692530792,TRUE
2024,"male",2,"current",0.503068059404641,0.49989520016768,0.0183171867609547,0.00146719765248377,"PSU + supplied ESTRATO",-0.00317285923696087,-0.173217605867523,TRUE
2024,"male",3,"current",0.42692761418592,0.423734095040249,0.0186083493212682,0.00733409071463567,"PSU + supplied ESTRATO",-0.00319351914567084,-0.171617540628434,TRUE
2024,"male",4,"current",0.330183763416559,0.328721804511278,0.024947100747504,0.00604784287283915,"PSU + supplied ESTRATO",-0.00146195890528056,-0.0586023570465129,TRUE
2012,"female",1,"gpd",4.87478588456304,4.88108980963215,0.541155034752198,0.1340002887683,"PSU + region proxy strata",0.0063039250691137,0.0116490186070252,TRUE
2012,"female",2,"gpd",2.98622437662201,2.98289119326817,0.228850885321264,0.0368037805831564,"PSU + region proxy strata",-0.00333318335384059,-0.0145648698241277,TRUE
2012,"female",3,"gpd",3.13802361525735,3.02287190899492,0.538715803113134,0.103092578746772,"PSU + region proxy strata",-0.115151706262425,-0.21375223373249,TRUE
2012,"female",4,"gpd",2.25154930030618,2.35732430221601,0.269473209209896,0.187211065371794,"PSU + region proxy strata",0.105775001909838,0.392525113052884,TRUE
2012,"male",1,"gpd",7.62938017840465,7.43270715512868,0.368095893444585,0.059802453561645,"PSU + region proxy strata",-0.196673023275974,-0.534298335782934,TRUE
2012,"male",2,"gpd",6.38044600973036,6.42492820880212,0.319156889524569,0.118853769811915,"PSU + region proxy strata",0.0444821990717594,0.139374083818219,TRUE
2012,"male",3,"gpd",7.89596688290981,7.70110080128324,0.529460337863683,0.252053419639411,"PSU + region proxy strata",-0.194866081626574,-0.368046608387775,TRUE
2012,"male",4,"gpd",5.97245115743086,6.07983631946447,0.581343285388038,0.43602188716665,"PSU + region proxy strata",0.107385162033611,0.184719020125834,TRUE
2014,"female",1,"gpd",3.94957888011936,3.95607108731553,0.26409613359798,0.136743525931723,"PSU + region proxy strata",0.00649220719616883,0.0245827423056923,TRUE
2014,"female",2,"gpd",3.41697876809706,3.35146508764963,0.387527213309342,0.17891113281509,"PSU + region proxy strata",-0.0655136804474328,-0.169055690019727,TRUE
2014,"female",3,"gpd",2.63806299455676,2.6157511489042,0.162673930400159,0.105380884905811,"PSU + region proxy strata",-0.0223118456525597,-0.137156860952921,TRUE
2014,"female",4,"gpd",2.52442743235567,2.56361457525458,0.244623962681477,0.283978094666896,"PSU + region proxy strata",0.039187142898907,0.160193394258486,TRUE
2014,"male",1,"gpd",7.51551604583936,7.41183286083116,0.7141364883546,0.145730536130689,"PSU + region proxy strata",-0.103683185008198,-0.145186790899158,TRUE
2014,"male",2,"gpd",7.18336836209004,7.12987268277126,0.627967053402499,0.233162641482691,"PSU + region proxy strata",-0.0534956793187824,-0.0851886719676264,TRUE
2014,"male",3,"gpd",6.74190578716079,6.6410534629666,0.544081157775645,0.266298690143848,"PSU + region proxy strata",-0.100852324194182,-0.185362648113922,TRUE
2014,"male",4,"gpd",5.97540320838917,5.86597454638108,0.700649896198891,0.395341235200297,"PSU + region proxy strata",-0.109428662008086,-0.156181657346629,TRUE
2016,"female",1,"gpd",4.64561186615719,4.63690275937481,0.383845232396765,0.158088563542147,"PSU + region proxy strata",-0.00870910678238435,-0.0226891102124778,TRUE
2016,"female",2,"gpd",4.50927913410523,4.43549854656342,0.524214724887136,0.0987757299936171,"PSU + region proxy strata",-0.0737805875418136,-0.140744973460443,TRUE
2016,"female",3,"gpd",2.60473560796985,2.66563174422632,0.220213027043401,0.101547836956995,"PSU + region proxy strata",0.0608961362564728,0.276532851276192,TRUE
2016,"female",4,"gpd",3.01492083893993,2.77088222777348,0.357738129536595,0.34782579909963,"PSU + region proxy strata",-0.244038611166454,-0.682171093930008,TRUE
2016,"male",1,"gpd",7.72227720184082,7.67679440076584,0.477678902747551,0.175048410875525,"PSU + region proxy strata",-0.0454828010749795,-0.0952162651801617,TRUE
2016,"male",2,"gpd",7.42054320514035,7.37732604707531,0.515626019216841,0.0726938165514644,"PSU + region proxy strata",-0.0432171580650449,-0.0838149287553124,TRUE
2016,"male",3,"gpd",7.77869851067083,7.88773851442856,0.605698486103365,0.145161776751869,"PSU + region proxy strata",0.109040003757729,0.180023569910525,TRUE
2016,"male",4,"gpd",5.77153811017583,6.0304220207771,0.607836522831603,0.447081341123314,"PSU + region proxy strata",0.25888391060127,0.425910423077673,TRUE
2018,"female",1,"gpd",4.54894664167099,4.57544613146849,0.259219222508725,0.143871770715802,"PSU + region proxy strata",0.0264994897974979,0.102228104617535,TRUE
2018,"female",2,"gpd",3.42747657688961,3.37720227598852,0.180029023740638,0.0593845754904431,"PSU + region proxy strata",-0.050274300901092,-0.279256643492776,TRUE
2018,"female",3,"gpd",2.58933530334311,2.53487991404703,0.179222049384647,0.0646893841938635,"PSU + region proxy strata",-0.054455389296078,-0.303843134720581,TRUE
2018,"female",4,"gpd",2.97457930133164,2.95579341857879,0.470561558633111,0.322411420335778,"PSU + region proxy strata",-0.0187858827528484,-0.0399222639592952,TRUE
2018,"male",1,"gpd",7.71050196486,7.75391628907609,0.574359652227097,0.143741229950296,"PSU + region proxy strata",0.0434143242160996,0.0755873502739254,TRUE
2018,"male",2,"gpd",8.50663607197876,8.49363996954159,0.559485611426536,0.108327289352535,"PSU + region proxy strata",-0.012996102437171,-0.023228662492382,TRUE
2018,"male",3,"gpd",7.98382102841245,8.15976398854492,0.57459250571102,0.184759093691086,"PSU + region proxy strata",0.175942960132471,0.306204759692704,TRUE
2018,"male",4,"gpd",5.37220350868303,5.40069391023004,0.458033930100582,0.247188879537921,"PSU + region proxy strata",0.0284904015470158,0.0622015088287443,TRUE
2020,"female",1,"gpd",4.40675805814024,4.53838621555531,0.300333033278545,0.191414064082808,"Weights only; no validated clustering SE",0.131628157415067,0.438273991968735,NA
2020,"female",2,"gpd",3.40176789810607,3.39384008156417,0.208703543020261,0.111410748459944,"Weights only; no validated clustering SE",-0.00792781654189856,-0.0379860180003217,NA
2020,"female",3,"gpd",3.47945418835144,3.47482482533269,0.347669458163247,0.0978856029407267,"Weights only; no validated clustering SE",-0.00462936301874173,-0.0133154147137308,NA
2020,"female",4,"gpd",3.061931781904,2.98426558908196,0.466059129117506,0.338904564309376,"Weights only; no validated clustering SE",-0.0776661928220386,-0.166644504891689,NA
2020,"male",1,"gpd",6.61667343554372,6.57439345580955,0.5354498448813,0.113555700308915,"Weights only; no validated clustering SE",-0.0422799797341682,-0.0789616060931738,NA
2020,"male",2,"gpd",7.71574568257904,7.67043660500957,0.576478912034324,0.0838337233691488,"Weights only; no validated clustering SE",-0.0453090775694776,-0.0785962445869655,NA
2020,"male",3,"gpd",7.60813361586402,7.74757746989604,1.33473150164817,0.244015250399709,"Weights only; no validated clustering SE",0.139443854032013,0.104473337041812,NA
2020,"male",4,"gpd",7.16208187089557,6.94635855684459,0.723570836475919,0.417864700558126,"Weights only; no validated clustering SE",-0.21572331405098,-0.298137104449426,NA
2022,"female",1,"gpd",4.39583531970221,4.57648395750978,0.330154209513483,0.0873260806776763,"PSU + region proxy strata",0.180648637807566,0.547164423781757,TRUE
2022,"female",2,"gpd",4.01768627198571,3.95300088757016,0.297771840899946,0.0893163216284673,"PSU + region proxy strata",-0.0646853844155504,-0.21723136821821,TRUE
2022,"female",3,"gpd",2.99586546497663,3.0263932140792,0.228158288467871,0.0560747114176378,"PSU + region proxy strata",0.0305277491025717,0.133800745559461,TRUE
2022,"female",4,"gpd",3.16320671387503,2.91417297764164,0.335400011975428,0.267611237703646,"PSU + region proxy strata",-0.24903373623339,-0.742497696307878,TRUE
2022,"male",1,"gpd",6.80760144101353,6.75040791601985,0.415345446309226,0.23839750876713,"PSU + region proxy strata",-0.057193524993675,-0.137701100377767,TRUE
2022,"male",2,"gpd",7.19308575578752,7.0292987438849,0.392466046336418,0.217804486762024,"PSU + region proxy strata",-0.163787011902627,-0.417327851495798,TRUE
2022,"male",3,"gpd",7.2501276455625,7.27362159943963,0.493266606631848,0.218095800832672,"PSU + region proxy strata",0.0234939538771393,0.0476293216716252,TRUE
2022,"male",4,"gpd",7.53191920648493,7.6730046361587,0.895950237229725,0.24789051327158,"PSU + region proxy strata",0.141085429673768,0.157470162751453,TRUE
2024,"female",1,"gpd",4.57568984541537,4.66896726000301,0.671389886575418,0.265527364562701,"PSU + supplied ESTRATO",0.0932774145876394,0.13893181361939,TRUE
2024,"female",2,"gpd",3.80943997171204,3.82197325992907,0.28467143130422,0.125600366252645,"PSU + supplied ESTRATO",0.0125332882170319,0.044027207646411,TRUE
2024,"female",3,"gpd",3.10200545779789,3.03427809224678,0.225412968018113,0.151231782326618,"PSU + supplied ESTRATO",-0.067727365551113,-0.300459046995339,TRUE
2024,"female",4,"gpd",2.56602399744522,2.51423064688415,0.366257220418623,0.171224107711189,"PSU + supplied ESTRATO",-0.0517933505610713,-0.141412503764083,TRUE
2024,"male",1,"gpd",5.32556029006488,5.31171928893033,0.460678852683047,0.115357467719709,"PSU + supplied ESTRATO",-0.0138410011345558,-0.0300447937949489,TRUE
2024,"male",2,"gpd",6.69848776783315,6.78036368224814,0.530145793341564,0.0936621889136856,"PSU + supplied ESTRATO",0.081875914414983,0.154440373654407,TRUE
2024,"male",3,"gpd",7.09036234228274,7.06804922120824,0.557626334922317,0.150620422772861,"PSU + supplied ESTRATO",-0.0223131210744949,-0.0400144678920219,TRUE
2024,"male",4,"gpd",6.00182664747007,5.93203222488159,0.599081395337045,0.335282458202636,"PSU + supplied ESTRATO",-0.0697944225884815,-0.116502403732993,TRUE
2012,"female",1,"hed",0.546826842756343,0.539424669441911,0.0275305778706758,0.0106018093205988,"PSU + region proxy strata",-0.00740217331443171,-0.268870975001078,TRUE
2012,"female",2,"hed",0.416666213365261,0.394153099749788,0.0281169533809977,0.00723416318902126,"PSU + region proxy strata",-0.0225131136154732,-0.800695342429535,TRUE
2012,"female",3,"hed",0.360664586753923,0.350239021045705,0.0321548744905395,0.00857442536938579,"PSU + region proxy strata",-0.010425565708218,-0.324229712396648,TRUE
2012,"female",4,"hed",0.209702146286474,0.285210689392854,0.034618795371985,0.0209196647927205,"PSU + region proxy strata",0.0755085431063797,2.18114299746791,FALSE
2012,"male",1,"hed",0.71288476656988,0.587217711827477,0.0266129073847262,0.00584514729429852,"PSU + region proxy strata",-0.125667054742403,-4.72203404632618,FALSE
2012,"male",2,"hed",0.581923975178729,0.536006893569853,0.0243824359898722,0.00995038059159148,"PSU + region proxy strata",-0.0459170816088762,-1.8832032052888,TRUE
2012,"male",3,"hed",0.599066598156423,0.475491822818552,0.0289924802989854,0.00853582776808099,"PSU + region proxy strata",-0.123574775337871,-4.26230436525279,FALSE
2012,"male",4,"hed",0.424720148419122,0.393853668459908,0.0459021951268619,0.0339617839446069,"PSU + region proxy strata",-0.0308664799592135,-0.672440171410245,TRUE
2014,"female",1,"hed",0.500584256211651,0.492845929323299,0.0291736949585981,0.00779898051269062,"PSU + region proxy strata",-0.00773832688835202,-0.265250147413068,TRUE
2014,"female",2,"hed",0.404865947122143,0.415627562250933,0.0283502858623411,0.0130177970168269,"PSU + region proxy strata",0.0107616151287898,0.37959458966461,TRUE
2014,"female",3,"hed",0.33767222116232,0.328683154815887,0.0233925435940318,0.0102530558836954,"PSU + region proxy strata",-0.00898906634643365,-0.384270582217791,TRUE
2014,"female",4,"hed",0.293729329675061,0.293427149052375,0.0483130199029387,0.0321344391702017,"PSU + region proxy strata",-0.000302180622685666,-0.00625464157059007,TRUE
2014,"male",1,"hed",0.639149595978475,0.578810169319675,0.0247225208162793,0.00523518778188324,"PSU + region proxy strata",-0.0603394266587998,-2.44066643151807,FALSE
2014,"male",2,"hed",0.606362706094369,0.554114875878965,0.0272021890776279,0.00935925058187371,"PSU + region proxy strata",-0.0522478302154032,-1.92072152966446,TRUE
2014,"male",3,"hed",0.503495650681635,0.441145250292087,0.028842887619583,0.00626520931303673,"PSU + region proxy strata",-0.0623504003895478,-2.16172531723955,FALSE
2014,"male",4,"hed",0.394435816457119,0.383933720087821,0.046419731521654,0.0220043385509115,"PSU + region proxy strata",-0.0105020963692976,-0.226242074760784,TRUE
2016,"female",1,"hed",0.593606747216824,0.522042759052885,0.0328629163678316,0.0123070930794829,"PSU + region proxy strata",-0.0715639881639387,-2.17765177511727,FALSE
2016,"female",2,"hed",0.47205301797426,0.465401531870615,0.0310075341630639,0.0120193319484203,"PSU + region proxy strata",-0.00665148610364519,-0.214511933411604,TRUE
2016,"female",3,"hed",0.369510147735258,0.32629673607566,0.0357488694727735,0.0138435390510909,"PSU + region proxy strata",-0.0432134116595979,-1.20880498591737,TRUE
2016,"female",4,"hed",0.351262263580687,0.313762505335913,0.0451833523200619,0.0334729533064136,"PSU + region proxy strata",-0.0374997582447743,-0.829946347919031,TRUE
2016,"male",1,"hed",0.667681561913792,0.588864828660676,0.0261001971414184,0.00924571475778998,"PSU + region proxy strata",-0.0788167332531161,-3.01977539962875,FALSE
2016,"male",2,"hed",0.603060555690209,0.562353021794379,0.0284622348596338,0.00677759979668279,"PSU + region proxy strata",-0.0407075338958302,-1.43022970952865,TRUE
2016,"male",3,"hed",0.497077621606607,0.476795009839797,0.0296134732363634,0.00993662925498384,"PSU + region proxy strata",-0.0202826117668097,-0.684911614551987,TRUE
2016,"male",4,"hed",0.369741220992224,0.389520588978851,0.0545698553221785,0.0298135297021972,"PSU + region proxy strata",0.0197793679866273,0.362459600998584,TRUE
2018,"female",1,"hed",0.644725463904384,0.528560417829773,0.0323815050191026,0.00642262561394026,"PSU + region proxy strata",-0.116165046074611,-3.58738872717875,FALSE
2018,"female",2,"hed",0.564014244781029,0.412911930292768,0.0335497918568567,0.00584528337213382,"PSU + region proxy strata",-0.151102314488261,-4.50382271022583,FALSE
2018,"female",3,"hed",0.426795155620735,0.328915313868576,0.0367054747844944,0.00860708489232345,"PSU + region proxy strata",-0.0978798417521592,-2.66662786210592,FALSE
2018,"female",4,"hed",0.477102098734686,0.328507560386919,0.0715636871681532,0.032079008039704,"PSU + region proxy strata",-0.148594538347767,-2.07639578433982,FALSE
2018,"male",1,"hed",0.652631837222064,0.592533941866642,0.0310313988016071,0.00536028301535232,"PSU + region proxy strata",-0.0600978953554222,-1.93668019091391,TRUE
2018,"male",2,"hed",0.698571275974015,0.581059022226238,0.0325445376095883,0.00544065837316283,"PSU + region proxy strata",-0.117512253747777,-3.61081343841725,FALSE
2018,"male",3,"hed",0.61890710992282,0.480902897362327,0.0273627333996611,0.00838975672596271,"PSU + region proxy strata",-0.138004212560492,-5.04350974534589,FALSE
2018,"male",4,"hed",0.398513335547216,0.349992444230737,0.0464874402380035,0.0248562730744525,"PSU + region proxy strata",-0.0485208913164781,-1.04374194552472,TRUE
2020,"female",1,"hed",0.573235757822963,0.527478701981054,0.0317080784062114,0.00479720443827437,"Weights only; no validated clustering SE",-0.0457570558419091,-1.44307249577589,NA
2020,"female",2,"hed",0.455131925539653,0.415065131669148,0.0319648960627516,0.0149857170093151,"Weights only; no validated clustering SE",-0.040066793870505,-1.25346235419781,NA
2020,"female",3,"hed",0.378493854125392,0.375396739802057,0.0337742807292965,0.00527731863781899,"Weights only; no validated clustering SE",-0.00309711432333465,-0.091700378408004,NA
2020,"female",4,"hed",0.311562920055322,0.332159511368867,0.0542931784389347,0.0278751562365953,"Weights only; no validated clustering SE",0.0205965913135446,0.379358731718208,NA
2020,"male",1,"hed",0.613909992133444,0.559969320463657,0.035301085653189,0.00558783946919731,"Weights only; no validated clustering SE",-0.0539406716697874,-1.52801735900478,NA
2020,"male",2,"hed",0.643653827596598,0.568065696715038,0.0325218413602078,0.0051577058461598,"Weights only; no validated clustering SE",-0.0755881308815604,-2.32422666491592,NA
2020,"male",3,"hed",0.534506019503745,0.473265664395316,0.0386183252050905,0.0144680247559637,"Weights only; no validated clustering SE",-0.0612403551084286,-1.58578485170445,NA
2020,"male",4,"hed",0.446125043826102,0.408911325528091,0.0478288880972054,0.0215508962443413,"Weights only; no validated clustering SE",-0.0372137182980111,-0.778059448557106,NA
2022,"female",1,"hed",0.49849188502653,0.517721727064073,0.0272682062629473,0.00888513249283506,"PSU + region proxy strata",0.0192298420375434,0.705211111142038,TRUE
2022,"female",2,"hed",0.49017430814269,0.443326624485385,0.0232775171130067,0.0122217561850113,"PSU + region proxy strata",-0.0468476836573052,-2.01257219272446,FALSE
2022,"female",3,"hed",0.424587218407063,0.359565936823592,0.0254868355653436,0.0143466060996874,"PSU + region proxy strata",-0.0650212815834709,-2.55117122785872,FALSE
2022,"female",4,"hed",0.365003008959818,0.317918556006125,0.0352949473695023,0.0132025194209002,"PSU + region proxy strata",-0.0470844529536935,-1.33402813895051,TRUE
2022,"male",1,"hed",0.610678438032551,0.559722777018051,0.0265864601189191,0.0148517958354834,"PSU + region proxy strata",-0.0509556610144998,-1.91660193897868,TRUE
2022,"male",2,"hed",0.602145088704672,0.545536574209662,0.0245415154348645,0.00492467810335428,"PSU + region proxy strata",-0.0566085144950099,-2.30664298809315,FALSE
2022,"male",3,"hed",0.544992590263252,0.46162914695176,0.0252477058051085,0.0149149340800279,"PSU + region proxy strata",-0.0833634433114918,-3.30182250834943,FALSE
2022,"male",4,"hed",0.488011183443933,0.435099243944848,0.0377825436575877,0.035698455890511,"PSU + region proxy strata",-0.0529119394990846,-1.40043349062494,TRUE
2024,"female",1,"hed",0.547405110811943,0.52789027757654,0.0410052412396362,0.0154769213376668,"PSU + supplied ESTRATO",-0.019514833235403,-0.475910704228213,TRUE
2024,"female",2,"hed",0.488403381710754,0.434029874139624,0.030811374660064,0.0212604351102657,"PSU + supplied ESTRATO",-0.0543735075711305,-1.76472189803353,TRUE
2024,"female",3,"hed",0.414429792820822,0.361682096604328,0.0330845459327634,0.00999914485181894,"PSU + supplied ESTRATO",-0.0527476962164946,-1.59433036571492,TRUE
2024,"female",4,"hed",0.311698994070894,0.284373953969207,0.0407566200790042,0.00546408607799735,"PSU + supplied ESTRATO",-0.0273250401016871,-0.670444213693854,TRUE
2024,"male",1,"hed",0.500768530494801,0.515166061937621,0.0410620105086457,0.011524330325579,"PSU + supplied ESTRATO",0.0143975314428197,0.350628994159658,TRUE
2024,"male",2,"hed",0.547281095501038,0.544648531394448,0.0280625069014431,0.00860233807046421,"PSU + supplied ESTRATO",-0.00263256410659019,-0.0938107246026123,TRUE
2024,"male",3,"hed",0.50265210057488,0.459850524148636,0.0319884079858182,0.00717524009055803,"PSU + supplied ESTRATO",-0.042801576426244,-1.33803396671756,TRUE
2024,"male",4,"hed",0.376271006164317,0.380524627073226,0.0386047806132079,0.0110355004166158,"PSU + supplied ESTRATO",0.00425362090890846,0.110183786602149,TRUE
