"spec","drop_2020","horizon_waves","cutoffs","cells","current_bias","current_rmse","current_working_coverage","gpd_bias","gpd_rmse"
"spline_shared",FALSE,1,4,32,-0.0186856146040831,0.0448079175079782,0.791666666666667,0.3028205282187,0.819652415523455
"interp_hold",FALSE,1,4,32,0.0311946331127489,0.0486600201986888,0.333333333333333,0.134319004843083,0.684651658594152
"static2012",FALSE,1,4,32,0.0106488026493441,0.054032107217879,0.5,-0.142983170220815,0.879399603362435
"linear_all",FALSE,1,4,32,0.0549597246111297,0.0670815426032974,0.166666666666667,0.280946342831282,0.873751006464833
"static2012",FALSE,2,3,24,0.0234155354263818,0.0591226606353126,0.3125,-0.107949518963365,0.883341447723588
"spline_shared",FALSE,2,3,24,-0.0389001580254585,0.072145221117647,0.375,0.729005962349343,1.27656100037825
"interp_hold",FALSE,2,3,24,0.0602190165828029,0.0776636607046159,0.125,0.169015863865008,0.87888033325389
"linear_all",FALSE,2,3,24,0.0991719899491622,0.107760966646788,0.0625,0.523698756573128,1.40084746223861
"spline_shared",TRUE,1,2,16,-0.0251323925363775,0.0458748934309439,0.625,0.314980005179772,0.903244847500216
"interp_hold",TRUE,1,2,16,0.0520141249290187,0.0605589122272432,0.1875,0.246506504821764,0.920847018362487
"static2012",TRUE,1,2,16,0.0523019878959561,0.0663961835609822,0.3125,-0.0166918330600571,0.910196416430736
"linear_all",TRUE,1,2,16,0.0688347745471174,0.0776376346731927,0.1875,0.458059582388607,1.18629446231748
"spline_shared",TRUE,2,1,8,-0.0571446746204328,0.0614540916940671,0.25,0.879591857242125,1.39373000022557
"static2012",TRUE,2,1,8,0.0763768541762683,0.0807322040134984,0.125,0.244928885650361,0.930452324983776
"interp_hold",TRUE,2,1,8,0.104028249858037,0.108375748474375,0,0.493013009643527,1.15803714103915
"linear_all",TRUE,2,1,8,0.140252279311494,0.145807868614043,0,1.0364486455586,1.97822160124168
