"cutoff","spec","drop_2020","year","horizon_waves","sex","age_group","current_observed","current_predicted","current_se","gpd_observed","gpd_predicted","gpd_se","current_error","gpd_error","current_in_interval"
2016,"static2012",FALSE,2018,1,"male",1,0.547295298760442,0.515598309576747,0.0174146219232058,7.71050196486,7.62938017840465,0.574359652227097,-0.0316969891836953,-0.0811217864553431,TRUE
2016,"static2012",FALSE,2018,1,"female",1,0.382313764218141,0.363639340985575,0.0177179583165555,4.54894664167099,4.87478588456304,0.259219222508725,-0.0186744232325651,0.325839242892052,TRUE
2016,"static2012",FALSE,2018,1,"male",2,0.598975341430772,0.583336169880104,0.0210171852976588,8.50663607197876,6.38044600973036,0.559485611426536,-0.0156391715506683,-2.12619006224841,TRUE
2016,"static2012",FALSE,2018,1,"female",2,0.422734555858063,0.360224882825793,0.018702712861649,3.42747657688961,2.98622437662201,0.180029023740638,-0.0625096730322698,-0.441252200267598,FALSE
2016,"static2012",FALSE,2018,1,"male",3,0.546564326421895,0.518707461855575,0.0180450396854839,7.98382102841245,7.89596688290981,0.57459250571102,-0.0278568645663198,-0.0878541455026385,TRUE
2016,"static2012",FALSE,2018,1,"female",3,0.31879496572037,0.3321130128308,0.0170888026489635,2.58933530334311,3.13802361525735,0.179222049384647,0.0133180471104308,0.548688311914238,TRUE
2016,"static2012",FALSE,2018,1,"male",4,0.484369845465034,0.442249669815368,0.0297411774894169,5.37220350868303,5.97245115743086,0.458033930100582,-0.0421201756496658,0.600247648747834,TRUE
2016,"static2012",FALSE,2018,1,"female",4,0.276002260167235,0.239970344817835,0.0300038666178488,2.97457930133164,2.25154930030617,0.470561558633111,-0.0360319153494001,-0.723030001025463,TRUE
2016,"static2012",FALSE,2020,2,"male",1,0.517522641616176,0.515598309576747,0.023831153504362,6.61667343554372,7.62938017840465,0.5354498448813,-0.0019243320394291,1.01270674286094,NA
2016,"static2012",FALSE,2020,2,"female",1,0.385372827227114,0.363639340985575,0.0192537177605305,4.40675805814024,4.87478588456304,0.300333033278545,-0.0217334862415383,0.4680278264228,NA
2016,"static2012",FALSE,2020,2,"male",2,0.628603393932933,0.583336169880104,0.0232032785565713,7.71574568257904,6.38044600973036,0.576478912034324,-0.0452672240528288,-1.33529967284869,NA
2016,"static2012",FALSE,2020,2,"female",2,0.425743340782624,0.360224882825793,0.0199827409400628,3.40176789810607,2.98622437662201,0.208703543020261,-0.065518457956831,-0.415543521484061,NA
2016,"static2012",FALSE,2020,2,"male",3,0.53460795655621,0.518707461855575,0.0251419421543995,7.60813361586402,7.89596688290981,1.33473150164817,-0.0159004947006347,0.287833267045787,NA
2016,"static2012",FALSE,2020,2,"female",3,0.391969148012117,0.3321130128308,0.0205132534382281,3.47945418835144,3.13802361525735,0.347669458163247,-0.0598561351813165,-0.341430573094086,NA
2016,"static2012",FALSE,2020,2,"male",4,0.457076468252889,0.442249669815368,0.0310323674545066,7.16208187089557,5.97245115743086,0.723570836475919,-0.0148267984375204,-1.18963071346471,NA
2016,"static2012",FALSE,2020,2,"female",4,0.28980237230987,0.239970344817835,0.0245329591183229,3.061931781904,2.25154930030617,0.466059129117506,-0.0498320274920355,-0.810382481597826,NA
2018,"static2012",FALSE,2020,1,"male",1,0.517522641616176,0.515598309576747,0.023831153504362,6.61667343554372,7.62938017840465,0.5354498448813,-0.0019243320394291,1.01270674286094,NA
2018,"static2012",FALSE,2020,1,"female",1,0.385372827227114,0.363639340985575,0.0192537177605305,4.40675805814024,4.87478588456304,0.300333033278545,-0.0217334862415383,0.4680278264228,NA
2018,"static2012",FALSE,2020,1,"male",2,0.628603393932933,0.583336169880104,0.0232032785565713,7.71574568257904,6.38044600973036,0.576478912034324,-0.0452672240528288,-1.33529967284869,NA
2018,"static2012",FALSE,2020,1,"female",2,0.425743340782624,0.360224882825793,0.0199827409400628,3.40176789810607,2.98622437662201,0.208703543020261,-0.065518457956831,-0.415543521484061,NA
2018,"static2012",FALSE,2020,1,"male",3,0.53460795655621,0.518707461855575,0.0251419421543995,7.60813361586402,7.89596688290981,1.33473150164817,-0.0159004947006347,0.287833267045787,NA
2018,"static2012",FALSE,2020,1,"female",3,0.391969148012117,0.3321130128308,0.0205132534382281,3.47945418835144,3.13802361525735,0.347669458163247,-0.0598561351813165,-0.341430573094086,NA
2018,"static2012",FALSE,2020,1,"male",4,0.457076468252889,0.442249669815368,0.0310323674545066,7.16208187089557,5.97245115743086,0.723570836475919,-0.0148267984375204,-1.18963071346471,NA
2018,"static2012",FALSE,2020,1,"female",4,0.28980237230987,0.239970344817835,0.0245329591183229,3.061931781904,2.25154930030617,0.466059129117506,-0.0498320274920355,-0.810382481597826,NA
2018,"static2012",FALSE,2022,2,"male",1,0.415132062494339,0.515598309576747,0.016060408267641,6.80760144101353,7.62938017840465,0.415345446309226,0.100466247082408,0.821778737391127,FALSE
2018,"static2012",FALSE,2022,2,"female",1,0.352997847970576,0.363639340985575,0.0148377126926734,4.39583531970221,4.87478588456304,0.330154209513483,0.0106414930149991,0.478950564860827,TRUE
2018,"static2012",FALSE,2022,2,"male",2,0.554614831880923,0.583336169880104,0.0157396894056771,7.19308575578752,6.38044600973036,0.392466046336418,0.0287213379991816,-0.812639746057166,TRUE
2018,"static2012",FALSE,2022,2,"female",2,0.401995028692561,0.360224882825793,0.0149205516068886,4.01768627198571,2.98622437662201,0.297771840899946,-0.0417701458667679,-1.0314618953637,FALSE
2018,"static2012",FALSE,2022,2,"male",3,0.477886422004613,0.518707461855575,0.0157448865903642,7.2501276455625,7.89596688290981,0.493266606631848,0.0408210398509617,0.645839237347316,FALSE
2018,"static2012",FALSE,2022,2,"female",3,0.314914878530327,0.3321130128308,0.012549539792279,2.99586546497663,3.13802361525735,0.228158288467871,0.0171981343004735,0.142158150280718,TRUE
2018,"static2012",FALSE,2022,2,"male",4,0.382646812251071,0.442249669815368,0.0207449922682778,7.53191920648493,5.97245115743086,0.895950237229725,0.059602857564297,-1.55946804905407,FALSE
2018,"static2012",FALSE,2022,2,"female",4,0.229834335838236,0.239970344817835,0.0139294609225485,3.16320671387503,2.25154930030617,0.335400011975428,0.0101360089795988,-0.911657413568851,TRUE
2020,"static2012",FALSE,2022,1,"male",1,0.415132062494339,0.515598309576747,0.016060408267641,6.80760144101353,7.62938017840465,0.415345446309226,0.100466247082408,0.821778737391127,FALSE
2020,"static2012",FALSE,2022,1,"female",1,0.352997847970576,0.363639340985575,0.0148377126926734,4.39583531970221,4.87478588456304,0.330154209513483,0.0106414930149991,0.478950564860827,TRUE
2020,"static2012",FALSE,2022,1,"male",2,0.554614831880923,0.583336169880104,0.0157396894056771,7.19308575578752,6.38044600973036,0.392466046336418,0.0287213379991816,-0.812639746057166,TRUE
2020,"static2012",FALSE,2022,1,"female",2,0.401995028692561,0.360224882825793,0.0149205516068886,4.01768627198571,2.98622437662201,0.297771840899946,-0.0417701458667679,-1.0314618953637,FALSE
2020,"static2012",FALSE,2022,1,"male",3,0.477886422004613,0.518707461855575,0.0157448865903642,7.2501276455625,7.89596688290981,0.493266606631848,0.0408210398509617,0.645839237347316,FALSE
2020,"static2012",FALSE,2022,1,"female",3,0.314914878530327,0.3321130128308,0.012549539792279,2.99586546497663,3.13802361525735,0.228158288467871,0.0171981343004735,0.142158150280718,TRUE
2020,"static2012",FALSE,2022,1,"male",4,0.382646812251071,0.442249669815368,0.0207449922682778,7.53191920648493,5.97245115743086,0.895950237229725,0.059602857564297,-1.55946804905407,FALSE
2020,"static2012",FALSE,2022,1,"female",4,0.229834335838236,0.239970344817835,0.0139294609225485,3.16320671387503,2.25154930030617,0.335400011975428,0.0101360089795988,-0.911657413568851,TRUE
2020,"static2012",FALSE,2024,2,"male",1,0.408314748418684,0.515598309576747,0.0232120840054431,5.32556029006488,7.62938017840465,0.460678852683047,0.107283561158063,2.30381988833977,FALSE
2020,"static2012",FALSE,2024,2,"female",1,0.296936001770398,0.363639340985575,0.0192572675732737,4.57568984541537,4.87478588456304,0.671389886575418,0.0667033392151773,0.299096039147666,FALSE
2020,"static2012",FALSE,2024,2,"male",2,0.503068059404641,0.583336169880104,0.0183171867609547,6.69848776783315,6.38044600973036,0.530145793341564,0.0802681104754636,-0.318041758102797,FALSE
2020,"static2012",FALSE,2024,2,"female",2,0.334510527904238,0.360224882825793,0.015871499660891,3.80943997171204,2.98622437662201,0.28467143130422,0.025714354921555,-0.823215595090026,TRUE
2020,"static2012",FALSE,2024,2,"male",3,0.42692761418592,0.518707461855575,0.0186083493212682,7.09036234228274,7.89596688290981,0.557626334922317,0.091779847669655,0.805604540627073,FALSE
2020,"static2012",FALSE,2024,2,"female",3,0.266777763885451,0.3321130128308,0.0150171491228274,3.10200545779789,3.13802361525735,0.225412968018113,0.065335248945349,0.0360181574594605,FALSE
2020,"static2012",FALSE,2024,2,"male",4,0.330183763416559,0.442249669815368,0.024947100747504,6.00182664747007,5.97245115743086,0.599081395337045,0.112065906398809,-0.0293754900392091,FALSE
2020,"static2012",FALSE,2024,2,"female",4,0.178105880191761,0.239970344817835,0.0156266321966895,2.56602399744522,2.25154930030617,0.366257220418623,0.0618644646260741,-0.314474697139048,FALSE
2022,"static2012",FALSE,2024,1,"male",1,0.408314748418684,0.515598309576747,0.0232120840054431,5.32556029006488,7.62938017840465,0.460678852683047,0.107283561158063,2.30381988833977,FALSE
2022,"static2012",FALSE,2024,1,"female",1,0.296936001770398,0.363639340985575,0.0192572675732737,4.57568984541537,4.87478588456304,0.671389886575418,0.0667033392151773,0.299096039147666,FALSE
2022,"static2012",FALSE,2024,1,"male",2,0.503068059404641,0.583336169880104,0.0183171867609547,6.69848776783315,6.38044600973036,0.530145793341564,0.0802681104754636,-0.318041758102797,FALSE
2022,"static2012",FALSE,2024,1,"female",2,0.334510527904238,0.360224882825793,0.015871499660891,3.80943997171204,2.98622437662201,0.28467143130422,0.025714354921555,-0.823215595090026,TRUE
2022,"static2012",FALSE,2024,1,"male",3,0.42692761418592,0.518707461855575,0.0186083493212682,7.09036234228274,7.89596688290981,0.557626334922317,0.091779847669655,0.805604540627073,FALSE
2022,"static2012",FALSE,2024,1,"female",3,0.266777763885451,0.3321130128308,0.0150171491228274,3.10200545779789,3.13802361525735,0.225412968018113,0.065335248945349,0.0360181574594605,FALSE
2022,"static2012",FALSE,2024,1,"male",4,0.330183763416559,0.442249669815368,0.024947100747504,6.00182664747007,5.97245115743086,0.599081395337045,0.112065906398809,-0.0293754900392091,FALSE
2022,"static2012",FALSE,2024,1,"female",4,0.178105880191761,0.239970344817835,0.0156266321966895,2.56602399744522,2.25154930030617,0.366257220418623,0.0618644646260741,-0.314474697139048,FALSE
2016,"interp_hold",FALSE,2018,1,"male",1,0.547295298760442,0.562706835795097,0.0174146219232058,7.71050196486,7.72227720184082,0.574359652227097,0.0154115370346547,0.0117752369808226,TRUE
2016,"interp_hold",FALSE,2018,1,"female",1,0.382313764218141,0.445508027275146,0.0177179583165555,4.54894664167099,4.64561186615719,0.259219222508725,0.0631942630570057,0.0966652244862036,FALSE
2016,"interp_hold",FALSE,2018,1,"male",2,0.598975341430772,0.598224818026332,0.0210171852976588,8.50663607197876,7.42054320514036,0.559485611426536,-0.000750523404440817,-1.08609286683841,TRUE
2016,"interp_hold",FALSE,2018,1,"female",2,0.422734555858063,0.443065656541133,0.018702712861649,3.42747657688961,4.50927913410523,0.180029023740638,0.0203311006830705,1.08180255721562,TRUE
2016,"interp_hold",FALSE,2018,1,"male",3,0.546564326421895,0.534105424398532,0.0180450396854839,7.98382102841245,7.77869851067083,0.57459250571102,-0.0124589020233631,-0.20512251774162,TRUE
2016,"interp_hold",FALSE,2018,1,"female",3,0.31879496572037,0.390028950275435,0.0170888026489635,2.58933530334311,2.60473560796985,0.179222049384647,0.0712339845550657,0.0154003046267359,FALSE
2016,"interp_hold",FALSE,2018,1,"male",4,0.484369845465034,0.466140967673399,0.0297411774894169,5.37220350868303,5.77153811017583,0.458033930100582,-0.0182288777916347,0.399334601492801,TRUE
2016,"interp_hold",FALSE,2018,1,"female",4,0.276002260167235,0.303271938800542,0.0300038666178488,2.97457930133164,3.01492083893993,0.470561558633111,0.0272696786333072,0.0403415376082914,TRUE
2016,"interp_hold",FALSE,2020,2,"male",1,0.517522641616176,0.562706835795097,0.023831153504362,6.61667343554372,7.72227720184082,0.5354498448813,0.0451841941789209,1.1056037662971,NA
2016,"interp_hold",FALSE,2020,2,"female",1,0.385372827227114,0.445508027275146,0.0192537177605305,4.40675805814024,4.64561186615719,0.300333033278545,0.0601352000480325,0.238853808016952,NA
2016,"interp_hold",FALSE,2020,2,"male",2,0.628603393932933,0.598224818026332,0.0232032785565713,7.71574568257904,7.42054320514036,0.576478912034324,-0.0303785759066013,-0.295202477438687,NA
2016,"interp_hold",FALSE,2020,2,"female",2,0.425743340782624,0.443065656541133,0.0199827409400628,3.40176789810607,4.50927913410523,0.208703543020261,0.0173223157585093,1.10751123599916,NA
2016,"interp_hold",FALSE,2020,2,"male",3,0.53460795655621,0.534105424398532,0.0251419421543995,7.60813361586402,7.77869851067083,1.33473150164817,-0.000502532157678037,0.170564894806805,NA
2016,"interp_hold",FALSE,2020,2,"female",3,0.391969148012117,0.390028950275435,0.0205132534382281,3.47945418835144,2.60473560796985,0.347669458163247,-0.00194019773668153,-0.874718580381588,NA
2016,"interp_hold",FALSE,2020,2,"male",4,0.457076468252889,0.466140967673399,0.0310323674545066,7.16208187089557,5.77153811017583,0.723570836475919,0.00906449942051069,-1.39054376071975,NA
2016,"interp_hold",FALSE,2020,2,"female",4,0.28980237230987,0.303271938800542,0.0245329591183229,3.061931781904,3.01492083893993,0.466059129117506,0.0134695664906718,-0.0470109429640715,NA
2018,"interp_hold",FALSE,2020,1,"male",1,0.517522641616176,0.547295298760442,0.023831153504362,6.61667343554372,7.71050196486,0.5354498448813,0.0297726571442662,1.09382852931628,NA
2018,"interp_hold",FALSE,2020,1,"female",1,0.385372827227114,0.38231376421814,0.0192537177605305,4.40675805814024,4.54894664167099,0.300333033278545,-0.00305906300897318,0.142188583530748,NA
2018,"interp_hold",FALSE,2020,1,"male",2,0.628603393932933,0.598975341430772,0.0232032785565713,7.71574568257904,8.50663607197876,0.576478912034324,-0.0296280525021605,0.790890389399721,NA
2018,"interp_hold",FALSE,2020,1,"female",2,0.425743340782624,0.422734555858063,0.0199827409400628,3.40176789810607,3.42747657688961,0.208703543020261,-0.00300878492456125,0.0257086787835377,NA
2018,"interp_hold",FALSE,2020,1,"male",3,0.53460795655621,0.546564326421895,0.0251419421543995,7.60813361586402,7.98382102841245,1.33473150164817,0.011956369865685,0.375687412548425,NA
2018,"interp_hold",FALSE,2020,1,"female",3,0.391969148012117,0.31879496572037,0.0205132534382281,3.47945418835144,2.58933530334311,0.347669458163247,-0.0731741822917473,-0.890118885008324,NA
2018,"interp_hold",FALSE,2020,1,"male",4,0.457076468252889,0.484369845465034,0.0310323674545066,7.16208187089557,5.37220350868303,0.723570836475919,0.0272933772121453,-1.78987836221255,NA
2018,"interp_hold",FALSE,2020,1,"female",4,0.28980237230987,0.276002260167235,0.0245329591183229,3.061931781904,2.97457930133164,0.466059129117506,-0.0138001121426354,-0.0873524805723629,NA
2018,"interp_hold",FALSE,2022,2,"male",1,0.415132062494339,0.547295298760442,0.016060408267641,6.80760144101353,7.71050196486,0.415345446309226,0.132163236266103,0.902900523846471,FALSE
2018,"interp_hold",FALSE,2022,2,"female",1,0.352997847970576,0.38231376421814,0.0148377126926734,4.39583531970221,4.54894664167099,0.330154209513483,0.0293159162475642,0.153111321968775,FALSE
2018,"interp_hold",FALSE,2022,2,"male",2,0.554614831880923,0.598975341430772,0.0157396894056771,7.19308575578752,8.50663607197876,0.392466046336418,0.0443605095498499,1.31355031619124,FALSE
2018,"interp_hold",FALSE,2022,2,"female",2,0.401995028692561,0.422734555858063,0.0149205516068886,4.01768627198571,3.42747657688961,0.297771840899946,0.0207395271655019,-0.590209695096103,TRUE
2018,"interp_hold",FALSE,2022,2,"male",3,0.477886422004613,0.546564326421895,0.0157448865903642,7.2501276455625,7.98382102841245,0.493266606631848,0.0686779044172815,0.733693382849953,FALSE
2018,"interp_hold",FALSE,2022,2,"female",3,0.314914878530327,0.31879496572037,0.012549539792279,2.99586546497663,2.58933530334311,0.228158288467871,0.00388008719004274,-0.40653016163352,TRUE
2018,"interp_hold",FALSE,2022,2,"male",4,0.382646812251071,0.484369845465034,0.0207449922682778,7.53191920648493,5.37220350868303,0.895950237229725,0.101723033213963,-2.1597156978019,FALSE
2018,"interp_hold",FALSE,2022,2,"female",4,0.229834335838236,0.276002260167235,0.0139294609225485,3.16320671387503,2.97457930133164,0.335400011975428,0.0461679243289988,-0.188627412543387,FALSE
2020,"interp_hold",FALSE,2022,1,"male",1,0.415132062494339,0.517522641616176,0.016060408267641,6.80760144101353,6.61667343554372,0.415345446309226,0.102390579121837,-0.19092800546981,FALSE
2020,"interp_hold",FALSE,2022,1,"female",1,0.352997847970576,0.385372827227114,0.0148377126926734,4.39583531970221,4.40675805814024,0.330154209513483,0.0323749792565374,0.010922738438027,FALSE
2020,"interp_hold",FALSE,2022,1,"male",2,0.554614831880923,0.628603393932933,0.0157396894056771,7.19308575578752,7.71574568257904,0.392466046336418,0.0739885620520104,0.522659926791519,FALSE
2020,"interp_hold",FALSE,2022,1,"female",2,0.401995028692561,0.425743340782624,0.0149205516068886,4.01768627198571,3.40176789810607,0.297771840899946,0.0237483120900632,-0.61591837387964,TRUE
2020,"interp_hold",FALSE,2022,1,"male",3,0.477886422004613,0.53460795655621,0.0157448865903642,7.2501276455625,7.60813361586403,0.493266606631848,0.0567215345515965,0.35800597030153,FALSE
2020,"interp_hold",FALSE,2022,1,"female",3,0.314914878530327,0.391969148012117,0.012549539792279,2.99586546497663,3.47945418835144,0.228158288467871,0.0770542694817901,0.483588723374804,FALSE
2020,"interp_hold",FALSE,2022,1,"male",4,0.382646812251071,0.457076468252888,0.0207449922682778,7.53191920648493,7.16208187089557,0.895950237229725,0.0744296560018173,-0.369837335589358,FALSE
2020,"interp_hold",FALSE,2022,1,"female",4,0.229834335838236,0.28980237230987,0.0139294609225485,3.16320671387503,3.061931781904,0.335400011975428,0.0599680364716343,-0.101274931971025,FALSE
2020,"interp_hold",FALSE,2024,2,"male",1,0.408314748418684,0.517522641616176,0.0232120840054431,5.32556029006488,6.61667343554372,0.460678852683047,0.109207893197492,1.29111314547883,FALSE
2020,"interp_hold",FALSE,2024,2,"female",1,0.296936001770398,0.385372827227114,0.0192572675732737,4.57568984541537,4.40675805814024,0.671389886575418,0.0884368254567157,-0.168931787275134,FALSE
2020,"interp_hold",FALSE,2024,2,"male",2,0.503068059404641,0.628603393932933,0.0183171867609547,6.69848776783315,7.71574568257904,0.530145793341564,0.125535334528292,1.01725791474589,FALSE
2020,"interp_hold",FALSE,2024,2,"female",2,0.334510527904238,0.425743340782624,0.015871499660891,3.80943997171204,3.40176789810607,0.28467143130422,0.0912328128783861,-0.407672073605966,FALSE
2020,"interp_hold",FALSE,2024,2,"male",3,0.42692761418592,0.53460795655621,0.0186083493212682,7.09036234228274,7.60813361586403,0.557626334922317,0.10768034237029,0.517771273581287,FALSE
2020,"interp_hold",FALSE,2024,2,"female",3,0.266777763885451,0.391969148012117,0.0150171491228274,3.10200545779789,3.47945418835144,0.225412968018113,0.125191384126666,0.377448730553546,FALSE
2020,"interp_hold",FALSE,2024,2,"male",4,0.330183763416559,0.457076468252888,0.024947100747504,6.00182664747007,7.16208187089557,0.599081395337045,0.12689270483633,1.1602552234255,FALSE
2020,"interp_hold",FALSE,2024,2,"female",4,0.178105880191761,0.28980237230987,0.0156266321966895,2.56602399744522,3.061931781904,0.366257220418623,0.11169649211811,0.495907784458777,FALSE
2022,"interp_hold",FALSE,2024,1,"male",1,0.408314748418684,0.415132062494339,0.0232120840054431,5.32556029006488,6.80760144101353,0.460678852683047,0.00681731407565489,1.48204115094864,TRUE
2022,"interp_hold",FALSE,2024,1,"female",1,0.296936001770398,0.352997847970576,0.0192572675732737,4.57568984541537,4.39583531970221,0.671389886575418,0.0560618462001782,-0.179854525713161,FALSE
2022,"interp_hold",FALSE,2024,1,"male",2,0.503068059404641,0.554614831880923,0.0183171867609547,6.69848776783315,7.19308575578752,0.530145793341564,0.0515467724762819,0.49459798795437,FALSE
2022,"interp_hold",FALSE,2024,1,"female",2,0.334510527904238,0.401995028692561,0.015871499660891,3.80943997171204,4.01768627198571,0.28467143130422,0.0674845007883229,0.208246300273675,FALSE
2022,"interp_hold",FALSE,2024,1,"male",3,0.42692761418592,0.477886422004613,0.0186083493212682,7.09036234228274,7.2501276455625,0.557626334922317,0.0509588078186933,0.159765303279758,FALSE
2022,"interp_hold",FALSE,2024,1,"female",3,0.266777763885451,0.314914878530327,0.0150171491228274,3.10200545779789,2.99586546497663,0.225412968018113,0.0481371146448755,-0.106139992821258,FALSE
2022,"interp_hold",FALSE,2024,1,"male",4,0.330183763416559,0.382646812251071,0.024947100747504,6.00182664747007,7.53191920648493,0.599081395337045,0.0524630488345124,1.53009255901486,FALSE
2022,"interp_hold",FALSE,2024,1,"female",4,0.178105880191761,0.229834335838236,0.0156266321966895,2.56602399744522,3.16320671387503,0.366257220418623,0.0517284556464754,0.597182716429803,FALSE
2016,"linear_all",FALSE,2018,1,"male",1,0.547295298760442,0.585106263072744,0.0174146219232058,7.71050196486,7.73376052522872,0.574359652227097,0.037810964312302,0.0232585603687241,FALSE
2016,"linear_all",FALSE,2018,1,"female",1,0.382313764218141,0.499009282896923,0.0177179583165555,4.54894664167099,4.35268103360226,0.259219222508725,0.116695518678782,-0.19626560806873,FALSE
2016,"linear_all",FALSE,2018,1,"male",2,0.598975341430772,0.624959915887291,0.0210171852976588,8.50663607197876,8.11214599578694,0.559485611426536,0.0259845744565188,-0.39449007619182,TRUE
2016,"linear_all",FALSE,2018,1,"female",2,0.422734555858063,0.528741454646324,0.018702712861649,3.42747657688961,5.35106333226674,0.180029023740638,0.106006898788261,1.92358675537713,FALSE
2016,"linear_all",FALSE,2018,1,"male",3,0.546564326421895,0.555935234321502,0.0180450396854839,7.98382102841245,7.29804359936956,0.57459250571102,0.00937090789960759,-0.685777429042893,TRUE
2016,"linear_all",FALSE,2018,1,"female",3,0.31879496572037,0.453968770002691,0.0170888026489635,2.58933530334311,2.40285583456967,0.179222049384647,0.135173804282321,-0.186479468773438,FALSE
2016,"linear_all",FALSE,2018,1,"male",4,0.484369845465034,0.507549912764397,0.0297411774894169,5.37220350868303,5.70517620513827,0.458033930100582,0.0231800672993629,0.332972696455248,TRUE
2016,"linear_all",FALSE,2018,1,"female",4,0.276002260167235,0.370594202863374,0.0300038666178488,2.97457930133164,3.44246167448439,0.470561558633111,0.0945919426961392,0.467882373152756,FALSE
2016,"linear_all",FALSE,2020,2,"male",1,0.517522641616176,0.607968141577018,0.023831153504362,6.61667343554372,7.77488737866119,0.5354498448813,0.0904454999608425,1.15821394311748,NA
2016,"linear_all",FALSE,2020,2,"female",1,0.385372827227114,0.542043750543641,0.0192537177605305,4.40675805814024,4.36831908349577,0.300333033278545,0.156670923316528,-0.0384389746444702,NA
2016,"linear_all",FALSE,2020,2,"male",2,0.628603393932933,0.633057234211312,0.0232032785565713,7.71574568257904,8.77152187296033,0.576478912034324,0.00445384027837914,1.05577619038129,NA
2016,"linear_all",FALSE,2020,2,"female",2,0.425743340782624,0.576150971651193,0.0199827409400628,3.40176789810607,6.52516106922038,0.208703543020261,0.150407630868569,3.12339317111431,NA
2016,"linear_all",FALSE,2020,2,"male",3,0.53460795655621,0.563208124156326,0.0251419421543995,7.60813361586402,7.1971309895031,1.33473150164817,0.0286001676001161,-0.411002626360925,NA
2016,"linear_all",FALSE,2020,2,"female",3,0.391969148012117,0.486998683350948,0.0205132534382281,3.47945418835144,2.26633685984572,0.347669458163247,0.0950295353388308,-1.21311732850572,NA
2016,"linear_all",FALSE,2020,2,"male",4,0.457076468252889,0.518338362819356,0.0310323674545066,7.16208187089557,5.61050738652959,0.723570836475919,0.0612618945664676,-1.55157448436599,NA
2016,"linear_all",FALSE,2020,2,"female",4,0.28980237230987,0.409322687828375,0.0245329591183229,3.061931781904,3.98398104924997,0.466059129117506,0.119520315518505,0.922049267345973,NA
2018,"linear_all",FALSE,2020,1,"male",1,0.517522641616176,0.568787698586574,0.023831153504362,6.61667343554372,7.75507611731226,0.5354498448813,0.051265056970398,1.13840268176855,NA
2018,"linear_all",FALSE,2020,1,"female",1,0.385372827227114,0.418871600131682,0.0192537177605305,4.40675805814024,4.61539337184372,0.300333033278545,0.0334987729045687,0.208635313703481,NA
2018,"linear_all",FALSE,2020,1,"male",2,0.628603393932933,0.609084752233533,0.0232032785565713,7.71574568257904,9.19035885523129,0.576478912034324,-0.0195186416993998,1.47461317265225,NA
2018,"linear_all",FALSE,2020,1,"female",2,0.425743340782624,0.466049701651933,0.0199827409400628,3.40176789810607,3.72196678663701,0.208703543020261,0.0403063608693094,0.320198888530935,NA
2018,"linear_all",FALSE,2020,1,"male",3,0.53460795655621,0.552989099861991,0.0251419421543995,7.60813361586402,7.88651859878668,1.33473150164817,0.0183811433057807,0.278384982922657,NA
2018,"linear_all",FALSE,2020,1,"female",3,0.391969148012117,0.34240170841454,0.0205132534382281,3.47945418835144,2.4888901534085,0.347669458163247,-0.0495674395975774,-0.990564034942938,NA
2018,"linear_all",FALSE,2020,1,"male",4,0.457076468252889,0.493921658226841,0.0310323674545066,7.16208187089557,5.2512044934514,0.723570836475919,0.0368451899739528,-1.91087737744417,NA
2018,"linear_all",FALSE,2020,1,"female",4,0.28980237230987,0.327152172986727,0.0245329591183229,3.061931781904,3.53908031159655,0.466059129117506,0.0373498006768568,0.477148529692552,NA
2018,"linear_all",FALSE,2022,2,"male",1,0.415132062494339,0.580050246603724,0.016060408267641,6.80760144101353,7.79076199497215,0.415345446309226,0.164918184109385,0.983160553958627,FALSE
2018,"linear_all",FALSE,2022,2,"female",1,0.352997847970576,0.424908423255233,0.0148377126926734,4.39583531970221,4.71449283960884,0.330154209513483,0.0719105752846568,0.318657519906629,FALSE
2018,"linear_all",FALSE,2022,2,"male",2,0.554614831880923,0.610193761569546,0.0157396894056771,7.19308575578752,10.0671610065311,0.392466046336418,0.0555789296886238,2.87407525074362,FALSE
2018,"linear_all",FALSE,2022,2,"female",2,0.401995028692561,0.48098061840051,0.0149205516068886,4.01768627198571,3.88158073496644,0.297771840899946,0.0789855897079495,-0.136105537019267,FALSE
2018,"linear_all",FALSE,2022,2,"male",3,0.477886422004613,0.55720667694787,0.0157448865903642,7.2501276455625,7.98699689762372,0.493266606631848,0.0793202549432565,0.736869252061228,FALSE
2018,"linear_all",FALSE,2022,2,"female",3,0.314914878530327,0.332158712492675,0.012549539792279,2.99586546497663,2.42321028518945,0.228158288467871,0.0172438339623484,-0.572655179787185,TRUE
2018,"linear_all",FALSE,2022,2,"male",4,0.382646812251071,0.497337151851386,0.0207449922682778,7.53191920648493,5.06480977220217,0.895950237229725,0.114690339600315,-2.46710943428276,FALSE
2018,"linear_all",FALSE,2022,2,"female",4,0.229834335838236,0.340033905752318,0.0139294609225485,3.16320671387503,3.95059044465395,0.335400011975428,0.110199569914081,0.787383730778921,FALSE
2020,"linear_all",FALSE,2022,1,"male",1,0.415132062494339,0.548465780339065,0.016060408267641,6.80760144101353,7.01489568585505,0.415345446309226,0.133333717844726,0.207294244841528,FALSE
2020,"linear_all",FALSE,2022,1,"female",1,0.352997847970576,0.399212743721308,0.0148377126926734,4.39583531970221,4.54191381075465,0.330154209513483,0.0462148957507321,0.146078491052437,FALSE
2020,"linear_all",FALSE,2022,1,"male",2,0.554614831880923,0.623572147430886,0.0157396894056771,7.19308575578752,8.93427805360242,0.392466046336418,0.0689573155499635,1.7411922978149,FALSE
2020,"linear_all",FALSE,2022,1,"female",2,0.401995028692561,0.44997107834547,0.0149205516068886,4.01768627198571,3.61487767681626,0.297771840899946,0.0479760496529086,-0.402808595169447,FALSE
2020,"linear_all",FALSE,2022,1,"male",3,0.477886422004613,0.545771433355539,0.0157448865903642,7.2501276455625,7.91059390332482,0.493266606631848,0.0678850113509257,0.660466257762325,FALSE
2020,"linear_all",FALSE,2022,1,"female",3,0.314914878530327,0.368875451997318,0.012549539792279,2.99586546497663,3.04722425945719,0.228158288467871,0.0539605734669908,0.0513587944805582,FALSE
2020,"linear_all",FALSE,2022,1,"male",4,0.382646812251071,0.468066514061019,0.0207449922682778,7.53191920648493,6.34193704751035,0.895950237229725,0.0854197018099478,-1.18998215897458,FALSE
2020,"linear_all",FALSE,2022,1,"female",4,0.229834335838236,0.30681932881431,0.0139294609225485,3.16320671387503,3.54469912593874,0.335400011975428,0.0769849929760742,0.381492412063719,FALSE
2020,"linear_all",FALSE,2024,2,"male",1,0.408314748418684,0.551790066210657,0.0232120840054431,5.32556029006488,6.87746269440061,0.460678852683047,0.143475317791973,1.55190240433573,FALSE
2020,"linear_all",FALSE,2024,2,"female",1,0.296936001770398,0.398795519021324,0.0192572675732737,4.57568984541537,4.59206832841619,0.671389886575418,0.101859517250926,0.016378483000814,FALSE
2020,"linear_all",FALSE,2024,2,"male",2,0.503068059404641,0.627911470268491,0.0183171867609547,6.69848776783315,9.51705803420376,0.530145793341564,0.124843410863851,2.81857026637061,FALSE
2020,"linear_all",FALSE,2024,2,"female",2,0.334510527904238,0.457203286333127,0.015871499660891,3.80943997171204,3.7011080977315,0.28467143130422,0.122692758428889,-0.108331873980539,FALSE
2020,"linear_all",FALSE,2024,2,"male",3,0.42692761418592,0.547069251146036,0.0186083493212682,7.09036234228274,7.99258573473711,0.557626334922317,0.120141636960115,0.90222339245437,FALSE
2020,"linear_all",FALSE,2024,2,"female",3,0.266777763885451,0.367590394552215,0.0150171491228274,3.10200545779789,3.1616377839024,0.225412968018113,0.100812630666763,0.0596323261045102,FALSE
2020,"linear_all",FALSE,2024,2,"male",4,0.330183763416559,0.464050147648125,0.024947100747504,6.00182664747007,6.47372998301107,0.599081395337045,0.133866384231567,0.471903335541001,FALSE
2020,"linear_all",FALSE,2024,2,"female",4,0.178105880191761,0.311304898118715,0.0156266321966895,2.56602399744522,3.85294050693204,0.366257220418623,0.133199017926954,1.28691650948681,FALSE
2022,"linear_all",FALSE,2024,1,"male",1,0.408314748418684,0.442759818011545,0.0232120840054431,5.32556029006488,6.72308593283925,0.460678852683047,0.0344450695928604,1.39752564277436,TRUE
2022,"linear_all",FALSE,2024,1,"female",1,0.296936001770398,0.362130949999353,0.0192572675732737,4.57568984541537,4.49706063894462,0.671389886575418,0.0651949482289551,-0.0786292064707563,FALSE
2022,"linear_all",FALSE,2024,1,"male",2,0.503068059404641,0.567981639977481,0.0183171867609547,6.69848776783315,8.01981898690962,0.530145793341564,0.0649135805728399,1.32133121907646,FALSE
2022,"linear_all",FALSE,2024,1,"female",2,0.334510527904238,0.417883325291159,0.015871499660891,3.80943997171204,3.93025828939191,0.28467143130422,0.0833727973869205,0.120818317679871,FALSE
2022,"linear_all",FALSE,2024,1,"male",3,0.42692761418592,0.487322333107096,0.0186083493212682,7.09036234228274,7.39865728574779,0.557626334922317,0.0603947189211757,0.308294943465053,FALSE
2022,"linear_all",FALSE,2024,1,"female",3,0.266777763885451,0.319774087628093,0.0150171491228274,3.10200545779789,3.11825195119611,0.225412968018113,0.0529963237426417,0.0162464933982243,FALSE
2022,"linear_all",FALSE,2024,1,"male",4,0.330183763416559,0.388506794681581,0.024947100747504,6.00182664747007,7.09948239417401,0.599081395337045,0.0583230312650225,1.09765574670394,FALSE
2022,"linear_all",FALSE,2024,1,"female",4,0.178105880191761,0.239069417818043,0.0156266321966895,2.56602399744522,3.49734210738735,0.366257220418623,0.0609635376262822,0.931318109942125,FALSE
2016,"spline_shared",FALSE,2018,1,"male",1,0.547295298760442,0.483639602511202,0.0174146219232058,7.71050196486,9.00389489848884,0.574359652227097,-0.0636556962492399,1.29339293362885,FALSE
2016,"spline_shared",FALSE,2018,1,"female",1,0.382313764218141,0.360926436561629,0.0177179583165555,4.54894664167099,5.11568364268331,0.259219222508725,-0.0213873276565115,0.56673700101232,TRUE
2016,"spline_shared",FALSE,2018,1,"male",2,0.598975341430772,0.559687012530281,0.0210171852976588,8.50663607197876,8.03902030076653,0.559485611426536,-0.0392883289004916,-0.467615771212232,TRUE
2016,"spline_shared",FALSE,2018,1,"female",2,0.422734555858063,0.374207617541776,0.018702712861649,3.42747657688961,4.02881875547199,0.180029023740638,-0.0485269383162866,0.601342178582386,FALSE
2016,"spline_shared",FALSE,2018,1,"male",3,0.546564326421895,0.488306537931897,0.0180450396854839,7.98382102841245,8.88212678791631,0.57459250571102,-0.0582577884899976,0.898305759503862,FALSE
2016,"spline_shared",FALSE,2018,1,"female",3,0.31879496572037,0.339083343071554,0.0170888026489635,2.58933530334311,3.15574303554437,0.179222049384647,0.0202883773511839,0.566407732201262,TRUE
2016,"spline_shared",FALSE,2018,1,"male",4,0.484369845465034,0.431469288363647,0.0297411774894169,5.37220350868303,6.96176537929562,0.458033930100582,-0.0529005571013867,1.58956187061259,TRUE
2016,"spline_shared",FALSE,2018,1,"female",4,0.276002260167235,0.257680669488894,0.0300038666178488,2.97457930133164,3.0492963293842,0.470561558633111,-0.0183215906783407,0.074717028052564,TRUE
2016,"spline_shared",FALSE,2020,2,"male",1,0.517522641616176,0.422807597333145,0.023831153504362,6.61667343554372,10.0672430303584,0.5354498448813,-0.0947150442830312,3.45056959481465,NA
2016,"spline_shared",FALSE,2020,2,"female",1,0.385372827227114,0.306371331149778,0.0192537177605305,4.40675805814024,5.71983914494219,0.300333033278545,-0.0790014960773359,1.31308108680195,NA
2016,"spline_shared",FALSE,2020,2,"male",2,0.628603393932933,0.498524611931066,0.0232032785565713,7.71574568257904,8.98841801311832,0.576478912034324,-0.130078782001867,1.27267233053927,NA
2016,"spline_shared",FALSE,2020,2,"female",2,0.425743340782624,0.318645968841186,0.0199827409400628,3.40176789810607,4.50461694565201,0.208703543020261,-0.107097371941438,1.10284904754593,NA
2016,"spline_shared",FALSE,2020,2,"male",3,0.53460795655621,0.427373371119774,0.0251419421543995,7.60813361586402,9.93109426626218,1.33473150164817,-0.107234585436436,2.32296065039816,NA
2016,"spline_shared",FALSE,2020,2,"female",3,0.391969148012117,0.286350512337123,0.0205132534382281,3.47945418835144,3.52843213280044,0.347669458163247,-0.105618635674994,0.048977944449009,NA
2016,"spline_shared",FALSE,2020,2,"male",4,0.457076468252889,0.372465909479744,0.0310323674545066,7.16208187089557,7.7839407038688,0.723570836475919,-0.0846105587731449,0.621858832973228,NA
2016,"spline_shared",FALSE,2020,2,"female",4,0.28980237230987,0.213517463350578,0.0245329591183229,3.061931781904,3.40941421080366,0.466059129117506,-0.0762849089592927,0.34748242889966,NA
2018,"spline_shared",FALSE,2020,1,"male",1,0.517522641616176,0.463996932180433,0.023831153504362,6.61667343554372,8.24814202661697,0.5354498448813,-0.0535257094357428,1.63146859107325,NA
2018,"spline_shared",FALSE,2020,1,"female",1,0.385372827227114,0.332977545126145,0.0192537177605305,4.40675805814024,4.65667021911439,0.300333033278545,-0.0523952821009683,0.249912160974153,NA
2018,"spline_shared",FALSE,2020,1,"male",2,0.628603393932933,0.531632391524432,0.0232032785565713,7.71574568257904,7.70911582677595,0.576478912034324,-0.0969710024085011,-0.00662985580308995,NA
2018,"spline_shared",FALSE,2020,1,"female",2,0.425743340782624,0.353920335811173,0.0199827409400628,3.40176789810607,3.60036209790057,0.208703543020261,-0.0718230049714513,0.1985941997945,NA
2018,"spline_shared",FALSE,2020,1,"male",3,0.53460795655621,0.467740482883435,0.0251419421543995,7.60813361586402,8.16421844762021,1.33473150164817,-0.066867473672775,0.556084831756186,NA
2018,"spline_shared",FALSE,2020,1,"female",3,0.391969148012117,0.300873617373684,0.0205132534382281,3.47945418835144,2.78944800364772,0.347669458163247,-0.0910955306384325,-0.690006184703718,NA
2018,"spline_shared",FALSE,2020,1,"male",4,0.457076468252889,0.409358605894163,0.0310323674545066,7.16208187089557,6.08139769393674,0.723570836475919,-0.0477178623587252,-1.08068417695884,NA
2018,"spline_shared",FALSE,2020,1,"female",4,0.28980237230987,0.23382477838915,0.0245329591183229,3.061931781904,2.81741825178643,0.466059129117506,-0.0559775939207202,-0.244513530117566,NA
2018,"spline_shared",FALSE,2022,2,"male",1,0.415132062494339,0.406289375081532,0.016060408267641,6.80760144101353,8.44598511805622,0.415345446309226,-0.00884268741280703,1.6383836770427,TRUE
2018,"spline_shared",FALSE,2022,2,"female",1,0.352997847970576,0.282962634795152,0.0148377126926734,4.39583531970221,4.76836689322472,0.330154209513483,-0.0700352131754247,0.372531573522505,FALSE
2018,"spline_shared",FALSE,2022,2,"male",2,0.554614831880923,0.472935065477974,0.0157396894056771,7.19308575578752,7.8940296294858,0.392466046336418,-0.0816797664029483,0.700943873698277,FALSE
2018,"spline_shared",FALSE,2022,2,"female",2,0.401995028692561,0.30218483204141,0.0149205516068886,4.01768627198571,3.68672176113755,0.297771840899946,-0.0998101966511505,-0.330964510848166,FALSE
2018,"spline_shared",FALSE,2022,2,"male",3,0.477886422004613,0.409923409412465,0.0157448865903642,7.2501276455625,8.36004851597381,0.493266606631848,-0.0679630125921488,1.10992087041132,FALSE
2018,"spline_shared",FALSE,2022,2,"female",3,0.314914878530327,0.253845726931829,0.012549539792279,2.99586546497663,2.85635677106101,0.228158288467871,-0.0610691515984976,-0.139508693915621,FALSE
2018,"spline_shared",FALSE,2022,2,"male",4,0.382646812251071,0.353958987413302,0.0207449922682778,7.53191920648493,6.2272684265402,0.895950237229725,-0.0286878248377695,-1.30465077994473,TRUE
2018,"spline_shared",FALSE,2022,2,"female",4,0.229834335838236,0.194363378213205,0.0139294609225485,3.16320671387503,2.88499792427656,0.335400011975428,-0.0354709576250316,-0.278208789598466,FALSE
2020,"spline_shared",FALSE,2022,1,"male",1,0.415132062494339,0.486228874983831,0.016060408267641,6.80760144101353,7.98450995447879,0.415345446309226,0.0710968124894918,1.17690851346527,FALSE
2020,"spline_shared",FALSE,2022,1,"female",1,0.352997847970576,0.353684663208429,0.0148377126926734,4.39583531970221,4.59865696670716,0.330154209513483,0.000686815237852245,0.202821647004945,TRUE
2020,"spline_shared",FALSE,2022,1,"male",2,0.554614831880923,0.561026109850848,0.0157396894056771,7.19308575578752,7.69327587902865,0.392466046336418,0.00641127796992547,0.500190123241122,TRUE
2020,"spline_shared",FALSE,2022,1,"female",2,0.401995028692561,0.379667226941871,0.0149205516068886,4.01768627198571,3.54779179178079,0.297771840899946,-0.0223278017506896,-0.46989448020492,TRUE
2020,"spline_shared",FALSE,2022,1,"male",3,0.477886422004613,0.490251943589677,0.0157448865903642,7.2501276455625,8.10811779468753,0.493266606631848,0.0123655215850641,0.857990149125031,TRUE
2020,"spline_shared",FALSE,2022,1,"female",3,0.314914878530327,0.327498046266929,0.012549539792279,2.99586546497663,2.86728697484912,0.228158288467871,0.0125831677366022,-0.128578490127509,TRUE
2020,"spline_shared",FALSE,2022,1,"male",4,0.382646812251071,0.429923648672451,0.0207449922682778,7.53191920648493,6.27126646357667,0.895950237229725,0.0472768364213798,-1.26065274290826,FALSE
2020,"spline_shared",FALSE,2022,1,"female",4,0.229834335838236,0.254617147826571,0.0139294609225485,3.16320671387503,2.83898109974499,0.335400011975428,0.0247828119883351,-0.324225614130034,TRUE
2020,"spline_shared",FALSE,2024,2,"male",1,0.408314748418684,0.454690970441102,0.0232120840054431,5.32556029006488,8.07665724723974,0.460678852683047,0.0463762220224181,2.75109695717486,FALSE
2020,"spline_shared",FALSE,2024,2,"female",1,0.296936001770398,0.325300505451189,0.0192572675732737,4.57568984541537,4.65172895136673,0.671389886575418,0.028364503680791,0.0760391059513594,TRUE
2020,"spline_shared",FALSE,2024,2,"male",2,0.503068059404641,0.529638035839489,0.0183171867609547,6.69848776783315,7.78206210996295,0.530145793341564,0.0265699764348486,1.08357434212979,TRUE
2020,"spline_shared",FALSE,2024,2,"female",2,0.334510527904238,0.350328142023451,0.015871499660891,3.80943997171204,3.58873599634136,0.28467143130422,0.0158176141192134,-0.220703975370673,TRUE
2020,"spline_shared",FALSE,2024,2,"male",3,0.42692761418592,0.458686061238582,0.0186083493212682,7.09036234228274,8.20169161555154,0.557626334922317,0.0317584470526621,1.1113292732688,TRUE
2020,"spline_shared",FALSE,2024,2,"female",3,0.266777763885451,0.300239183518348,0.0150171491228274,3.10200545779789,2.90037763837229,0.225412968018113,0.0334614196328964,-0.201627819425595,FALSE
2020,"spline_shared",FALSE,2024,2,"male",4,0.330183763416559,0.399200158970912,0.024947100747504,6.00182664747007,6.3436416287522,0.599081395337045,0.0690163955543533,0.341814981282135,FALSE
2020,"spline_shared",FALSE,2024,2,"female",4,0.178105880191761,0.231337702526891,0.0156266321966895,2.56602399744522,2.87174509202911,0.366257220418623,0.0532318223351304,0.305721094583885,FALSE
2022,"spline_shared",FALSE,2024,1,"male",1,0.408314748418684,0.41164174055987,0.0232120840054431,5.32556029006488,7.55250084698498,0.460678852683047,0.00332699214118604,2.2269405569201,TRUE
2022,"spline_shared",FALSE,2024,1,"female",1,0.296936001770398,0.301082410743104,0.0192572675732737,4.57568984541537,4.45738521622313,0.671389886575418,0.00414640897270624,-0.118304629192248,TRUE
2022,"spline_shared",FALSE,2024,1,"male",2,0.503068059404641,0.500456115146053,0.0183171867609547,6.69848776783315,7.39867022010618,0.530145793341564,-0.00261194425858746,0.700182452273029,TRUE
2022,"spline_shared",FALSE,2024,1,"female",2,0.334510527904238,0.330160787670595,0.015871499660891,3.80943997171204,3.53604736178045,0.28467143130422,-0.00434974023364343,-0.273392609931587,TRUE
2022,"spline_shared",FALSE,2024,1,"male",3,0.42692761418592,0.428295306866733,0.0186083493212682,7.09036234228274,7.71603668433147,0.557626334922317,0.00136769268081277,0.625674342048731,TRUE
2022,"spline_shared",FALSE,2024,1,"female",3,0.266777763885451,0.274690914229459,0.0150171491228274,3.10200545779789,2.82103718508501,0.225412968018113,0.0079131503440078,-0.280968272712874,TRUE
2022,"spline_shared",FALSE,2024,1,"male",4,0.330183763416559,0.360276263099507,0.024947100747504,6.00182664747007,6.25213118357603,0.599081395337045,0.0300924996829484,0.250304536105959,TRUE
2022,"spline_shared",FALSE,2024,1,"female",4,0.178105880191761,0.205829021402098,0.0156266321966895,2.56602399744522,2.83421065107037,0.366257220418623,0.0277231412103377,0.268186653625148,TRUE
2020,"static2012",TRUE,2022,1,"male",1,0.415132062494339,0.515598309576747,0.016060408267641,6.80760144101353,7.62938017840465,0.415345446309226,0.100466247082408,0.821778737391127,FALSE
2020,"static2012",TRUE,2022,1,"female",1,0.352997847970576,0.363639340985575,0.0148377126926734,4.39583531970221,4.87478588456304,0.330154209513483,0.0106414930149991,0.478950564860827,TRUE
2020,"static2012",TRUE,2022,1,"male",2,0.554614831880923,0.583336169880104,0.0157396894056771,7.19308575578752,6.38044600973036,0.392466046336418,0.0287213379991816,-0.812639746057166,TRUE
2020,"static2012",TRUE,2022,1,"female",2,0.401995028692561,0.360224882825793,0.0149205516068886,4.01768627198571,2.98622437662201,0.297771840899946,-0.0417701458667679,-1.0314618953637,FALSE
2020,"static2012",TRUE,2022,1,"male",3,0.477886422004613,0.518707461855575,0.0157448865903642,7.2501276455625,7.89596688290981,0.493266606631848,0.0408210398509617,0.645839237347316,FALSE
2020,"static2012",TRUE,2022,1,"female",3,0.314914878530327,0.3321130128308,0.012549539792279,2.99586546497663,3.13802361525735,0.228158288467871,0.0171981343004735,0.142158150280718,TRUE
2020,"static2012",TRUE,2022,1,"male",4,0.382646812251071,0.442249669815368,0.0207449922682778,7.53191920648493,5.97245115743086,0.895950237229725,0.059602857564297,-1.55946804905407,FALSE
2020,"static2012",TRUE,2022,1,"female",4,0.229834335838236,0.239970344817835,0.0139294609225485,3.16320671387503,2.25154930030617,0.335400011975428,0.0101360089795988,-0.911657413568851,TRUE
2020,"static2012",TRUE,2024,2,"male",1,0.408314748418684,0.515598309576747,0.0232120840054431,5.32556029006488,7.62938017840465,0.460678852683047,0.107283561158063,2.30381988833977,FALSE
2020,"static2012",TRUE,2024,2,"female",1,0.296936001770398,0.363639340985575,0.0192572675732737,4.57568984541537,4.87478588456304,0.671389886575418,0.0667033392151773,0.299096039147666,FALSE
2020,"static2012",TRUE,2024,2,"male",2,0.503068059404641,0.583336169880104,0.0183171867609547,6.69848776783315,6.38044600973036,0.530145793341564,0.0802681104754636,-0.318041758102797,FALSE
2020,"static2012",TRUE,2024,2,"female",2,0.334510527904238,0.360224882825793,0.015871499660891,3.80943997171204,2.98622437662201,0.28467143130422,0.025714354921555,-0.823215595090026,TRUE
2020,"static2012",TRUE,2024,2,"male",3,0.42692761418592,0.518707461855575,0.0186083493212682,7.09036234228274,7.89596688290981,0.557626334922317,0.091779847669655,0.805604540627073,FALSE
2020,"static2012",TRUE,2024,2,"female",3,0.266777763885451,0.3321130128308,0.0150171491228274,3.10200545779789,3.13802361525735,0.225412968018113,0.065335248945349,0.0360181574594605,FALSE
2020,"static2012",TRUE,2024,2,"male",4,0.330183763416559,0.442249669815368,0.024947100747504,6.00182664747007,5.97245115743086,0.599081395337045,0.112065906398809,-0.0293754900392091,FALSE
2020,"static2012",TRUE,2024,2,"female",4,0.178105880191761,0.239970344817835,0.0156266321966895,2.56602399744522,2.25154930030617,0.366257220418623,0.0618644646260741,-0.314474697139048,FALSE
2022,"static2012",TRUE,2024,1,"male",1,0.408314748418684,0.515598309576747,0.0232120840054431,5.32556029006488,7.62938017840465,0.460678852683047,0.107283561158063,2.30381988833977,FALSE
2022,"static2012",TRUE,2024,1,"female",1,0.296936001770398,0.363639340985575,0.0192572675732737,4.57568984541537,4.87478588456304,0.671389886575418,0.0667033392151773,0.299096039147666,FALSE
2022,"static2012",TRUE,2024,1,"male",2,0.503068059404641,0.583336169880104,0.0183171867609547,6.69848776783315,6.38044600973036,0.530145793341564,0.0802681104754636,-0.318041758102797,FALSE
2022,"static2012",TRUE,2024,1,"female",2,0.334510527904238,0.360224882825793,0.015871499660891,3.80943997171204,2.98622437662201,0.28467143130422,0.025714354921555,-0.823215595090026,TRUE
2022,"static2012",TRUE,2024,1,"male",3,0.42692761418592,0.518707461855575,0.0186083493212682,7.09036234228274,7.89596688290981,0.557626334922317,0.091779847669655,0.805604540627073,FALSE
2022,"static2012",TRUE,2024,1,"female",3,0.266777763885451,0.3321130128308,0.0150171491228274,3.10200545779789,3.13802361525735,0.225412968018113,0.065335248945349,0.0360181574594605,FALSE
2022,"static2012",TRUE,2024,1,"male",4,0.330183763416559,0.442249669815368,0.024947100747504,6.00182664747007,5.97245115743086,0.599081395337045,0.112065906398809,-0.0293754900392091,FALSE
2022,"static2012",TRUE,2024,1,"female",4,0.178105880191761,0.239970344817835,0.0156266321966895,2.56602399744522,2.25154930030617,0.366257220418623,0.0618644646260741,-0.314474697139048,FALSE
2020,"interp_hold",TRUE,2022,1,"male",1,0.415132062494339,0.547295298760442,0.016060408267641,6.80760144101353,7.71050196486,0.415345446309226,0.132163236266103,0.902900523846471,FALSE
2020,"interp_hold",TRUE,2022,1,"female",1,0.352997847970576,0.38231376421814,0.0148377126926734,4.39583531970221,4.54894664167099,0.330154209513483,0.0293159162475642,0.153111321968775,FALSE
2020,"interp_hold",TRUE,2022,1,"male",2,0.554614831880923,0.598975341430772,0.0157396894056771,7.19308575578752,8.50663607197876,0.392466046336418,0.0443605095498499,1.31355031619124,FALSE
2020,"interp_hold",TRUE,2022,1,"female",2,0.401995028692561,0.422734555858063,0.0149205516068886,4.01768627198571,3.42747657688961,0.297771840899946,0.0207395271655019,-0.590209695096103,TRUE
2020,"interp_hold",TRUE,2022,1,"male",3,0.477886422004613,0.546564326421895,0.0157448865903642,7.2501276455625,7.98382102841245,0.493266606631848,0.0686779044172815,0.733693382849953,FALSE
2020,"interp_hold",TRUE,2022,1,"female",3,0.314914878530327,0.31879496572037,0.012549539792279,2.99586546497663,2.58933530334311,0.228158288467871,0.00388008719004274,-0.40653016163352,TRUE
2020,"interp_hold",TRUE,2022,1,"male",4,0.382646812251071,0.484369845465034,0.0207449922682778,7.53191920648493,5.37220350868303,0.895950237229725,0.101723033213963,-2.1597156978019,FALSE
2020,"interp_hold",TRUE,2022,1,"female",4,0.229834335838236,0.276002260167235,0.0139294609225485,3.16320671387503,2.97457930133164,0.335400011975428,0.0461679243289988,-0.188627412543387,FALSE
2020,"interp_hold",TRUE,2024,2,"male",1,0.408314748418684,0.547295298760442,0.0232120840054431,5.32556029006488,7.71050196486,0.460678852683047,0.138980550341758,2.38494167479511,FALSE
2020,"interp_hold",TRUE,2024,2,"female",1,0.296936001770398,0.38231376421814,0.0192572675732737,4.57568984541537,4.54894664167099,0.671389886575418,0.0853777624477424,-0.0267432037443855,FALSE
2020,"interp_hold",TRUE,2024,2,"male",2,0.503068059404641,0.598975341430772,0.0183171867609547,6.69848776783315,8.50663607197876,0.530145793341564,0.0959072820261319,1.80814830414561,FALSE
2020,"interp_hold",TRUE,2024,2,"female",2,0.334510527904238,0.422734555858063,0.015871499660891,3.80943997171204,3.42747657688961,0.28467143130422,0.0882240279538248,-0.381963394822428,FALSE
2020,"interp_hold",TRUE,2024,2,"male",3,0.42692761418592,0.546564326421895,0.0186083493212682,7.09036234228274,7.98382102841245,0.557626334922317,0.119636712235975,0.89345868612971,FALSE
2020,"interp_hold",TRUE,2024,2,"female",3,0.266777763885451,0.31879496572037,0.0150171491228274,3.10200545779789,2.58933530334311,0.225412968018113,0.0520172018349183,-0.512670154454778,FALSE
2020,"interp_hold",TRUE,2024,2,"male",4,0.330183763416559,0.484369845465034,0.024947100747504,6.00182664747007,5.37220350868303,0.599081395337045,0.154186082048475,-0.629623138787043,FALSE
2020,"interp_hold",TRUE,2024,2,"female",4,0.178105880191761,0.276002260167235,0.0156266321966895,2.56602399744522,2.97457930133164,0.366257220418623,0.0978963799754742,0.408555303886415,FALSE
2022,"interp_hold",TRUE,2024,1,"male",1,0.408314748418684,0.415132062494339,0.0232120840054431,5.32556029006488,6.80760144101353,0.460678852683047,0.00681731407565489,1.48204115094864,TRUE
2022,"interp_hold",TRUE,2024,1,"female",1,0.296936001770398,0.352997847970576,0.0192572675732737,4.57568984541537,4.39583531970221,0.671389886575418,0.0560618462001782,-0.179854525713161,FALSE
2022,"interp_hold",TRUE,2024,1,"male",2,0.503068059404641,0.554614831880923,0.0183171867609547,6.69848776783315,7.19308575578752,0.530145793341564,0.0515467724762819,0.49459798795437,FALSE
2022,"interp_hold",TRUE,2024,1,"female",2,0.334510527904238,0.401995028692561,0.015871499660891,3.80943997171204,4.01768627198571,0.28467143130422,0.0674845007883229,0.208246300273675,FALSE
2022,"interp_hold",TRUE,2024,1,"male",3,0.42692761418592,0.477886422004613,0.0186083493212682,7.09036234228274,7.2501276455625,0.557626334922317,0.0509588078186933,0.159765303279758,FALSE
2022,"interp_hold",TRUE,2024,1,"female",3,0.266777763885451,0.314914878530327,0.0150171491228274,3.10200545779789,2.99586546497663,0.225412968018113,0.0481371146448755,-0.106139992821258,FALSE
2022,"interp_hold",TRUE,2024,1,"male",4,0.330183763416559,0.382646812251071,0.024947100747504,6.00182664747007,7.53191920648493,0.599081395337045,0.0524630488345124,1.53009255901486,FALSE
2022,"interp_hold",TRUE,2024,1,"female",4,0.178105880191761,0.229834335838236,0.0156266321966895,2.56602399744522,3.16320671387503,0.366257220418623,0.0517284556464754,0.597182716429803,FALSE
2020,"linear_all",TRUE,2022,1,"male",1,0.415132062494339,0.580050246603724,0.016060408267641,6.80760144101353,7.79076199497215,0.415345446309226,0.164918184109385,0.983160553958627,FALSE
2020,"linear_all",TRUE,2022,1,"female",1,0.352997847970576,0.424908423255233,0.0148377126926734,4.39583531970221,4.71449283960884,0.330154209513483,0.0719105752846568,0.318657519906629,FALSE
2020,"linear_all",TRUE,2022,1,"male",2,0.554614831880923,0.610193761569546,0.0157396894056771,7.19308575578752,10.0671610065311,0.392466046336418,0.0555789296886238,2.87407525074362,FALSE
2020,"linear_all",TRUE,2022,1,"female",2,0.401995028692561,0.48098061840051,0.0149205516068886,4.01768627198571,3.88158073496644,0.297771840899946,0.0789855897079495,-0.136105537019267,FALSE
2020,"linear_all",TRUE,2022,1,"male",3,0.477886422004613,0.55720667694787,0.0157448865903642,7.2501276455625,7.98699689762372,0.493266606631848,0.0793202549432565,0.736869252061228,FALSE
2020,"linear_all",TRUE,2022,1,"female",3,0.314914878530327,0.332158712492675,0.012549539792279,2.99586546497663,2.42321028518945,0.228158288467871,0.0172438339623484,-0.572655179787185,TRUE
2020,"linear_all",TRUE,2022,1,"male",4,0.382646812251071,0.497337151851386,0.0207449922682778,7.53191920648493,5.06480977220217,0.895950237229725,0.114690339600315,-2.46710943428276,FALSE
2020,"linear_all",TRUE,2022,1,"female",4,0.229834335838236,0.340033905752318,0.0139294609225485,3.16320671387503,3.95059044465395,0.335400011975428,0.110199569914081,0.787383730778921,FALSE
2020,"linear_all",TRUE,2024,2,"male",1,0.408314748418684,0.591230038505044,0.0232120840054431,5.32556029006488,7.82661208531611,0.460678852683047,0.18291529008636,2.50105179525122,FALSE
2020,"linear_all",TRUE,2024,2,"female",1,0.296936001770398,0.430967727609926,0.0192572675732737,4.57568984541537,4.81572012264779,0.671389886575418,0.134031725839528,0.240030277232417,FALSE
2020,"linear_all",TRUE,2024,2,"male",2,0.503068059404641,0.611301632505717,0.0183171867609547,6.69848776783315,11.0276140820913,0.530145793341564,0.108233573101076,4.32912631425816,FALSE
2020,"linear_all",TRUE,2024,2,"female",2,0.334510527904238,0.49594558203341,0.015871499660891,3.80943997171204,4.04803961608593,0.28467143130422,0.161435054129172,0.238599644373891,FALSE
2020,"linear_all",TRUE,2024,2,"male",3,0.42692761418592,0.561416021437064,0.0186083493212682,7.09036234228274,8.0887553416111,0.557626334922317,0.134488407251144,0.998392999328358,FALSE
2020,"linear_all",TRUE,2024,2,"female",3,0.266777763885451,0.322072061527899,0.0150171491228274,3.10200545779789,2.35926365742031,0.225412968018113,0.0552942976424478,-0.742741800377583,FALSE
2020,"linear_all",TRUE,2024,2,"male",4,0.330183763416559,0.500752894010765,0.024947100747504,6.00182664747007,4.88503124579984,0.599081395337045,0.170569130594206,-1.11679540167023,FALSE
2020,"linear_all",TRUE,2024,2,"female",4,0.178105880191761,0.353156636039778,0.0156266321966895,2.56602399744522,4.40994933351777,0.366257220418623,0.175050755848017,1.84392533607254,FALSE
2022,"linear_all",TRUE,2024,1,"male",1,0.408314748418684,0.431448174809461,0.0232120840054431,5.32556029006488,6.89680512056255,0.460678852683047,0.0231334263907764,1.57124483049767,TRUE
2022,"linear_all",TRUE,2024,1,"female",1,0.296936001770398,0.359070140758597,0.0192572675732737,4.57568984541537,4.52438369318415,0.671389886575418,0.0621341389881985,-0.0513061522312244,FALSE
2022,"linear_all",TRUE,2024,1,"male",2,0.503068059404641,0.554065954735857,0.0183171867609547,6.69848776783315,7.96236716418251,0.530145793341564,0.0509978953312161,1.26387939634936,FALSE
2022,"linear_all",TRUE,2024,1,"female",2,0.334510527904238,0.415480538654478,0.015871499660891,3.80943997171204,4.1645219813425,0.28467143130422,0.0809700107502399,0.355082009630463,FALSE
2022,"linear_all",TRUE,2024,1,"male",3,0.42692761418592,0.480702162810264,0.0186083493212682,7.09036234228274,7.38576660446228,0.557626334922317,0.0537745486243438,0.29540426217954,FALSE
2022,"linear_all",TRUE,2024,1,"female",3,0.266777763885451,0.304191089048477,0.0150171491228274,3.10200545779789,2.90826239187711,0.225412968018113,0.037413325163026,-0.193743065920779,FALSE
2022,"linear_all",TRUE,2024,1,"male",4,0.330183763416559,0.378627926240851,0.024947100747504,6.00182664747007,6.62692341802292,0.599081395337045,0.0484441628242918,0.625096770552855,TRUE
2022,"linear_all",TRUE,2024,1,"female",4,0.178105880191761,0.229747487662931,0.0156266321966895,2.56602399744522,3.50504310824523,0.366257220418623,0.0516416074711704,0.939019110800011,FALSE
2020,"spline_shared",TRUE,2022,1,"male",1,0.415132062494339,0.406289375081532,0.016060408267641,6.80760144101353,8.44598511805622,0.415345446309226,-0.00884268741280703,1.6383836770427,TRUE
2020,"spline_shared",TRUE,2022,1,"female",1,0.352997847970576,0.282962634795152,0.0148377126926734,4.39583531970221,4.76836689322472,0.330154209513483,-0.0700352131754247,0.372531573522505,FALSE
2020,"spline_shared",TRUE,2022,1,"male",2,0.554614831880923,0.472935065477974,0.0157396894056771,7.19308575578752,7.8940296294858,0.392466046336418,-0.0816797664029483,0.700943873698277,FALSE
2020,"spline_shared",TRUE,2022,1,"female",2,0.401995028692561,0.30218483204141,0.0149205516068886,4.01768627198571,3.68672176113755,0.297771840899946,-0.0998101966511505,-0.330964510848166,FALSE
2020,"spline_shared",TRUE,2022,1,"male",3,0.477886422004613,0.409923409412465,0.0157448865903642,7.2501276455625,8.36004851597381,0.493266606631848,-0.0679630125921488,1.10992087041132,FALSE
2020,"spline_shared",TRUE,2022,1,"female",3,0.314914878530327,0.253845726931829,0.012549539792279,2.99586546497663,2.85635677106101,0.228158288467871,-0.0610691515984976,-0.139508693915621,FALSE
2020,"spline_shared",TRUE,2022,1,"male",4,0.382646812251071,0.353958987413302,0.0207449922682778,7.53191920648493,6.2272684265402,0.895950237229725,-0.0286878248377695,-1.30465077994473,TRUE
2020,"spline_shared",TRUE,2022,1,"female",4,0.229834335838236,0.194363378213205,0.0139294609225485,3.16320671387503,2.88499792427656,0.335400011975428,-0.0354709576250316,-0.278208789598466,FALSE
2020,"spline_shared",TRUE,2024,2,"male",1,0.408314748418684,0.35105824297729,0.0232120840054431,5.32556029006488,8.64857374960669,0.460678852683047,-0.0572565054413945,3.32301345954181,FALSE
2020,"spline_shared",TRUE,2024,2,"female",1,0.296936001770398,0.237782141270023,0.0192572675732737,4.57568984541537,4.88274276650961,0.671389886575418,-0.059153860500375,0.307052921094241,FALSE
2020,"spline_shared",TRUE,2024,2,"male",2,0.503068059404641,0.414976506005474,0.0183171867609547,6.69848776783315,8.083378845439,0.530145793341564,-0.0880915533991662,1.38489107760585,FALSE
2020,"spline_shared",TRUE,2024,2,"female",2,0.334510527904238,0.255026753913527,0.015871499660891,3.80943997171204,3.77515288030912,0.28467143130422,-0.0794837739907106,-0.0342870914029181,FALSE
2020,"spline_shared",TRUE,2024,2,"male",3,0.42692761418592,0.35449323039788,0.0186083493212682,7.09036234228274,8.56057583929645,0.557626334922317,-0.0724343837880405,1.47021349701371,FALSE
2020,"spline_shared",TRUE,2024,2,"female",3,0.266777763885451,0.211940150560723,0.0150171491228274,3.10200545779789,2.92487043777729,0.225412968018113,-0.0548376133247287,-0.177135020020601,FALSE
2020,"spline_shared",TRUE,2024,2,"male",4,0.330183763416559,0.302220476561847,0.024947100747504,6.00182664747007,6.37663807036459,0.599081395337045,-0.0279632868547121,0.374811422894521,TRUE
2020,"spline_shared",TRUE,2024,2,"female",4,0.178105880191761,0.160169460527426,0.0156266321966895,2.56602399744522,2.95419858865562,0.366257220418623,-0.0179364196643348,0.388174591210393,TRUE
2022,"spline_shared",TRUE,2024,1,"male",1,0.408314748418684,0.410188079786919,0.0232120840054431,5.32556029006488,7.67562371438502,0.460678852683047,0.00187333136823525,2.35006342432014,TRUE
2022,"spline_shared",TRUE,2024,1,"female",1,0.296936001770398,0.301036204665377,0.0192572675732737,4.57568984541537,4.47108206196728,0.671389886575418,0.00410020289497848,-0.104607783448096,TRUE
2022,"spline_shared",TRUE,2024,1,"male",2,0.503068059404641,0.495890123733386,0.0183171867609547,6.69848776783315,7.35768769642534,0.530145793341564,-0.00717793567125413,0.659199928592183,TRUE
2022,"spline_shared",TRUE,2024,1,"female",2,0.334510527904238,0.328825844181633,0.015871499660891,3.80943997171204,3.58345350760288,0.28467143130422,-0.00568468372260539,-0.225986464109155,TRUE
2022,"spline_shared",TRUE,2024,1,"male",3,0.42692761418592,0.427126400520144,0.0186083493212682,7.09036234228274,7.71415808428917,0.557626334922317,0.000198786334223988,0.623795742006434,TRUE
2022,"spline_shared",TRUE,2024,1,"female",3,0.266777763885451,0.270064427688345,0.0150171491228274,3.10200545779789,2.74813923986461,0.225412968018113,0.00328666380289333,-0.353866217933279,TRUE
2022,"spline_shared",TRUE,2024,1,"male",4,0.330183763416559,0.359446357953949,0.024947100747504,6.00182664747007,6.08241447721862,0.599081395337045,0.02926259453739,0.0805878297485565,TRUE
2022,"spline_shared",TRUE,2024,1,"female",4,0.178105880191761,0.203687450361637,0.0156266321966895,2.56602399744522,2.80807040077699,0.366257220418623,0.025581570169876,0.242046403331765,TRUE
