"spec","cutoff","target_year","current_rmse_pp","current_bias_pp","gpd_rmse"
"interp_hold",2016,2018,3.69972624848441,2.07502825929582,0.565993075299924
"interp_hold",2018,2020,3.20457300801149,-0.670597383099763,0.865129662089514
"interp_hold",2020,2022,6.69523073113336,6.25844911284107,0.387001977810241
"interp_hold",2022,2024,5.09200604958001,4.81497325606243,0.810199697679079
"linear_all",2016,2018,8.27684241003007,6.86018348016618,0.768905031633263
"linear_all",2018,2020,3.7588607125217,1.85700304254861,1.03406594774058
"linear_all",2020,2022,7.72284294055079,7.25915323002836,0.810768355817335
"linear_all",2022,2024,6.14165100770905,6.00755009170873,0.857852333709554
"spline_shared",2016,2018,4.3800170920499,-3.52562312551338,0.882779245178805
"spline_shared",2018,2020,6.9239012355025,-6.70466824384145,0.772708992346063
"spline_shared",2020,2022,3.30820815245653,1.91094302097451,0.736909794569104
"spline_shared",2022,2024,1.49692338830315,0.845102506747101,0.876302402821612
"static2012",2016,2018,3.45167704141403,-2.76513956817692,0.86746660441588
"static2012",2018,2020,4.086025720511,-3.43573695127668,0.827019532316201
"static2012",2020,2022,4.79501576436424,2.8227121615644,0.889479344278996
"static2012",2022,2024,8.07322040134984,7.63768541762683,0.930452324983776
