"parameter","value","interpretation"
"rho","0.8","Unidentified persistence; sensitivity 0 and 0.95"
"minimum_age","15","Entry at age 15"
"maximum_age","65","Exit at age 66; older-age benefits excluded"
"n_sim","25000","Synthetic population scale"
"replicates","5","Monte Carlo repeats, not parameter uncertainty"
"first_seed","2125","Seeds 2125-2129"
"grams_per_drink","12","Inherited survey measurement convention"
"spline_df","2","Shared natural spline degrees of freedom"
"cutoffs","2016/2018/2020/2022","Rolling-origin fit-through years"
"reconstruction_spec","interp_hold","Interpolates the seven waves and holds 2024 afterwards"
