"year","sex","age_group","n_observed","n_current_observed","n_current","n_gpd","n_hed","n_eff","current_mean_observed","current_se","gpd_mean_observed","gpd_se","hed_mean_observed","hed_se","design_status","lonely_psu_adjustment_warnings","n_simulated","current_mean_simulated","gpd_mean_simulated","gpd_population","hed_mean_simulated","never","former","cat1","cat2","cat3","seed","rho","population"
2012,"male",1,2334,2315,1202,1140,1155,679.841043733788,0.515598309576747,0.019660192133202,7.62938017840465,0.368095893444585,0.71288476656988,0.0266129073847262,"PSU + region proxy strata",0,4406,0.557194734453019,7.85333545446546,4.37583716312136,0.586558044806517,0.19609623241035,0.246709033136632,0.546073536087154,0.00862460281434408,0.00249659555152065,20260917,0.8,2120385.03264
2012,"female",1,2623,2605,973,933,941,658.281667305791,0.363639340985575,0.0180304499003447,4.87478588456304,0.541155034752198,0.546826842756343,0.0275305778706758,"PSU + region proxy strata",0,4278,0.4315100514259,4.36388210969272,1.88305899357007,0.529252437703142,0.233520336605891,0.334969611968209,0.420289855072464,0.010752688172043,0.000467508181393174,20260917,0.8,2058785.10432
2012,"male",2,2193,2185,1275,1228,1235,807.379170462396,0.583336169880104,0.0183314048233399,6.38044600973036,0.319156889524569,0.581923975178729,0.0243824359898722,"PSU + region proxy strata",0,3875,0.619354838709677,6.78199181583556,4.20045944722719,0.544583333333333,0.112516129032258,0.268129032258065,0.612387096774194,0.00593548387096774,0.00103225806451613,20260917,0.8,1864841.58
2012,"female",2,2816,2803,1001,958,961,777.862996027412,0.360224882825793,0.0171895107652594,2.98622437662201,0.228850885321264,0.416666213365261,0.0281169533809977,"PSU + region proxy strata",0,3897,0.437259430331024,3.10635910614079,1.35828481315471,0.400234741784038,0.20913523222992,0.353605337439056,0.432383885039774,0.0046189376443418,0.000256607646907878,20260917,0.8,1875429.06768
2012,"male",3,1976,1968,1033,966,974,636.994942548592,0.518707461855575,0.0218439386296924,7.89596688290981,0.529460337863683,0.599066598156423,0.0289924802989854,"PSU + region proxy strata",0,3295,0.564188163884674,7.36662906208396,4.15616492455662,0.447014523937601,0.134142640364188,0.301669195751138,0.549013657056146,0.00849772382397572,0.00667678300455235,20260917,0.8,1585716.9048
2012,"female",3,2636,2627,835,805,811,683.234909499543,0.3321130128308,0.0181818794367869,3.13802361525735,0.538715803113134,0.360664586753923,0.0321548744905395,"PSU + region proxy strata",0,3503,0.405366828432772,2.4662542132855,0.999737648548505,0.322535211267606,0.222951755638025,0.371681415929204,0.403083071652869,0.00199828718241507,0.000285469597487868,20260917,0.8,1685816.78832
2012,"male",4,654,650,296,281,281,215.968525304914,0.442249669815368,0.033051663526045,5.97245115743086,0.581343285388038,0.424720148419122,0.0459021951268619,"PSU + region proxy strata",0,828,0.554347826086957,6.03638658766085,3.34625778229025,0.394335511982571,0.131642512077295,0.314009661835749,0.544685990338164,0.00845410628019324,0.00120772946859903,20260917,0.8,398474.53632
2012,"female",4,1090,1087,278,270,271,374.877528342417,0.239970344817835,0.0203655755871615,2.25154930030618,0.269473209209896,0.209702146286474,0.034618795371985,"PSU + region proxy strata",0,918,0.324618736383442,2.4139332354787,0.783607956615089,0.278523489932886,0.288671023965142,0.386710239651416,0.323529411764706,0.00108932461873638,0,20260917,0.8,441786.98592
2014,"male",1,2518,2502,1353,1260,1276,698.639793647515,0.536667873582329,0.0188727936522577,7.51551604583936,0.7141364883546,0.639149595978475,0.0247225208162793,"PSU + region proxy strata",0,4429,0.54414088959133,7.28491102805438,3.9640179673992,0.573029045643153,0.136599683901558,0.319259426507112,0.535109505531723,0.00790246105215624,0.00112892300745089,20260917,0.8,2131453.76976
2014,"female",1,2904,2880,1196,1092,1096,644.361077814393,0.432145134062063,0.0191036434504149,3.94957888011936,0.26409613359798,0.500584256211651,0.0291736949585981,"PSU + region proxy strata",0,4294,0.418723800652073,4.39697604829768,1.84111852231934,0.517797552836485,0.173730787144853,0.407545412203074,0.405915230554262,0.012342803912436,0.000465766185374942,20260917,0.8,2066485.09536
2014,"male",2,2342,2327,1410,1307,1318,559.028413781599,0.653164015842847,0.0199845267463064,7.18336836209004,0.627967053402499,0.606362706094369,0.0272021890776279,"PSU + region proxy strata",0,3930,0.613740458015267,6.90557872673986,4.23823305060981,0.546849087893864,0.0755725190839695,0.310687022900763,0.607379134860051,0.00534351145038168,0.00101781170483461,20260917,0.8,1891310.2992
2014,"female",2,3263,3236,1427,1261,1268,867.950375346203,0.477037845299145,0.0164008832238207,3.41697876809706,0.387527213309342,0.404865947122143,0.0283502858623411,"PSU + region proxy strata",0,3939,0.424980959634425,3.21941344840836,1.36818941676456,0.402628434886499,0.146483879157146,0.428535161208429,0.419395785732419,0.00558517390200559,0,20260917,0.8,1895641.54416
2014,"male",3,2357,2345,1264,1161,1172,517.042359630369,0.574487727642602,0.0224082430121561,6.74190578716079,0.544081157775645,0.503495650681635,0.028842887619583,"PSU + region proxy strata",0,3433,0.545878240605884,7.28602579925328,3.97728294430546,0.461579509071505,0.0806874453830469,0.373434314011069,0.533352752694436,0.00873871249635887,0.00378677541508884,20260917,0.8,1652129.32752
2014,"female",3,3482,3461,1337,1166,1179,643.949584298565,0.449780623106421,0.0209789002583825,2.63806299455676,0.162673930400159,0.33767222116232,0.0233925435940318,"PSU + region proxy strata",0,3644,0.383369923161361,2.34189845685654,0.897813431456803,0.304939155332856,0.1602634467618,0.456366630076839,0.380625686059276,0.00274423710208562,0,20260917,0.8,1753672.95936
2014,"male",4,958,954,442,399,407,241.214281844543,0.548503750227524,0.0322590434085211,5.97540320838917,0.700649896198891,0.394435816457119,0.046419731521654,"PSU + region proxy strata",0,911,0.476399560922064,6.02202842737405,2.86889169866118,0.370967741935484,0.0823271130625686,0.441273326015368,0.472008781558727,0.0021953896816685,0.0021953896816685,20260917,0.8,438418.23984
2014,"female",4,1502,1490,475,422,431,287.687310967498,0.381665610494895,0.031034265983505,2.52442743235567,0.244623962681477,0.293729329675061,0.0483130199029387,"PSU + region proxy strata",0,1003,0.298105682951147,2.58826311083311,0.771575942312163,0.317725752508361,0.219341974077767,0.482552342971087,0.296111665004985,0.00199401794616152,0,20260917,0.8,482693.18832
2016,"male",1,2427,2390,1230,1129,1135,706.612690343931,0.562706835795097,0.0186289000009597,7.72227720184082,0.477678902747551,0.667681561913792,0.0261001971414184,"PSU + region proxy strata",0,4458,0.523328847016599,7.12104986149071,3.72665081356165,0.583797685383626,0.109241812471961,0.36742934051144,0.517272319425751,0.00515926424405563,0.000897263346792284,20260917,0.8,2145410.00352
2016,"female",1,2856,2825,1053,971,973,793.073900336435,0.445508027275146,0.0203083072431915,4.64561186615719,0.383845232396765,0.593606747216824,0.0328629163678316,"PSU + region proxy strata",0,4314,0.394065832174316,4.44310022744536,1.75087398856215,0.511176470588235,0.146963375057951,0.458970792767733,0.382939267501159,0.0101993509503941,0.000927213722763097,20260917,0.8,2076110.08416
2016,"male",2,2376,2343,1278,1195,1196,641.056046400462,0.598224818026332,0.0191111765180368,7.42054320514035,0.515626019216841,0.603060555690209,0.0284622348596338,"PSU + region proxy strata",0,4008,0.598053892215569,7.37160002253787,4.40861408533515,0.549019607843137,0.0528942115768463,0.349051896207585,0.589071856287425,0.00723552894211577,0.00174650698602794,20260917,0.8,1928847.75552
2016,"female",2,2764,2733,971,916,920,701.385095716585,0.443065656541133,0.021267136792881,4.50927913410523,0.524214724887136,0.47205301797426,0.0310075341630639,"PSU + region proxy strata",0,3999,0.405851462865716,3.20619715103555,1.30123980398367,0.418361059765866,0.117529382345586,0.476619154788697,0.401600400100025,0.00400100025006252,0.000250062515628907,20260917,0.8,1924516.51056
2016,"male",3,2265,2238,1108,1056,1058,574.082934698927,0.534105424398532,0.0212792081191506,7.77869851067083,0.605698486103365,0.497077621606607,0.0296134732363634,"PSU + region proxy strata",0,3552,0.527871621621622,7.11628067101284,3.75648261772215,0.446933333333333,0.0532094594594595,0.418918918918919,0.515765765765766,0.00760135135135135,0.0045045045045045,20260917,0.8,1709398.01088
2016,"female",3,3087,3074,951,890,893,817.633350132972,0.390028950275435,0.0206280308322984,2.60473560796985,0.220213027043401,0.369510147735258,0.0357488694727735,"PSU + region proxy strata",0,3765,0.365471447543161,2.55260808784393,0.9329053728747,0.330668604651163,0.127490039840637,0.507038512616202,0.362284196547145,0.00318725099601594,0,20260917,0.8,1811904.1416
2016,"male",4,1000,992,354,331,333,259.362388495167,0.466140967673399,0.0320606090466126,5.77153811017583,0.607836522831603,0.369741220992224,0.0545698553221785,"PSU + region proxy strata",0,978,0.473415132924335,5.69652554771556,2.69682139937864,0.367170626349892,0.0582822085889571,0.468302658486708,0.469325153374233,0.00408997955010225,0,20260917,0.8,470661.95232
2016,"female",4,1579,1562,359,331,332,327.986035666142,0.303271938800542,0.0240053650832105,3.01492083893993,0.357738129536595,0.351262263580687,0.0451833523200619,"PSU + region proxy strata",0,1076,0.276951672862454,2.43964452226155,0.675663631630056,0.308724832214765,0.174721189591078,0.548327137546468,0.274163568773234,0.00278810408921933,0,20260917,0.8,517824.39744
2018,"male",1,2397,2347,1168,1018,1065,653.23929151451,0.547295298760442,0.0174146219232058,7.71050196486,0.574359652227097,0.652631837222064,0.0310313988016071,"PSU + region proxy strata",0,4513,0.490804343009085,7.15834809464706,3.51334833362358,0.583747178329571,0.0974961223133171,0.411699534677598,0.484378462220253,0.00487480611566585,0.00155107467316641,20260917,0.8,2171878.72272
2018,"female",1,2692,2637,982,850,888,686.225743777902,0.382313764218141,0.0177179583165555,4.54894664167099,0.259219222508725,0.644725463904384,0.0323815050191026,"PSU + region proxy strata",0,4356,0.397382920110193,4.73019249864083,1.87969770779322,0.537261698440208,0.12603305785124,0.476584022038567,0.38544536271809,0.0107897153351699,0.00114784205693297,20260917,0.8,2096322.56064
2018,"male",2,2416,2359,1275,1158,1190,422.314622469673,0.598975341430772,0.0210171852976588,8.50663607197876,0.559485611426536,0.698571275974015,0.0325445376095883,"PSU + region proxy strata",0,4154,0.587385652383245,7.0092452498465,4.11713009379525,0.543852459016393,0.0392392874337988,0.373375060182956,0.576071256620125,0.00938854116514203,0.00192585459797785,20260917,0.8,1999110.17376
2018,"female",2,3092,3032,1163,1038,1065,800.422898003642,0.422734555858063,0.018702712861649,3.42747657688961,0.180029023740638,0.564014244781029,0.0335497918568567,"PSU + region proxy strata",0,4121,0.40596942489687,3.53406494349905,1.4347223126605,0.415421398684997,0.0941519048774569,0.499878670225673,0.399174957534579,0.00655180781363747,0.00024265954865324,20260917,0.8,1983228.94224
2018,"male",3,2303,2264,1135,1033,1059,696.554812322386,0.546564326421895,0.0180450396854839,7.98382102841245,0.57459250571102,0.61890710992282,0.0273627333996611,"PSU + region proxy strata",0,3676,0.507616974972797,7.15302730943768,3.63099808471456,0.456055734190782,0.0359085963003264,0.456474428726877,0.495103373231774,0.00843307943416757,0.00408052230685528,20260917,0.8,1769072.94144
2018,"female",3,3097,3055,958,883,900,689.076135371025,0.31879496572037,0.0170888026489635,2.58933530334311,0.179222049384647,0.426795155620735,0.0367054747844944,"PSU + region proxy strata",0,3883,0.355137780066959,2.63210384303758,0.934759515722077,0.337200870195794,0.105845995364409,0.539016224568633,0.351017254699974,0.00412052536698429,0,20260917,0.8,1868691.57552
2018,"male",4,1087,1069,447,418,424,328.88202035125,0.484369845465034,0.0297411774894169,5.37220350868303,0.458033930100582,0.398513335547216,0.0464874402380035,"PSU + region proxy strata",0,1064,0.426691729323308,6.69278051831073,2.85575409333935,0.398678414096916,0.0460526315789474,0.527255639097744,0.420112781954887,0.00281954887218045,0.0037593984962406,20260917,0.8,512049.40416
2018,"female",4,1650,1629,356,329,340,368.292340087781,0.276002260167235,0.0300038666178488,2.97457930133164,0.470561558633111,0.477102098734686,0.0715636871681532,"PSU + region proxy strata",0,1171,0.266438941076003,2.444602520472,0.651337306906288,0.301282051282051,0.125533731853117,0.60802732707088,0.265584970111016,0.00085397096498719,0,20260917,0.8,563543.09424
2020,"male",1,1794,1783,876,788,796,433.359330462169,0.517522641616176,0.023831153504362,6.61667343554372,0.5354498448813,0.613909992133444,0.035301085653189,"Weights only; no validated clustering SE",0,4486,0.468791796700847,7.0925181295353,3.32491431707818,0.576319543509273,0.0985287561301828,0.43267944716897,0.462995987516719,0.00445831475702185,0.00133749442710655,20260917,0.8,2158884.98784
2020,"female",1,2299,2279,855,784,789,634.725752734474,0.385372827227114,0.0192537177605305,4.40675805814024,0.300333033278545,0.573235757822963,0.0317080784062114,"Weights only; no validated clustering SE",0,4336,0.372463099630996,4.35413181175999,1.62175343081005,0.513312693498452,0.123154981549815,0.504381918819188,0.361392988929889,0.0103782287822878,0.000691881918819188,20260917,0.8,2086697.57184
2020,"male",2,1881,1869,1096,994,999,400.218565207876,0.628603393932933,0.0232032785565713,7.71574568257904,0.576478912034324,0.643653827596598,0.0325218413602078,"Weights only; no validated clustering SE",0,4364,0.576993583868011,7.24787619602655,4.181978061777,0.561556791104051,0.0327681026581118,0.390238313473877,0.568056828597617,0.00756186984417965,0.00137488542621448,20260917,0.8,2100172.55616
2020,"female",2,2655,2633,991,915,918,620.904577584105,0.425743340782624,0.0199827409400628,3.40176789810607,0.208703543020261,0.455131925539653,0.0319648960627516,"Weights only; no validated clustering SE",0,4313,0.395548342221192,3.6078921736126,1.42709576818528,0.433763188745604,0.0769765824252261,0.527475075353582,0.385578483654069,0.00973800139114306,0.000231857175979597,20260917,0.8,2075628.83472
2020,"male",3,1966,1947,986,914,918,381.452333920934,0.53460795655621,0.0251419421543995,7.60813361586402,1.33473150164817,0.534506019503745,0.0386183252050905,"Weights only; no validated clustering SE",0,3783,0.487708168120539,7.53564886562872,3.6751975038554,0.454742547425474,0.0272270684641819,0.485064763415279,0.476077187417394,0.0084588950568332,0.00317208564631245,20260917,0.8,1820566.63152
2020,"female",3,2922,2899,942,860,867,587.950380227476,0.391969148012117,0.0205132534382281,3.47945418835144,0.347669458163247,0.378493854125392,0.0337742807292965,"Weights only; no validated clustering SE",0,3989,0.332664828277764,2.92698936273454,0.973706413724926,0.357950263752826,0.0814740536475307,0.585861118074705,0.329405866131863,0.00300827275006267,0.000250689395838556,20260917,0.8,1919704.01616
2020,"male",4,962,949,400,362,363,256.887759821903,0.457076468252889,0.0310323674545066,7.16208187089557,0.723570836475919,0.446125043826102,0.0478288880972054,"Weights only; no validated clustering SE",0,1156,0.419550173010381,6.16520369924997,2.58661227866457,0.364948453608247,0.0354671280276817,0.544982698961938,0.413494809688581,0.00605536332179931,0,20260917,0.8,556324.35264
2020,"female",4,1635,1618,366,332,335,382.463613154045,0.28980237230987,0.0245329591183229,3.061931781904,0.466059129117506,0.311562920055322,0.0542931784389347,"Weights only; no validated clustering SE",0,1277,0.247454972592013,2.77704313459381,0.687193132757749,0.335443037974684,0.111981205951449,0.640563821456539,0.245105716523101,0.00156617071260767,0.000783085356303837,20260917,0.8,614555.53488
2022,"male",1,1835,1818,745,700,702,992.68466464068,0.415132062494339,0.016060408267641,6.80760144101353,0.415345446309226,0.610678438032551,0.0265864601189191,"PSU + region proxy strata",0,4378,0.442439470077661,6.43034537875404,2.84503860179227,0.540526587506453,0.100274097761535,0.457286432160804,0.439241662859753,0.00251256281407035,0.000685244403837369,20260917,0.8,2106910.04832
2022,"female",1,2129,2114,698,657,663,1105.10187263795,0.352997847970576,0.0148377126926734,4.39583531970221,0.330154209513483,0.49849188502653,0.0272682062629473,"PSU + region proxy strata",0,4232,0.357277882797732,4.78240231541912,1.70864657393991,0.53505291005291,0.116965973534972,0.525756143667297,0.344517958412098,0.0113421550094518,0.00141776937618147,20260917,0.8,2036647.63008
2022,"male",2,2207,2197,1099,1033,1036,1054.43132674916,0.554614831880923,0.0157396894056771,7.19308575578752,0.392466046336418,0.602145088704672,0.0245415154348645,"PSU + region proxy strata",0,4564,0.565731814198072,7.24240512256667,4.09725898914705,0.56003098373354,0.0267309377738826,0.407537248028046,0.556748466257669,0.00766871165644172,0.00131463628396144,20260917,0.8,2196422.44416
2022,"female",2,2838,2824,989,936,940,1358.27638398694,0.401995028692561,0.0149205516068886,4.01768627198571,0.297771840899946,0.49017430814269,0.0232775171130067,"PSU + region proxy strata",0,4502,0.386717014660151,3.75376038312555,1.45164300911186,0.427914991384262,0.0657485561972457,0.547534429142603,0.378054198134163,0.00799644602398934,0.000666370501999112,20260917,0.8,2166584.97888
2022,"male",3,2042,2032,880,823,827,998.034626333846,0.477886422004613,0.0157448865903642,7.2501276455625,0.493266606631848,0.544992590263252,0.0252477058051085,"PSU + region proxy strata",0,3824,0.482740585774059,7.13771054858084,3.44566257130759,0.443661971830986,0.0217050209205021,0.495554393305439,0.469926778242678,0.00967573221757322,0.00313807531380753,20260917,0.8,1840297.85856
2022,"female",3,2865,2847,803,737,745,1492.16330370746,0.314914878530327,0.012549539792279,2.99586546497663,0.228158288467871,0.424587218407063,0.0254868355653436,"PSU + region proxy strata",0,4016,0.310756972111554,3.05820260533674,0.950357781738109,0.354166666666667,0.0684760956175299,0.620766932270916,0.30453187250996,0.00622509960159363,0,20260917,0.8,1932697.75104
2022,"male",4,1107,1099,388,363,365,568.604829996763,0.382646812251071,0.0207449922682778,7.53191920648493,0.895950237229725,0.488011183443933,0.0377825436575877,"PSU + region proxy strata",0,1246,0.390850722311396,6.34609392718302,2.48037539529545,0.363449691991786,0.0272873194221509,0.581861958266453,0.383627608346709,0.00561797752808989,0.00160513643659711,20260917,0.8,599636.80224
2022,"female",4,2000,1984,397,367,371,1028.38838010518,0.229834335838236,0.0139294609225485,3.16320671387503,0.335400011975428,0.365003008959818,0.0352949473695023,"PSU + region proxy strata",0,1384,0.225433526011561,2.74046565752032,0.617792836088395,0.336538461538462,0.0874277456647399,0.687138728323699,0.223265895953757,0.00216763005780347,0,20260917,0.8,666049.22496
2024,"male",1,1613,1605,579,542,549,472.939890224489,0.408314748418684,0.0232120840054431,5.32556029006488,0.460678852683047,0.500768530494801,0.0410620105086457,"PSU + supplied ESTRATO",46,4324,0.423913043478261,6.22512718787962,2.63891261225332,0.531369339879978,0.106151711378353,0.469935245143386,0.421369102682701,0.00231267345050879,0.000231267345050879,20260917,0.8,2080922.57856
2024,"female",1,2134,2114,596,544,556,605.525049558783,0.296936001770398,0.0192572675732737,4.57568984541537,0.671389886575418,0.547405110811943,0.0410052412396362,"PSU + supplied ESTRATO",44,4182,0.347680535628886,4.7309303047843,1.64485238239033,0.526822558459422,0.125538020086083,0.526781444285031,0.335246293639407,0.0119560019129603,0.000478240076518412,20260917,0.8,2012585.15808
2024,"male",2,2313,2294,1069,984,991,737.236149435344,0.503068059404641,0.0183171867609547,6.69848776783315,0.530145793341564,0.547281095501038,0.0280625069014431,"PSU + supplied ESTRATO",20,4771,0.545587927059317,7.53285165573154,4.10983291969591,0.560891279293123,0.0222175644518969,0.432194508488786,0.537832739467617,0.00712638859777824,0.00062879899392161,20260917,0.8,2296041.07824
2024,"female",2,3347,3329,996,937,946,934.300958494628,0.334510527904238,0.015871499660891,3.80943997171204,0.28467143130422,0.488403381710754,0.030811374660064,"PSU + supplied ESTRATO",19,4698,0.378671775223499,4.04029763859117,1.52994667923663,0.444631815626757,0.0515112813963389,0.569816943380162,0.369306087696892,0.00808854831843338,0.00127713920817369,20260917,0.8,2260909.86912
2024,"male",3,2141,2112,829,754,758,693.867963954569,0.42692761418592,0.0186083493212682,7.09036234228274,0.557626334922317,0.50265210057488,0.0319884079858182,"PSU + supplied ESTRATO",16,3851,0.466372370812776,6.92008781409555,3.22733776009234,0.459910913140312,0.0166190599844196,0.517008569202804,0.457543495196053,0.00701116593092703,0.0018177096857959,20260917,0.8,1853291.59344
2024,"female",3,3149,3124,719,661,676,1018.29383890607,0.266777763885451,0.0150171491228274,3.10200545779789,0.225412968018113,0.414429792820822,0.0330845459327634,"PSU + supplied ESTRATO",22,4028,0.297169811320755,2.94026599457338,0.873758290840203,0.33500417710944,0.0566037735849057,0.64622641509434,0.291459781529295,0.0054617676266137,0.000248262164846077,20260917,0.8,1938472.74432
2024,"male",4,1239,1231,398,380,383,368.446962151531,0.330183763416559,0.024947100747504,6.00182664747007,0.599081395337045,0.376271006164317,0.0386047806132079,"PSU + supplied ESTRATO",48,1330,0.354135338345865,6.30010172125544,2.23108865467016,0.358811040339703,0.0240601503759399,0.621804511278195,0.349624060150376,0.00300751879699248,0.00150375939849624,20260917,0.8,640061.7552
2024,"female",4,2295,2283,342,318,321,665.173508102724,0.178105880191761,0.0156266321966895,2.56602399744522,0.366257220418623,0.311698994070894,0.0407566200790042,"PSU + supplied ESTRATO",42,1481,0.197164078325456,3.34930705005751,0.660363037553541,0.352739726027397,0.0715732613099257,0.731262660364619,0.194463200540176,0.00270087778528022,0,20260917,0.8,712730.42064
