"file","md5"
"ACC1240138-Potentially-Avoidable-Injury-Mortality-in-Chile--bc6359e/ENPG_BINGE.RDS","1ed65c4f6c45ee71bc1e76dbbbb268f0"
"Sex-and-age-differences-in-alcohol-attributable-mortality-in-Chile-between-2008-and-2022-main/Raw data/enpg_design_waves_2012_2024_list.RDS","0b5e68e3a3f6a2dd827eecca8c665072"
"Sex-and-age-differences-in-alcohol-attributable-mortality-in-Chile-between-2008-and-2022-main/Raw data/base ENPG 2016 publico general.dta","00a6db4c5be75432cd2a49c94eb65a2a"
"__andres_control/ine_proyecciones_rebuild/ine_basedatos.xlsx","39689ae5aac7d0edaf958f9eb46bb5e6"
"__andres_control/ine_proyecciones_rebuild/mltper_1x1.txt","4c0d6f701e8bd3de54ba4b1f6b164bae"
"__andres_control/ine_proyecciones_rebuild/fltper_1x1.txt","c9e4dfa9d6633452a4e082a8ffbc1048"
"ACC1240138-Potentially-Avoidable-Injury-Mortality-in-Chile--bc6359e/udpate jun 26/DEFUNCIONES_DEIS_12_23_15plus.parquet","edb4f60848fb891aadf2c7d113f52aeb"
"ACC1240138-Potentially-Avoidable-Injury-Mortality-in-Chile--bc6359e/udpate jun 26/DEFUNCIONES_FUENTE_DEIS_2024_2026_09062026.parquet","29df7a23f783c507220313fd55eb2a59"
"__andres_control/plan_trabajo_post_reunion_ACC_2026-09-17.md","b88a38952aa68a607b9537f653834af1"
"SIMAH/supp/SIMAH_release-0.1.1/microsimpackage/R/run_microsim_alt.R","56fd4fd251d6844d33fecc6b43bf926b"
