"fit","component","parameter","value","source","last_fit_year"
"validation_train2020","prevalence","cellfemale:1",-0.400046984499389,"ENPG survey-weighted working calibration",2020
"validation_train2020","prevalence","cellfemale:2",-0.346691539471751,"ENPG survey-weighted working calibration",2020
"validation_train2020","prevalence","cellfemale:3",-0.509424827782451,"ENPG survey-weighted working calibration",2020
"validation_train2020","prevalence","cellfemale:4",-0.920060437407589,"ENPG survey-weighted working calibration",2020
"validation_train2020","prevalence","cellmale:1",0.127312702899255,"ENPG survey-weighted working calibration",2020
"validation_train2020","prevalence","cellmale:2",0.412091536198788,"ENPG survey-weighted working calibration",2020
"validation_train2020","prevalence","cellmale:3",0.157417701417047,"ENPG survey-weighted working calibration",2020
"validation_train2020","prevalence","cellmale:4",-0.0472083991090991,"ENPG survey-weighted working calibration",2020
"validation_train2020","prevalence","cellfemale:1:time",-0.00869943739438634,"ENPG survey-weighted working calibration",2020
"validation_train2020","prevalence","cellfemale:2:time",0.145903988156886,"ENPG survey-weighted working calibration",2020
"validation_train2020","prevalence","cellfemale:3:time",-0.0276193386167784,"ENPG survey-weighted working calibration",2020
"validation_train2020","prevalence","cellfemale:4:time",0.10502883227368,"ENPG survey-weighted working calibration",2020
"validation_train2020","prevalence","cellmale:1:time",0.0671610261170267,"ENPG survey-weighted working calibration",2020
"validation_train2020","prevalence","cellmale:2:time",0.0926465335943051,"ENPG survey-weighted working calibration",2020
"validation_train2020","prevalence","cellmale:3:time",0.0261820443427411,"ENPG survey-weighted working calibration",2020
"validation_train2020","prevalence","cellmale:4:time",-0.080699646104617,"ENPG survey-weighted working calibration",2020
"validation_train2020","amount","cellfemale:1",1.45843811074456,"ENPG survey-weighted working calibration",2020
"validation_train2020","amount","cellfemale:2",1.16718680076516,"ENPG survey-weighted working calibration",2020
"validation_train2020","amount","cellfemale:3",0.929935687377452,"ENPG survey-weighted working calibration",2020
"validation_train2020","amount","cellfemale:4",0.848536577460052,"ENPG survey-weighted working calibration",2020
"validation_train2020","amount","cellmale:1",2.0469661121999,"ENPG survey-weighted working calibration",2020
"validation_train2020","amount","cellmale:2",1.87394321804229,"ENPG survey-weighted working calibration",2020
"validation_train2020","amount","cellmale:3",2.01664552537013,"ENPG survey-weighted working calibration",2020
"validation_train2020","amount","cellmale:4",1.7443432650636,"ENPG survey-weighted working calibration",2020
"validation_train2020","amount","cellfemale:1:time",0.0549103567029761,"ENPG survey-weighted working calibration",2020
"validation_train2020","amount","cellfemale:2:time",0.117871216601213,"ENPG survey-weighted working calibration",2020
"validation_train2020","amount","cellfemale:3:time",0.184295410002175,"ENPG survey-weighted working calibration",2020
"validation_train2020","amount","cellfemale:4:time",0.416916706126298,"ENPG survey-weighted working calibration",2020
"validation_train2020","amount","cellmale:1:time",-0.0989302689121263,"ENPG survey-weighted working calibration",2020
"validation_train2020","amount","cellmale:2:time",0.31595212748396,"ENPG survey-weighted working calibration",2020
"validation_train2020","amount","cellmale:3:time",0.0515573361856646,"ENPG survey-weighted working calibration",2020
"validation_train2020","amount","cellmale:4:time",0.102840984719841,"ENPG survey-weighted working calibration",2020
"validation_train2020","hed","cellfemale:1",-2.6584724724726,"ENPG survey-weighted working calibration",2020
"validation_train2020","hed","cellfemale:2",-2.9173335552721,"ENPG survey-weighted working calibration",2020
"validation_train2020","hed","cellfemale:3",-3.0625415715764,"ENPG survey-weighted working calibration",2020
"validation_train2020","hed","cellfemale:4",-3.33147251769209,"ENPG survey-weighted working calibration",2020
"validation_train2020","hed","cellmale:1",-3.01262055192957,"ENPG survey-weighted working calibration",2020
"validation_train2020","hed","cellmale:2",-3.09972391595239,"ENPG survey-weighted working calibration",2020
"validation_train2020","hed","cellmale:3",-3.44313149944885,"ENPG survey-weighted working calibration",2020
"validation_train2020","hed","cellmale:4",-4.12687922877022,"ENPG survey-weighted working calibration",2020
"validation_train2020","hed","base::log1p(gpd_survey)",2.34349847459725,"ENPG survey-weighted working calibration",2020
"validation_train2020","all_cause_mortality","female",0.976675998119906,"HMD qx and DEIS training deaths",2020
"validation_train2020","all_cause_mortality","male",0.957068652665794,"HMD qx and DEIS training deaths",2020
"full_refit2024","prevalence","cellfemale:1",-0.315629697533539,"ENPG survey-weighted working calibration",2024
"full_refit2024","prevalence","cellfemale:2",-0.246280669995184,"ENPG survey-weighted working calibration",2024
"full_refit2024","prevalence","cellfemale:3",-0.404519103673558,"ENPG survey-weighted working calibration",2024
"full_refit2024","prevalence","cellfemale:4",-0.766233304745112,"ENPG survey-weighted working calibration",2024
"full_refit2024","prevalence","cellmale:1",0.271531179587992,"ENPG survey-weighted working calibration",2024
"full_refit2024","prevalence","cellmale:2",0.518268620871762,"ENPG survey-weighted working calibration",2024
"full_refit2024","prevalence","cellmale:3",0.278394087929145,"ENPG survey-weighted working calibration",2024
"full_refit2024","prevalence","cellmale:4",0.0981524897039129,"ENPG survey-weighted working calibration",2024
"full_refit2024","prevalence","cellfemale:1:time",-0.292135997538506,"ENPG survey-weighted working calibration",2024
"full_refit2024","prevalence","cellfemale:2:time",-0.202982242914246,"ENPG survey-weighted working calibration",2024
"full_refit2024","prevalence","cellfemale:3:time",-0.377326374443988,"ENPG survey-weighted working calibration",2024
"full_refit2024","prevalence","cellfemale:4:time",-0.448976571833901,"ENPG survey-weighted working calibration",2024
"full_refit2024","prevalence","cellmale:1:time",-0.457252080565277,"ENPG survey-weighted working calibration",2024
"full_refit2024","prevalence","cellmale:2:time",-0.304383060482951,"ENPG survey-weighted working calibration",2024
"full_refit2024","prevalence","cellmale:3:time",-0.364398111036932,"ENPG survey-weighted working calibration",2024
"full_refit2024","prevalence","cellmale:4:time",-0.547536216363583,"ENPG survey-weighted working calibration",2024
"full_refit2024","amount","cellfemale:1",1.46533888073272,"ENPG survey-weighted working calibration",2024
"full_refit2024","amount","cellfemale:2",1.15088338404957,"ENPG survey-weighted working calibration",2024
"full_refit2024","amount","cellfemale:3",0.936496574690524,"ENPG survey-weighted working calibration",2024
"full_refit2024","amount","cellfemale:4",0.908978139848323,"ENPG survey-weighted working calibration",2024
"full_refit2024","amount","cellmale:1",2.07191243463514,"ENPG survey-weighted working calibration",2024
"full_refit2024","amount","cellmale:2",1.92728852893022,"ENPG survey-weighted working calibration",2024
"full_refit2024","amount","cellmale:3",2.03998555837316,"ENPG survey-weighted working calibration",2024
"full_refit2024","amount","cellmale:4",1.74927291667131,"ENPG survey-weighted working calibration",2024
"full_refit2024","amount","cellfemale:1:time",0.034386446204943,"ENPG survey-weighted working calibration",2024
"full_refit2024","amount","cellfemale:2:time",0.1703622091844,"ENPG survey-weighted working calibration",2024
"full_refit2024","amount","cellfemale:3:time",0.164952600968078,"ENPG survey-weighted working calibration",2024
"full_refit2024","amount","cellfemale:4:time",0.188863494239361,"ENPG survey-weighted working calibration",2024
"full_refit2024","amount","cellmale:1:time",-0.20144295334604,"ENPG survey-weighted working calibration",2024
"full_refit2024","amount","cellmale:2:time",0.0801821254890732,"ENPG survey-weighted working calibration",2024
"full_refit2024","amount","cellmale:3:time",-0.0485175080095049,"ENPG survey-weighted working calibration",2024
"full_refit2024","amount","cellmale:4:time",0.105892655900395,"ENPG survey-weighted working calibration",2024
"full_refit2024","hed","cellfemale:1",-2.66361130161339,"ENPG survey-weighted working calibration",2024
"full_refit2024","hed","cellfemale:2",-2.86396034379325,"ENPG survey-weighted working calibration",2024
"full_refit2024","hed","cellfemale:3",-2.99525892432853,"ENPG survey-weighted working calibration",2024
"full_refit2024","hed","cellfemale:4",-3.24148590481221,"ENPG survey-weighted working calibration",2024
"full_refit2024","hed","cellmale:1",-3.00537655887078,"ENPG survey-weighted working calibration",2024
"full_refit2024","hed","cellmale:2",-3.15487929107973,"ENPG survey-weighted working calibration",2024
"full_refit2024","hed","cellmale:3",-3.43187585534892,"ENPG survey-weighted working calibration",2024
"full_refit2024","hed","cellmale:4",-4.0179337950418,"ENPG survey-weighted working calibration",2024
"full_refit2024","hed","base::log1p(gpd_survey)",2.30013220711777,"ENPG survey-weighted working calibration",2024
"full_refit2024","all_cause_mortality","female",0.969976905794678,"HMD qx and DEIS training deaths",2024
"full_refit2024","all_cause_mortality","male",0.944948622365421,"HMD qx and DEIS training deaths",2024
