"year","sex","mc_sd","simulated_deaths","expected_deaths","observed_deaths","hmd_mx_expected","expected_relative_error","period"
2012,"female",1335.41300014356,10009.988352,9884.30176701057,9990,10285.63411,-0.0105804037026453,"Training"
2012,"male",2709.56683714573,17902.479168,17666.8445635069,18002,18772.70705,-0.0186176778409675,"Training"
2013,"female",2730.85205690643,9047.489472,10060.96166528,10137,10465.84855,-0.007501068829042,"Training"
2013,"male",2532.85379581189,19827.476928,18489.8214671155,18771,19635.91747,-0.0149794114796475,"Training"
2014,"female",2613.85351411651,11068.73712,10015.18973468,10077,10405.37963,-0.00613379630048716,"Training"
2014,"male",3203.11182150481,18576.228384,18572.7694861658,18743,19697.20295,-0.00908235148237979,"Training"
2015,"female",2097.71767559554,12031.236,10358.6920732517,10407,10761.2255,-0.00464186862192051,"Training"
2015,"male",2108.72939259783,16458.730848,18853.4037094733,18990,19992.37141,-0.00719306427207367,"Training"
2016,"female",2189.55273662374,9047.489472,10279.0486318337,10293,10684.35569,-0.00135542292492874,"Training"
2016,"male",3323.75823744221,18864.978048,18562.769933287,18624,19706.46611,-0.00328769688106545,"Training"
2017,"female",2978.30811033076,10298.738016,10207.5833480804,10192,10605.84942,0.00152897842232869,"Training"
2017,"male",4470.70110028361,20982.475584,18603.4066782522,18567,19757.17057,0.00196082718006219,"Training"
2018,"female",2241.81672086654,10972.487232,10439.2249388159,10411,10850.6319,0.00271106894783291,"Training"
2018,"male",3900.79315575315,22522.473792,18649.1818112152,18480,19778.06126,0.00915485991424192,"Training"
2019,"female",986.267863565125,9528.738912,10687.7327379191,10590,11087.51752,0.00922877600747163,"Training"
2019,"male",2415.85301543945,19827.476928,19374.4746467226,19063,20510.84776,0.0163392250287278,"Training"
2020,"female",713.808273768727,10009.988352,12183.349977188,12035,12621.41908,0.0123265456741137,"Training"
2020,"male",2919.40364883165,20019.976704,22701.7421660408,22234,24013.87797,0.0210372477305398,"Training"
2021,"female",2267.49701691247,12127.485888,13297.383172988,13121,13774.51003,0.0134428147997883,"Temporal comparison"
2021,"male",2221.05871164107,26661.218976,25783.0323458441,25123,27293.5955,0.0262720354194994,"Temporal comparison"
2022,"female",2915.43436943134,12416.235552,12069.9272049223,11882,12498.9093,0.0158161256457066,"Temporal comparison"
2022,"male",4836.49701473408,25506.22032,23272.8008550408,22521,24607.45814,0.0333822146015177,"Temporal comparison"
2023,"female",2600.5287705021,11646.236448,11499.5772591132,11260,11896.7141,0.0212768436157342,"Temporal comparison"
2023,"male",2420.64162869226,21463.725024,21179.1416944119,20332,22377.95523,0.0416654384424526,"Temporal comparison"
2024,"female",1043.3239240291,12127.485888,11982.8954180047,11609,12376.78979,0.0322073751403811,"Temporal comparison"
2024,"male",2347.78711967407,20886.225696,21241.0231632365,20197,22421.11306,0.0516919920402301,"Temporal comparison"
