"year","current_prevalence","gpd_population","population","period","expected_deaths","realized_deaths"
2012,0.49764,2.78369516589053,12031236,"Historical refit",27260.446812285,29837.46528
2013,0.488003478398356,2.71685634404689,12175129.58256,"Historical refit",28248.5173008939,30318.71472
2014,0.480709846382363,2.65102013108827,12311804.42352,"Historical refit",28284.9426884569,30318.71472
2015,0.475284288698074,2.61303885580324,12442223.02176,"Historical refit",28903.1824792532,28874.9664
2016,0.461376673040153,2.57208349242514,12584672.856,"Historical refit",28537.0805126414,28393.71696
2017,0.455957182164261,2.54581913063088,12768028.89264,"Historical refit",28506.2211850536,25506.22032
2018,0.448065929170688,2.51827202485521,12963897.41472,"Historical refit",28781.4467912031,37056.20688
2019,0.439336354334162,2.46607086923446,13168909.67616,"Historical refit",29744.4043270923,26468.7192
2020,0.430082298585042,2.45479935310008,13332534.48576,"Historical refit",34515.2396988157,27912.46752
2021,0.421468034727703,2.3646520704579,13414346.89056,"Historical refit",38664.1839300986,40906.2024
2022,0.414446102465715,2.33994818819278,13545246.73824,"Historical refit",34966.348431661,31762.46304
2023,0.407588438005486,2.31096649276051,13685771.57472,"Historical refit",32332.5776329577,33206.21136
2024,0.39856968428397,2.26682207697229,13795015.1976,"Historical refit",32873.6885160447,33687.4608
2025,0.395461463954615,2.2300683078232,13911958.81152,"Conditional projection",33318.8955326378,34649.95968
2026,0.394890460819999,2.2726522948529,14014946.19168,"Conditional projection",33690.3325367077,35131.20912
2027,0.390446946434664,2.25776088258552,14105421.0864,"Conditional projection",34008.8582120655,37537.45632
2028,0.396159848022254,2.24311010872959,14186270.99232,"Conditional projection",34306.6275665257,31281.2136
2029,0.396942185021432,2.21584170151799,14258939.65776,"Conditional projection",34587.7588451436,36574.95744
2030,0.39703808180536,2.23735280165909,14330645.82432,"Conditional projection",34804.9403421801,34649.95968
2031,0.3923089784317,2.21062054576962,14391764.5032,"Conditional projection",35025.5193898783,36093.708
2032,0.39503250541757,2.19662220025443,14435076.9528,"Conditional projection",35243.6113395827,24543.72144
2033,0.394761365905611,2.24250861965263,14459620.67424,"Conditional projection",35458.1282268067,30318.71472
2034,0.39646405902097,2.27730240023872,14481276.89904,"Conditional projection",35693.1390140724,32243.71248
