file,pdf_page,text
__enpg/Cuestionario ENPG 2012.pdf.pdf,2,"SECUENCIA AUTOAPLICADA DE ALCOHOL Y DROGAS 
MÓDULO ALCOHOL 
 
P10) ¿Ha tomado Ud. alcohol (cerveza / 
malta, chicha, vino/ champaña, o licores 
fuertes) alguna vez en su vida? 
1.[   ] Sí 
2.[   ] No 
88.[   ] No sabe 
99.[   ] No contesta 
 
Alternativas 2, 88 o 99  
PASE A PREG. P35-MÓDULO MARIHUANA 
 
P11) ¿Cuándo fue la primera vez que Ud. consumió 
alcohol en su vida?   
(Mostrar Tarjeta 2) 
1.[   ] Durante los últimos 30 días 
2.[   ] Hace más de un mes, pero menos de un año 
3.[   ] Hace más de un año 
88.[   ] No sabe 
99.[   ] No contesta 
 
P12) ¿Qué edad tenía cuando 
consumió por primera vez alcohol?  
(No considere cuando le dieron a 
probar de niño)  
(Anote 88 No sabe, 99 No 
contesta) 
 
En años cumplidos 
_____ ______ 
P13) ¿Cuándo fue la última vez que Ud. consumió alcohol?  
(Mostrar Tarjeta 2) 
1.[   ] Durante los últimos 30 días 
2.[   ] Hace más de un mes, pero menos de un año 
 
Alternativa 2 PASE A PREG. P19 
 
3.[   ] Hace más de un año 
88.[   ] No sabe 
99.[   ] No contesta 
 
Alternativas 3, 88 o 99 PASE A PREG. P35-MÓDULO MARIHUANA 
P14) Pensando solamente en los 
últimos 30 días, ¿Cuántos días del 
mes ha tomado algún tipo de 
alcohol? 
(Anote 88 No sabe, 99 No 
contesta) 
 
N° de días (de 1 a 30)  
_____ ______ 
P15) Durante los últimos 30 días. ¿Qué tipo de bebida 
alcohólica tomó con más frecuencia?  
(Mostrar Tarjeta 3) 
1.[   ] Cerveza 
2.[   ] Vino, champaña u otros espumantes 
3.[   ] Licores, destilados  o combinados (pisco, ron, whisky, 
vodka, aguardiente u otro) 
4.[   ] Otro 
88.[   ] No sabe 
99.[   ] No contesta 
P16) Pensando en los últimos 30 días y tomando en cuenta todos los tipos de bebidas alcohólicas,  
Si es hombre: ¿Cuántas veces tomó 5 o más tragos en una sola ocasión? (Mostrar tarjeta 4.1) 
Si es mujer: ¿Cuántas veces tomó 4 o más tragos en una sola ocasión? (Mostrar tarjeta 4.2) 
Por “ocasión” nos referimos a un mismo momento, por ejemplo en un período de dos horas 
 
(Anote 88 No sabe, 99 No contesta) 
 
N° de veces: ____ ____ 
 
 
P17) Durante los últimos 30 días, ¿Cuál fue la máxima cantidad 
de tragos que llegó a consumir en una sola ocasión?  
(Anote 88 No sabe, 99 No contesta) 
(Mostrar Tarjeta 5) 
Considerar como medida: una lata de cerveza, una copa de vino o 
champaña, un trago de licor o un combinado. 
 
N° de tragos de alcohol: ____ ____ 
Tarjeta 4.1 Para Hombres considere: 
 5 latas de cerveza o aproximadamente o 1 litro y medio de cerveza (1.600 ml de cerveza aprox.) 
 5 copas de vino o aproximadamente 1 botella de vino (700 ml de vino aprox.)  
 5 combinados suaves o 3 combinados fuertes (200 ml de ron, pisco, vodka u otro licor aprox.) 
 
Tarjeta 4.2 Para Mujeres considere: 
 4 latas de cerveza o aproximadamente o un poco más de 1 litro de cerveza (1.300 ml de cerveza aprox.) 
 4 copas de vino o aproximadamente o ¾ de una botella de vino (550 ml de vino aprox.)  
 4 combinados suaves o un poco menos de 3 combinados fuertes (160 ml de  ron, pisco, vodka u otro licor 
aprox.)  
 
P18) ¿Aproximadamente 
cuánto gastó Ud. en alcohol 
durante los últimos 30 días? 
 (Anote 88 No sabe, 99 No 
contesta) 
 
____ ____ ____ ____ ____ ____ 
Pesos  
 "
__enpg/Cuestionario ENPG 2012.pdf.pdf,3," 
 
 
 
 
 
 
(Marque con una X) 
P19) ¿Qué tan seguido toma usted alguna 
bebida alcohólica? 
Nunca 
1 vez al 
mes o 
menos 
2 a 4 veces 
al mes 
2 a 3 
veces a la 
semana 
4 o más 
veces a la 
semana 
     
P20) ¿Cuántos tragos suele tomar usted 
en un día típico de consumo de alcohol? 
(Mostrar Tarjeta 5) 
Utilice la escala de la Tarjeta 5 para estimar el 
número de tragos.  
0 a 2 
tragos 
3 a 4 
tragos 
5 a 6 
tragos 
7 a 9 
tragos 
10 o más 
tragos 
     
Tarjeta 5 
1 TRAGO 
Una botella o lata individual de cerveza (333 cc.) 
Un vaso de vino (140 cc.) 
Un trago de licor (40 cc.) (pisco, ron vodka, whisky) solo o combinado 
1 TRAGO Y MEDIO 
Medio litro de cerveza 
3 TRAGOS 
Un litro de cerveza 
6 TRAGOS 
Una botella de vino (750 cc.) 
8 TRAGOS 
Una caja de vino (1 litro) 
18 TRAGOS 
Una botella de licor (750 cc.) 
P21) ¿Qué tan seguido toma usted 6 o 
más tragos en una sola ocasión? 
Nunca Menos de una 
vez al mes 
Mensual
mente 
Semanal
mente 
Todos o casi 
todos los días 
     
P22) ¿Qué tan seguido, en el curso de los 
últimos 12 meses, usted no pudo parar de 
beber una vez que había empezado? 
Nunca Menos de una 
vez al mes 
Mensual
mente 
Semanal
mente 
Todos o casi 
todos los días 
     
P23) ¿Qué tan seguido, en el curso de los 
últimos 12 meses, su consumo de alcohol 
alteró el desempeño de sus actividades 
normales? 
Nunca Menos de una 
vez al mes 
Mensual
mente 
Semanal
mente 
Todos o casi 
todos los días 
     
P24) ¿Qué tan seguido, en el curso de los 
últimos 12 meses, usted necesitó beber 
en la mañana para recuperarse de haber 
bebido mucho el día anterior? 
Nunca Menos de una 
vez al mes 
Mensual
mente 
Semanal
mente 
Todos o casi 
todos los días 
     
P25) ¿Qué tan seguido, en el  curso de los 
últimos 12 meses, usted tuvo 
remordimientos o sentimientos de culpa 
después de haber bebido? 
Nunca Menos de una 
vez al mes 
Mensual
mente 
Semanal
mente 
Todos o casi 
todos los días 
     
P26) ¿Qué tan seguido, en el curso de los 
últimos 12 meses, usted no fue capaz de 
recordar lo que sucedió la noche anterior 
porque había estado bebiendo? 
Nunca Menos de una 
vez al mes 
Mensual
mente 
Semanal
mente 
Todos o casi 
todos los días 
     
P27) ¿Usted o alguna otra persona ha 
resultado físicamente herido debido a que 
usted había bebido alcohol? 
No Sí, pero no en el 
último año 
Sí, en el último 
año 
   
P28) ¿Algún familiar, amigo, médico u 
otro profesional de la salud ha mostrado 
preocupación por la forma en que usted 
consume bebidas alcohólicas o le ha 
sugerido que deje de beber? 
No Sí, pero no en el 
último año 
Sí, en el último 
año 
   "
__enpg/Cuestionario ENPG 2014.pdf.pdf,4,"ESTUDIO NACIONAL DE DROGAS EN POBLACIÓN GENERAL DE CHILE
-4-
CE_7) ¿Por qué razón ha usado cigarrillos electróni-
cos? Porque son… 
1. Sí
2. No
88. No sabe
99. No contesta
a. Más seguros que fumar cigarrillos 
b. Más baratos que los cigarrillos
c. Más fáciles de usar cuando no 
puedo fumar cigarrillos (por ej: en 
espacios cerrados) 
d. Una ayuda para dejar de fumar 
cigarrillos
e. Simplemente por que si
CE_8) Tiene Ud. actualmente algún dispositivo de 
cigarrillo electrónico?  
1. Sí
2. No
88. No sabe
99. No contesta
SA_1) Ahora le voy a hacer algunas preguntas acerca del alcohol y drogas. Ud. puede contestar estas preguntas  
por sí mismo (sin necesidad de que yo se las lea) o si prefiere puedo leérselas en voz alta. ¿Qué prefiere 
Ud.?
1. El entrevistado prefiere contestar en voz alta las preguntas al encuestador 
2. El entrevistado prefiere completar el cuestionario por sí mismo
SECUENCIA AUTOAPLICADA DE ALCOHOL Y OTRAS DROGAS
MÓDULO ALCOHOL
OH_1) ¿Ha tomado Ud. alcohol (cerveza / malta, chi-
cha, vino/ champaña, o licores fuertes) alguna 
vez en su vida?  
1. Sí
2. No
88. No sabe
99. No contesta
Alternativas 2, 88 o 99 PASE A PREG. MAR_1 MÓDULO 
MARIHUANA
OH_2) ¿Cuándo fue la primera vez que Ud. consumió 
alcohol en su vida? (Mostrar Tarjeta 2) 
1. Durante los últimos 30 días
2. Hace más de un mes, pero menos de un año
3. Hace más de un año
88. No sabe
99. No contesta
OH_3) ¿Qué edad tenía cuando consumió por prime-
ra vez alcohol?  (No considere cuando le dieron 
a probar de niño) (Anote 88 No sabe, 99 No 
contesta) 
En años cumplidos
OH_4) ¿Cuándo fue la última vez que Ud. consumió 
alcohol? (Mostrar Tarjeta 2) 
1. Durante los últimos 30 días
2. Hace más de un mes, pero menos de un año
3. Hace más de un año
88. No sabe
99. No contesta
Alternativa 2 PASE A PREG. OH_10
Alternativas 3, 88 o 99 PASE A PREG. MAR_1 MÓDULO 
MARIHUANA"
__enpg/Cuestionario ENPG 2014.pdf.pdf,5,"ESTUDIO NACIONAL DE DROGAS EN POBLACIÓN GENERAL DE CHILE
-5-
OH_5) Pensando solamente en los últimos 30 días, 
¿Cuántos días del mes ha tomado algún tipo de 
alcohol? (Anote 88 No sabe, 99 No contesta) 
N° de días (de 1 a 30) 
OH_6) Durante los últimos 30 días. ¿Qué tipo de 
bebida alcohólica tomó con más frecuencia? 
(Mostrar Tarjeta 4)
1. Cerveza
2. Vino, champaña u otros espumantes
3. Licores, destilados o combinados (pisco, ron, 
whisky, vodka, aguardiente u otro)
4.
Otro
88. No sabe
99. No contesta
OH_7) Pensando en los últimos 30 días y tomando en 
cuenta todos los tipos de bebidas alcohólicas,
Si es hombre: ¿Cuántas veces tomó 5 o más 
tragos en una sola ocasión? (Mostrar tarjeta 5.1)
Si es mujer: ¿Cuántas veces tomó 4 o más tra-
gos en una sola ocasión? (Mostrar tarjeta 5.2)
Por “ocasión” nos referimos a un mismo momento, 
por ejemplo en un período de dos horas
(Anote 88 No sabe, 99 No contesta)
N° de veces: 
OH_8) Durante los últimos 30 días, ¿Cuál fue la máxi-
ma cantidad de tragos que llegó a consumir en 
una sola ocasión?
(Anote 88 No sabe, 99 No contesta)
(Mostrar Tarjeta 6)
Considerar como medida: una lata de cerveza, una 
copa de vino o champaña, un trago de licor o un 
combinado.
N° de tragos de alcohol: 
Tarjeta 5.2 Para Mujeres considere:
• 4 latas de cerveza o aproximadamente un poco 
más de 1 litro de cerveza (1.300 ml de cerveza 
aprox.)
• 4 copas de vino o aproximadamente o ¾ de una 
botella de vino (550 ml de vino aprox.) 
• 4 combinados suaves o un poco menos de 3 
combinados fuertes (160 ml de ron, pisco, vo-
dka u otro licor aprox.) 
Tarjeta 5.1 Para Hombres considere:
• 5 latas de cerveza o aproximadamente 1 litro y 
medio de cerveza
• 5 copas de vino o aproximadamente 1 botella 
de vino (700 ml de vino aprox.) 
• 5 combinados suaves o 3 combinados fuertes 
(200 ml de ron, pisco, vodka u otro licor aprox.)
OH_9) ¿Aproximadamente cuánto gastó Ud. en alco-
hol durante los últimos 30 días? 
(Anote 88 No sabe, 99 No contesta)
Pesos 
OBSERVACIONES"
__enpg/Cuestionario ENPG 2014.pdf.pdf,6,"ESTUDIO NACIONAL DE DROGAS EN POBLACIÓN GENERAL DE CHILE
-6-
Nunca
1 vez al 
mes o 
menos
2 a 4 
veces al 
mes
2 a 3 
veces a la 
semana
4 o más 
veces a la 
semana
OH_10) ¿Qué tan seguido toma usted alguna bebida 
alcohólica?
0 a 2 
tragos
3 a 4 
tragos
5 a 6 
tragos
7 a 9 
tragos
10 o más
tragos
OH_11) ¿Cuántos tragos suele tomar usted en un día típi-
co de consumo de alcohol? 
(Mostrar Tarjeta 6)
Utilice la escala de la Tarjeta 6 para estimar el número de tragos.
Nunca
Menos de 
una vez al 
mes
Mensual-
mente
Semanal-
mente
Todos o 
casi todos 
los días
OH_12) ¿Qué tan seguido toma usted 6 o más tragos en 
una sola ocasión?
OH_13) ¿Qué tan seguido, en el curso de los últimos 12 
meses, usted no pudo parar de beber una vez que había 
empezado?
OH_14) ¿Qué tan seguido, en el curso de los últimos 12 
meses, su consumo de alcohol alteró el desempeño de 
sus actividades normales?
OH_15) ¿Qué tan seguido, en el curso de los últimos 12 
meses, usted necesitó beber en la mañana para recupe-
rarse de haber bebido mucho el día anterior?
OH_16) ¿Qué tan seguido, en el curso de los últimos 12 
meses, usted tuvo remordimientos o sentimientos de 
culpa después de haber bebido?
OH_17) ¿Qué tan seguido, en el curso de los últimos 12 
meses, usted no fue capaz de recordar lo que sucedió la 
noche anterior porque había estado bebiendo?
No
Sí, pero no en 
el último año
Sí, en el último 
año
OH_18) ¿Usted o alguna otra persona ha resultado físicamente 
herido debido a que usted había bebido alcohol?
OH_19) ¿Algún familiar, amigo, médico u otro profesional de la 
salud ha mostrado preocupación por la forma en que usted consu-
me bebidas alcohólicas o le ha sugerido que deje de beber?
MARQUE CON UNA X
Tarjeta 6
 6 TRAGOS
Una botella de vino (750 cc.)
 8 TRAGOS
Una caja de vino (1 litro)
 18 TRAGOS
Una botella de licor (750 cc.)
 1 TRAGO 
Una botella o lata individual de cerveza (333 cc.)
Un vaso de vino (140 cc.)
Un trago de licor (40 cc.) (Pisco, ron vodka, whisky) 
solo o combinado
 1 TRAGO Y MEDIO
Medio litro de cerveza
 3 TRAGOS
Un litro de cerveza"
__enpg/Cuestionario_Senda2016.pdf,5,"ESTUDIO NACIONAL DE DROGAS EN POBLACIÓN GENERAL DE CHILE
-5-
OH_3) ¿Qué edad tenía cuando consumió por prime-
ra vez alcohol? (No considere cuando le dieron 
a probar de niño)
(Anote 88 No sabe, 99 No contesta) 
En años cumplidos
OH_4) ¿Cuándo fue la última vez que Ud. consumió 
alcohol?
No considere Fiestas Patrias
(Mostrar Tarjeta 2) 
1. Durante los últimos 30 días
2. Hace más de un mes, pero menos de un año
3. Hace más de un año
88. No sabe
99. No contesta
Alternativa 2 PASE A PREG. OH_14
Alternativas 3, 88 o 99 PASE A PREG. MAR_1 MÓDULO 
MARIHUANA
OH_5) Pensando solamente en los últimos 30 días, 
¿cuántos días del mes ha tomado algún tipo de 
alcohol?
No considere Fiestas Patrias
(Anote 88 No sabe, 99 No contesta) 
N° de días (de 1 a 30) 
OH_6) Durante los últimos 30 días, ¿qué tipo de bebi-
da alcohólica tomó con más frecuencia?
No considere Fiestas Patrias
(Mostrar Tarjeta 4)
1. Cerveza
2. Vino, champaña u otros espumantes
3. Licores, destilados o combinados (pisco, ron, 
whisky, vodka, aguardiente u otro)
4.
Otro
88. No sabe
99. No contesta
OH_7) Pensando en los últimos 30 días y tomando en 
cuenta todos los tipos de bebidas alcohólicas
No considere Fiestas Patrias
Si es hombre: ¿Cuántas veces tomó 5 o más 
tragos en una sola ocasión? (Mostrar tarjeta 5.1)
Si es mujer: ¿Cuántas veces tomó 4 o más tra-
gos en una sola ocasión? (Mostrar tarjeta 5.2)
Por “ocasión” nos referimos a un mismo momento, 
por ejemplo en un período de dos horas
(Anote 88 No sabe, 99 No contesta)
N° de veces: 
Para Hombres considere:
• 5 latas de cerveza o aproximadamente 1 
litro y medio de cerveza (1600 ml de cer-
veza aprox.)
• 5 copas de vino o aproximadamente 1 
botella de vino (700 ml de vino aprox.) 
• 5 combinados suaves o 3 combinados 
fuertes (200 ml de ron, pisco, vodka u otro 
licor aprox.)
Tarjeta 5.1
Para Mujeres considere:
• 4 latas de cerveza o aproximadamente un 
poco más de 1 litro de cerveza (1.300 ml 
de cerveza aprox.)
• 4 copas de vino o aproximadamente o ¾ 
de una botella de vino (550 ml de vino 
aprox.) 
• 4 combinados suaves o un poco menos 
de 3 combinados fuertes (160 ml de ron, 
pisco, vodka u otro licor aprox.) 
Tarjeta 5.2
OH_8) Durante los últimos 30 días, ¿cuál fue la máxi-
ma cantidad de tragos que llegó a consumir en 
una sola ocasión?
No considere Fiestas Patrias
(Anote 88 No sabe, 99 No contesta)
(Mostrar Tarjeta 6)
Considerar como medida: una lata de cerveza, una 
copa de vino o champaña, un trago de licor o un 
combinado.
N° de tragos de alcohol: 
Alternativa 88 o 99 PASE A PREG. OH_11"
__enpg/Cuestionario_Senda2016.pdf,6,"ESTUDIO NACIONAL DE DROGAS EN POBLACIÓN GENERAL DE CHILE
-6-
OH_9) Y pensando en esta misma ocasión cuando 
consumió ___ ___ tragos en una sola ocasión, 
¿con quién estaba cuando consumió? 
Respuesta Múltiple. MARQUE CON UNA X 
CUANDO CORRESPONDA hasta 3 alternativas
(Anote 88 No sabe, 99 No contesta)
1. Vecinos/vecinas
2. Amigos/amigas
3. Compañeros/as de trabajo
4. Compañeros/as de estudios
5. Familiares
6. Pareja, cónyuge, pololo/polola
7. Desconocidos
8. Solo
88. No sabe
99. No contesta
AHORA, QUISIERA QUE PENSÁRAMOS EN SU 
CONSUMO DURANTE LA ÚLTIMA SEMANA. 
CONTEMOS LA SEMANA DESDE EL DÍA DE AYER 
HASTA SIETE DÍAS ATRÁS 
(CALCULAR SEMANA 
DE REFERENCIA EJ. SI EL DÍA DE LA ENTREVIS-
TA ES LUNES, PENSAR LA SEMANA DESDE EL 
LUNES ANTERIOR HASTA EL DOMINGO)
OH_12) Durante la última semana, ¿Ud. consumió 
alcohol? 
1. Sí
2. No
88. No sabe
99. No contesta
OH_10) Y respecto a las personas con las que estaba 
en esta ocasión y sin considerar su consumo 
personal, en promedio, ¿aproximadamente 
cuántos tragos de alcohol consumieron ellos? 
(Anote 88 No sabe, 99 No contesta)
(Mostrar Tarjeta 6) 
CONSIDERAR COMO MEDIDA: UNA LATA DE 
CERVEZA, UNA COPA DE VINO O CHAMPAÑA, 
UN TRAGO DE LICOR O UN COMBINADO.
N° de tragos de alcohol: 
OH_11) ¿Aproximadamente cuánto gastó Ud. en alco-
hol durante los últimos 30 días?
No considere Fiestas Patrias
(Anote 88 No sabe, 99 No contesta)
Pesos 
OH_13) ¿Cuántos tragos de alcohol consumió cada 
día? (Mostrar Tarjeta 6) 
CONSIDERAR COMO MEDIDA: UNA LATA DE 
CERVEZA, UNA COPA DE VINO O CHAMPAÑA, 
UN TRAGO DE LICOR O UN COMBINADO. 
Anotar número en la casilla con letra clara. El 
día 7 corresponde al día de ayer.
(Anote 88 No sabe, 99 No contesta)
Día 1 tragos 
 Día 2 tragos 
 Día 3 tragos 
 Día 4 tragos 
 Día 5 tragos 
 Día 6 tragos 
 Día 7 tragos 
Alternativas 8, 88 o 99 PASE A PREG. OH_11
Alternativas 2, 88 o 99 PASE A PREG. OH_14"
__enpg/Cuestionario_Senda2016.pdf,7,"ESTUDIO NACIONAL DE DROGAS EN POBLACIÓN GENERAL DE CHILE
-7-
(Marque con una X)
Nunca
1 vez al 
mes o 
menos
2 a 4 
veces al 
mes
2 a 3 
veces a la 
semana
4 o más 
veces a la 
semana
OH_14) ¿Qué tan seguido toma usted alguna bebida 
alcohólica?
0 a 2 
tragos
3 a 4
tragos
5 a 6
tragos
7 a 9
tragos
10 o más 
tragos
OH_15) ¿Cuántos tragos suele tomar usted en un día típi-
co de consumo de alcohol?
(Mostrar Tarjeta 6)
UTILICE LA ESCALA DE LA TARJETA 6 PARA ESTIMAR EL 
NÚMERO DE TRAGOS. 
No
Sí, pero no en 
el último año
Sí, en el último 
año
OH_22) ¿Usted o alguna otra persona ha resultado físicamente 
herido debido a que usted había bebido alcohol?
OH_23) ¿Algún familiar, amigo, médico u otro profesional de la 
salud ha mostrado preocupación por la forma en que usted consu-
me bebidas alcohólicas o le ha sugerido que deje de beber?
(Marque con una X)
Nunca
Menos de 
una vez al 
mes
Mensual-
mente
Semanal-
mente
Todos o 
casi todos 
los días
OH_16) ¿Qué tan seguido toma usted 6 o más tragos en 
una sola ocasión?
OH_17) ¿Qué tan seguido, en el curso de los últimos 12 
meses, usted no pudo parar de beber una vez que había 
empezado?
OH_18) ¿Qué tan seguido, en el curso de los últimos 12 
meses, su consumo de alcohol alteró el desempeño de 
sus actividades normales?
OH_19) ¿Qué tan seguido, en el curso de los últimos 12 
meses, usted necesitó beber en la mañana para recupe-
rarse de haber bebido mucho el día anterior?
OH_20) ¿Qué tan seguido, en el curso de los últimos 12 
meses, usted tuvo remordimientos o sentimientos de 
culpa después de haber bebido?
OH_21) ¿Qué tan seguido, en el curso de los últimos 12 
meses, usted no fue capaz de recordar lo que sucedió la 
noche anterior porque había estado bebiendo?
Tarjeta 6
 6 TRAGOS
Una botella de vino (750 cc.)
 8 TRAGOS
Una caja de vino (1 litro)
 18 TRAGOS
Una botella de licor (750 cc.)
 1 TRAGO 
Una botella o lata individual de cerveza (333 cc.)
Un vaso de vino (140 cc.)
Un trago de licor (40 cc.) (Pisco, ron vodka, whisky) 
solo o combinado
 1 TRAGO Y MEDIO
Medio litro de cerveza
 3 TRAGOS
Un litro de cerveza"
__enpg/ENPEG-2018.pdf,312,"310
Décimo Tercer Estudio Nacional de Drogas en Población General de Chile
ESTUDIO NACIONAL DE DROGAS EN POBLACIÓN GENERAL DE CHILE
4
SA_1) Ahora le voy a hacer algunas preguntas acerca del alcohol y otras drogas. Ud. puede contestar estas 
preguntas por sí mismo (sin necesidad de que yo se las lea) o si preﬁere puedo leérselas en voz alta. ¿Qué 
preﬁere Ud.?
1. El entrevistado pre ﬁere contestar en voz alta las preguntas al encuestador 
2. El entrevistado pre ﬁere completar el cuestionario por sí mismo
SECUENCIA AUTOAPLICADA DE ALCOHOL Y OTRAS DROGAS
OH_1) ¿Ha tomado Ud. alcohol (cerveza/malta, chicha, 
vino/champaña, o licores fuertes) alguna vez en su vida?
1. Sí
2. No
88. No sabe
99. No contesta
Alternativas 2, 88 o 99 
PASE A PREG. MAR_1 - MÓDULO MARIHUANA
OH_2) ¿Cuándo fue la primera vez que Ud. consumió 
alcohol en su vida?  
(Mostrar Tarjeta 2)
1. Durante los ú ltimos 30 días
2. Hace más de un mes, pero menos de un año
3. Hace más de un año
88. No sabe
99. No contesta
OH_3) ¿Qué edad tenía cuando consumió por primera 
vez alcohol?  (No considere cuando le dieron a probar 
de niño) 
(Anote 88 No sabe, 99 No contesta)
En años cumplidos
OH_4) ¿Cuándo fue la última vez que Ud. consumió 
alcohol? 
No considere Fiestas Patrias 
(Mostrar Tarjeta 2)
1. Durante los ú ltimos 30 días
2. Hace más de un mes, pero menos de un año
Alternativa 2 PASE A PREG. OH_12
3. Hace más de un año
88. No sabe
99. No contesta
Alternativas 3, 88 o 99 PASE A PREG. MAR_1 -MÓDULO 
MARIHUANA
OH_5) Pensando solamente en los últimos 30 días, 
¿cuántos días del mes ha tomado algún tipo de alcohol?
No considere Fiestas Patrias 
(Anote 88 No sabe, 99 No contesta)
N° de días (de 1 a 30) 
OH_6) Durante los últimos 30 días, ¿qué tipo de bebida 
alcohólica tomó con más frecuencia? 
No considere Fiestas Patrias 
(Mostrar Tarjeta 4)
1. Cerveza
2. Vino, champaña u otros es pumantes
3. Licores, des tilados o combinados (pisco, ron, 
whisky, vodka, aguardiente u otro)
4. Otro
88. No sabe
99. No contesta
OH_7) Pensando en los últimos 30 días y tomando en 
cuenta todos los tipos de bebidas alcohólicas:
No considere Fiestas Patrias 
Si es hombre: ¿Cuántas veces tomó 5 o más tragos en 
una sola ocasión? (Mostrar tarjeta 5.1)
Si es mujer: ¿Cuántas veces tomó 4 o más tragos en una 
sola ocasión? (Mostrar tarjeta 5.2)
Por “ocasión” nos referimos a un mismo momento, por 
ejemplo, en un período de dos horas
(Anote 88 No sabe, 99 No contesta)
N° de veces:
MÓDULO ALCOHOL
Tarjeta 5.1
Para Hombres considere:
• 5 latas de cerveza o aproximadamente o 1 litro
y medio de cerveza (1.600 ml de cerveza aprox.)
• 5 copas de vino o aproximadamente 1 botella
de vino (700 ml de vino aprox.)
• 5 combinados suaves o 3 combinados fuertes
(200 ml de ron, pisco, vodka u otro licor aprox.)
Tarjeta 5.2
Para Mujeres considere:
• 4 latas de cerveza o aproximadamente o un
poco más de 1 litro de cerveza (1.300 ml de
cerveza aprox.)
• 4 copas de vino o aproximadamente o ¾ de una
botella de vino (550 ml de vino aprox.)
• 4 combinados suaves o un poco menos de 3
combinados fuertes (160 ml de ron, pisco, vodka
u otro licor aprox.)"
__enpg/ENPEG-2018.pdf,313,"ANEXO III Cuestionario Aplicado
311
ESTUDIO NACIONAL DE DROGAS EN POBLACIÓN GENERAL DE CHILE
5
OH_8) Durante los últimos 30 días, ¿cuál fue la máxima 
cantidad de tragos que llegó a consumir en una sola 
ocasión? 
No considere Fiestas Patrias 
(Anote 88 No sabe, 99 No contesta)
(Mostrar Tarjeta 6)
Considerar como medida: una lata de cerveza, una copa 
de vino o champaña, un trago de licor o un combinado.
N° de tragos de alcohol:
OH_9) ¿Aproximadamente cuánto gastó Ud. en alcohol 
durante los últimos 30 días?
No considere Fiestas Patrias 
(Anote 88 No sabe, 99 No contesta)
Pesos 
AHORA, QUISIERA QUE PENSÁRAMOS EN SU CONSUMO
DURANTE LA ÚLTIMA SEMANA. CONTEMOS LA
SEMANA DESDE EL DÍA DE AYER HASTA SIETE DÍAS
ATRÁS (CALCULAR SEMANA DE REFERENCIA EJ. SI EL DÍA
DE LA ENTREVISTA ES LUNES, PENSAR LA SEMANA
DESDE EL LUNES ANTERIOR HASTA EL DOMINGO)
OH_10) Durante la última semana, ¿Ud. consumió 
alcohol? 
1. Sí
2. No
88. No sabe
99. No contesta
Alternativas 2, 88 o 99 PASE A PREG. OH_12
OH_11) ¿Cuántos tragos de alcohol consumió cada día? 
(Mostrar Tarjeta 6)
No considere Fiestas Patrias 
Considerar como medida: una lata de cerveza, una copa 
de vino o champaña, un trago de licor o un combinado.
Anotar número en la casilla con letra clara. El día 7 
corresponde al día de ayer.
(Anote 88 No sabe, 99 No contesta)
Día 1 ______ tragos 
Día 2 ______ tragos
Día 3 ______ tragos
Día 4 ______ tragos
Día 5 ______ tragos
Día 6 ______ tragos
Día 7 ______ tragos
(Marque con una X)
Nunca
1 vez al 
mes o 
menos
2 a 4 
veces al 
mes
2 a 3 veces 
a la semana
4 o más 
veces a la 
semana
OH_12) ¿Qué tan seguido toma usted alguna bebida 
alcohólica?
0 a 2 
tragos
3 a 4
tragos
5 a 6
tragos
7 a 9
tragos
10 o más 
tragos
OH_13) ¿Cuántos tragos suele tomar usted en un día típico
de consumo de alcohol?
(Mostrar Tarjeta 6)
Utilice la escala de la Tarjeta 6 para es timar el número de
tragos.
Tarjeta 6  
1 TRAGO
Una botella o lata individual de cerveza (333 cc) 
Un vaso de vino (140 cc)
Un trago de licor (40 cc) (pisco, ron vodka, 
whisky) solo o combinado
1 TRAGO Y MEDIO
Medio litro de cerveza
3 TRAGOS
Un litro de cerveza
6 TRAGOS
Una botella de vino (750 cc)
8 TRAGOS
Una caja de vino (1 litro)
18 TRAGOS
Una botella de licor (750 cc)"
__enpg/ENPEG-2018.pdf,314,"312
Décimo Tercer Estudio Nacional de Drogas en Población General de Chile
ESTUDIO NACIONAL DE DROGAS EN POBLACIÓN GENERAL DE CHILE
6
No Sí, pero no en 
el último año
Sí, en el último 
año
OH_20) ¿Usted o alguna otra persona ha resultado 
físicamente herida debido a que usted había bebido 
alcohol?
OH_21) ¿Algún familiar, amigo, médico u otro profesional
de la salud ha mostrado preocupación por la forma en que
usted consume bebidas alcohólicas o le ha sugerido que
deje de beber?
OH_22) Pensando en los últimos 30 días, ¿ha comprado 
alcohol en alguno de los siguientes lugares?
No considere Fiestas Patrias 
(Mostrar Tarjeta 7)
Respuesta Múltiple. MARQUE CON UNA X CUANDO 
CORRESPONDA.
1. Bares, pubs o discotecas
2. Restaurantes
3. Botillerías/licorerías
4. Supermercados 
5. Servicentros
6. Otros, especiﬁque ___________
7. Ninguno de los anteriores
OH_23) Durante los últimos 30 días, ¿ha comprado 
alcohol en alguno de los siguientes lugares?
No considere Fiestas Patrias 
(Mostrar Tarjeta 8)
Respuesta Múltiple. MARQUE CON UNA X CUANDO 
CORRESPONDA.
1. Ferias libres o mercados
2. Fiestas par ticulares
3. Locales “clandes tinos”
4. A la entrada de conciertos, estadios, eventos
5. Productores artesanales
6. Otros, especiﬁque _________
7. Ninguno de los anteriores
Nunca
Menos de 
una vez al 
mes
Mensual-
mente
Semanal-
mente
Todos o 
casi todos 
los días
OH_14) ¿Qué tan seguido toma usted 6 o más tragos en una
sola ocasión? (Mostrar Tarjeta 6)
OH_15) ¿Qué tan seguido, en el curso de los ú ltimos 12
meses, usted no pudo parar de beber una vez que había
empezado?
OH_16) ¿Qué tan seguido, en el curso de los ú ltimos 12
meses, su consumo de alcohol alteró el desempeño de sus
actividades normales?
OH_17) ¿Qué tan seguido, en el curso de los ú ltimos 12
meses, usted necesitó beber en la mañana para recuperarse
de haber bebido mucho el día anterior?
OH_18) ¿Qué tan seguido, en el curso de los ú ltimos 12
meses, usted tuvo r emordimientos o sen timientos de culpa
después de haber bebido?
OH_19) ¿Qué tan seguido, en el curso de los ú ltimos 12
meses, usted no fue capaz de recordar lo que sucedió la
noche anterior porque había estado bebiendo?"
__enpg/ENPG-2020-WEB.pdf,337,"335
ANEXO III Cuestionario Aplicado
MÓDULO ALCOHOL
OH_1) ¿Ha tomado Ud. alcohol alguna vez en su vida? (Respuesta espontánea) 
(Encuestador: cerveza/malta, chicha, vino/champaña, o licores fuertes) 
 1 Sí
 2 No
 88 No sabe
 99 No contesta
Alternativas 2, 88 o 99 PASE A PREG. MAR_1-MÓDULO MARIHUANA
OH_2) ¿Cuándo fue la primera vez que Ud. consumió alcohol en su vida? (Respuesta espontánea) 
 1 Durante los últimos 30 días
 2 Hace más de un mes, pero menos de un año
 3 Hace más de un año
 88 No sabe
 99 No contesta
OH_3) ¿Qué edad tenía cuando consumió por primera vez alcohol?  (No considere cuando le dieron a probar de niño)
(Encuestador: Anote 88 No sabe, 99 No contesta)
En años cumplidos
RANGO: 5 A EDAD_KISH
OH_4) ¿Cuándo fue la última vez que Ud. consumió alcohol? (Respuesta espontánea)
SI LA FECHA ES ≥ A 01/01/2021 Y ≤ 31/01/2021, no considere celebraciones de Año Nuevo 
 1 Durante los últimos 30 días
 2 Hace más de un mes, pero menos de un año
Alternativa 2 PASE A PREG. OH_8
 3 Hace más de un año
 88 No sabe
 99 No contesta
Alternativas 3, 88 o 99 PASE A PREG. MAR_1-MÓDULO MARIHUANA"
__enpg/ENPG-2020-WEB.pdf,338,"Décimo Cuarto Estudio Nacional de Drogas en Población General
336
OH_5) Pensando solamente en los últimos 30 días, ¿cuántos días del mes ha tomado algún tipo de alcohol?
SI LA FECHA ES ≥ A 01/01/2021 Y ≤ 31/01/2021, no considere celebraciones de Año Nuevo 
(Encuestador: Anote 88 No sabe, 99 No contesta)
N° de días (de 1 a 30) 
OH_6) Durante los últimos 30 días, ¿qué tipo de bebida alcohólica tomó con más frecuencia?  
(Respuesta espontánea, única) 
SI LA FECHA ES ≥ A 01/01/2021 Y ≤ 31/01/2021, no considere celebraciones de Año Nuevo
 1 Cerveza
 2 Vino, champaña u otros espumantes
 3 Licores, destilados o combinados (Encuestador: pisco, ron, whisky, vodka, aguardiente u otro)
 4 Otro
 88 No sabe 
 99 No contesta 
OH_7) Pensando en los últimos 30 días:
SI LA FECHA ES ≥ A 01/01/2021 Y ≤ 31/01/2021, no considere celebraciones de Año Nuevo 
SI {SEXO_ENCUESTADO} = 1. Hombre: ¿Cuántas veces tomó 5 o más tragos en una sola ocasión? Entendiendo que 5 tragos son:
l 5 latas de cerveza (Encuestador: 1.600 ml de cerveza aprox.)
l 5 copas de vino (Encuestador: 700 ml de vino aprox.) 
l 5 combinados suaves o 3 combinados fuertes (Encuestador: 200 ml de ron, pisco, vodka u otro licor aprox.)
SI {SEXO_ENCUESTADO} = 2. Mujer: ¿Cuántas veces tomó 4 o más tragos en una sola ocasión? Entendiendo que 4 tragos son:
l 4 latas de cerveza (Encuestador: 1.600 ml de cerveza aprox.)
l 4 copas de vino (Encuestador: 700 ml de vino aprox.) 
l 4 combinados suaves o un poco menos de 3 combinados fuertes (Encuestador: 200 ml de ron, pisco, vodka u otro licor aprox.)
(Encuestador: Por “ocasión” nos referimos a un mismo momento, por ejemplo, en un período de dos horas) (Encuestador: Anote 88 
No sabe, 99 No contesta)
RANGO: 0 A 99 
N° de veces: 
OH_8) ¿Qué tan seguido toma usted alguna bebida alcohólica? (Respuesta espontánea)
Nunca 1 vez al mes 
o menos
2 a 4 veces al 
mes
2 a 3 veces a 
la semana
4 o más veces 
a la semana
0 1 2 3 4"
__enpg/ENPG-2020-WEB.pdf,339,"337
ANEXO III Cuestionario Aplicado
OH_9) ¿Cuántos tragos suele tomar usted en un día típico de consumo de alcohol? (Respuesta espontánea)
(Encuestador: Leer)
POR UN TRAGO SE ENTENDERÁ
Una botella o lata individual de cerveza (Encuestador: 333 cc)
Un vaso de vino (Encuestador: 140 cc)
Un trago de licor solo o combinado (Encuestador: 40 cc, pisco, ron vodka, whisky) 
POR 6 TRAGOS SE ENTENDERÁ
Una botella de vino (Encuestador: 750 cc)
POR 18 TRAGOS SE ENTENDERÁ
Una botella de licor (Encuestador: 750 cc)
0 a 2 tragos 3 a 4 tragos 5 a 6 tragos 7 a 9 tragos 10 o más 
tragos
0 1 2 3 4
OH_10) ¿Qué tan seguido toma usted 6 o más tragos en una sola ocasión?
(Encuestador: Leer escala)
Nunca Menos de una vez 
al mes Mensualmente Semanalmente Todos o casi todos 
los días
0 1 2 3 4
OH_11) Y con la misma escala, ¿qué tan seguido, en el curso de los últimos 12 meses, usted no pudo parar de beber una 
vez que había empezado?
Nunca Menos de una vez 
al mes Mensualmente Semanalmente Todos o casi todos 
los días
0 1 2 3 4
OH_12) ¿Qué tan seguido, en el curso de los últimos 12 meses, su consumo de alcohol alteró el desempeño de sus acti-
vidades normales?
Nunca Menos de una vez 
al mes Mensualmente Semanalmente Todos o casi todos 
los días
0 1 2 3 4
OH_13) ¿Qué tan seguido, en el curso de los últimos 12 meses, usted necesitó beber en la mañana para recuperarse de 
haber bebido mucho el día anterior?
Nunca Menos de una vez 
al mes Mensualmente Semanalmente Todos o casi todos 
los días
0 1 2 3 4"
__enpg/Cuestionario ENPG_2022.pdf,4,"MÓDULO ALCOHOL 
 
OH_1) ¿Ha tomado Ud. alcohol  alguna vez en su vida? (ENCUESTADOR: cerveza / malta, 
chicha, vino/ champaña, o licores fuertes) (Respuesta Espontánea) 
1.[   ] Sí 
2.[   ] No 
88.[   ] No sabe 
99.[   ] No contesta 
 
Alternativas 2, 88 o 99  
PASE A PREG. MAR_1 -MÓDULO MARIHUANA 
 
 
 
 
OH_2) ¿Cuándo fue la primera vez  que Ud. consumió alcohol en su vida?  (Respuesta 
Espontánea)  
1.[   ] Durante los últimos 30 días 
2.[   ] Hace más de un mes, pero menos de un año 
3.[   ] Hace más de un año 
88.[   ] No sabe 
99.[   ] No contesta 
 
 
 
OH_3) ¿Qué edad tenía cuando consumió por primera vez alcohol?  (No considere cuando le 
dieron a probar de niño)  
(Encuestador: Anote 88 No sabe, 99 No contesta) 
En años cumplidos 
RANGO: 5 A EDAD_KISH 
 
 
_____ ______ 
 
 
OH_4) ¿Cuándo fue la última vez que Ud. consumió alcohol?  
SI FECHA ES >= A 01/01/2023 Y <= 31/01/2023, MOSTRAR: No considere Celebraciones de Año nuevo  
(Respuesta espontánea) 
 
1.[   ] Durante los últimos 30 días 
2.[   ] Hace más de un mes, pero menos de un año 
Alternativa 2 PASE A PREG. OH_8 
3.[   ] Hace más de un año 
88.[   ] No sabe 
99.[   ] No contesta 
Alternativas 3, 88 o 99 PASE A PREG. MAR_1 -MÓDULO MARIHUANA 
 
 
OH_5) Pensando solamente en los últimos 30 días, ¿cuántos días del mes ha tomado 
algún tipo de alcohol? 
SI FECHA ES >= A 01/01/2023 Y <= 31/01/2023, MOSTRAR: No considere Celebraciones de Año nuevo  
(Encuestador: Anote 88 No sabe, 99 No contesta) 
N° de días (de 1 a 30)  
_____ ______ 
 
 
OH_6) Durante los últimos 30 días, ¿qué tipo de bebida alcohólica tomó con más frecuencia? 
(Respuesta espontánea, única)  
SI FECHA ES >= A 01/01/2023 Y <= 31/01/2023, MOSTRAR: No considere Celebraciones de Año nuevo  
1.[   ] Cerveza 
2.[   ] Vino, champaña u otros espumantes "
__enpg/Cuestionario ENPG_2022.pdf,5,"3.[   ] Licores, destilados  o combinados (ENCUESTADOR: pisco, ron, whisky, vodka, 
aguardiente u otro) 
4.[   ] Otro 
88.[   ] No sabe  
99.[   ] No contesta  
 
 
OH_7) Pensando en los últimos 30 días: 
SI FECHA ES >= A 01/01/2023 Y <= 31/01/2023, MOSTRAR: No considere Celebraciones de Año nuevo  
SI {SEXO_ENCUESTADO} = 1. Hombre : ¿Cuántas veces tomó 5 o más tragos en una sola 
ocasión? entendiendo que 5 tragos son: 
• 5 latas de cerveza (ENCUESTADOR: 1.600 ml de cerveza aprox.) 
• 5 copas de vino (ENCUESTADOR: 700 ml de vino aprox.)  
• 5 combinados suaves o 3 combinados fuertes (ENCUESTADOR: 200 ml de ron, pisco, 
vodka u otro licor aprox.)  
 
SI {SEXO_ENCUESTADO} = 2. Mujer : ¿Cuántas veces tomó 4 o más tragos en una sola 
ocasión? entendiendo que 4 tragos son: 
• 4 latas de cerveza (ENCUESTADOR: 1.600 ml de cerveza aprox.) 
• 4 copas de vino (ENCUESTADOR: 700 ml de vino aprox.)  
• 4 combinados suaves o un poco menos de 3 combinados fuertes (ENCUESTADOR: 200 ml 
de ron, pisco, vodka u otro licor aprox.) 
 
(ENCUESTADOR: Por “ocasión” nos referimos a un mismo momento, por ejemplo, en un 
período de dos horas) (ENCUESTADOR: Anote 88 No sabe, 99 No contesta) 
RANGO: 0 A 99 
 
N° de veces: ____ ____ 
 
 
OH_8) ¿Qué tan seguido toma usted alguna bebida alcohólica? (Respuesta espontánea) 
 
 
 
OH_9) ¿Cuántos tragos suele tomar usted en un día típico de consumo de alcohol? 
 (Respuesta espontánea) 
ENCUESTADOR Leer: 
POR UN TRAGO SE ENTENDERÁ 
Una botella o lata individual de cerveza (ENCUESTADOR: 333 cc.) 
Un vaso de vino (ENCUESTADOR: 140 cc.) 
Un trago de licor solo o combinado (ENCUESTADOR: 40 cc., pisco, ron vodka, whisky)  
POR 6 TRAGOS SE ENTENDERÁ 
Una botella de vino (ENCUESTADOR: 750 cc.) 
POR 18 TRAGOS SE ENTENDERÁ 
Una botella de licor (ENCUESTADOR: 750 cc.) 
 
 
 
 
OH_10) ¿Qué tan seguido toma usted 6 o más tragos en una sola ocasión? (TARJETA 1) 
 
Nunca 1 vez al mes o menos 2 a 4 veces al mes 2 a 3 veces a la 
semana 
4 o más veces a la 
semana 
0 1 2 3 4 
0 a 2 tragos 3 a 4 
Tragos 
5 a 6 
tragos 
7 a 9 
tragos 10 o más tragos 
0 1 2 3 4 "
__enpg/Cuestionario ENPG_2022.pdf,6,"OH_11) Y con la misma escala… ¿Qué tan seguido, en el curso de los últimos 12 meses, usted no  
pudo parar de beber una vez que había empezado? (TARJETA 1) 
 
OH_12) ¿Qué tan seguido, en el curso de los últimos 12 meses, su consumo de alcohol alteró el 
desempeño de sus actividades normales? (TARJETA 1) 
 
 
OH_13) ¿Qué tan seguido, en el curso de los últimos 12 meses, usted necesitó beber en la 
mañana para recuperarse de haber bebido mucho el día anterior? (TARJETA 1) 
 
 
OH_14) ¿Qué tan seguido, en el curso de los últimos 12 meses, usted tuvo remordimientos o 
sentimientos de culpa después de haber bebido? (TARJETA 1) 
 
 
OH_15) ¿Qué tan seguido, en el curso de los últimos 12 meses, usted no fue capaz de recordar 
lo que sucedió la noche anterior porque había estado bebiendo? (TARJETA 1) 
 
 
 
OH_16) ¿Usted o alguna otra persona ha resultado físicamente herido debido a que usted había 
bebido alcohol? (ENCUESTADOR: SI RESPONDE SÍ, SONDEAR) (Respuesta espontánea) 
 
 
OH_17) ¿Algún familiar, amigo, médico u otro profesional de la salud ha mostrado preocupación 
por la forma en que usted consume bebidas alcohólicas o le ha sugerido que deje de beber?  
(ENCUESTADOR: SI RESPONDE SÍ, SONDEAR) (Respuesta espontánea) 
 
 
 
OH_18) Pensando en los últimos 30 días, ¿ha comprado alcohol en alguno de los siguientes 
lugares? 
SI FECHA ES >= A 01/01/2023 Y <= 31/01/2023, MOSTRAR: No considere Celebraciones de Año nuevo  
(ENCUESTADOR: LEER ALTERNATIVAS) (Respuesta Múltiple) 
 
 
Nunca Menos de una vez al mes Mensualmente Semanalmente Todos o casi todos los días 
0 1 2 3 4 
Nunca Menos de una vez al mes Mensualmente Semanalmente Todos o casi todos los días 
0 1 2 3 4 
Nunca Menos de una vez al mes Mensualmente Semanalmente Todos o casi todos los días 
0 1 2 3 4 
Nunca Menos de una vez al mes Mensualmente Semanalmente Todos o casi todos los días 
0 1 2 3 4 
Nunca Menos de una vez al mes Mensualmente Semanalmente Todos o casi todos los días 
0 1 2 3 4 
Nunca Menos de una vez al mes Mensualmente Semanalmente Todos o casi todos los días 
0 1 2 3 4 
No Sí, pero no en el último año Sí, en el último año 
0 2 4 
No Sí, pero no en el último año Sí, en el último año 
0 2 4 "
__enpg/cuestionario 2024.pdf,4,"88.[   ] No sabe 
99.[   ] No contesta 
 
 
CE_8) ¿Usted ha intentado consumir otras drogas o sustancias incorporándolas en el 
dispositivo de cigarrillo electrónico? 
 
1.[   ] Si, especifique ______________ 
2.[   ] No 
88.[   ] No sabe 
99.[   ] No contesta 
 
 
MÓDULO ALCOHOL 
 
OH_1) ¿Ha tomado Ud. alcohol alguna vez en su vida? (ENCUESTADOR: cerveza / malta, 
chicha, vino/ champaña, o licores fuertes) (Respuesta Espontánea) 
1.[   ] Sí 
2.[   ] No 
88.[   ] No sabe 
99.[   ] No contesta 
 
Alternativas 2, 88 o 99  
PASE A PREG. MAR_1 -MÓDULO MARIHUANA 
 
 
OH_2) ¿Cuándo fue la primera vez  que Ud. consumió alcohol en su vida?  (Respuesta 
Espontánea)  
1.[   ] Durante los últimos 30 días 
2.[   ] Hace más de un mes, pero menos de un año 
3.[   ] Hace más de un año 
88.[   ] No sabe 
99.[   ] No contesta 
 
 
 
OH_3) ¿Qué edad tenía cuando consumió por primera vez alcohol?  (No considere cuando le 
dieron a probar de niño)  
(Encuestador: Anote 88 No sabe, 99 No contesta) 
En años cumplidos 
RANGO: 5 A EDAD_KISH 
 
 
_____ ______ 
 
 
OH_4) ¿Cuándo fue la última vez que Ud. consumió alcohol?  
SI FECHA ES >= A 17/09/2024 Y <= 21/10/2024, MOSTRAR: No considere Celebraciones de Fiestas Patrias  
SI FECHA ES >= A 01/01/2025 Y <= 31/01/2025, MOSTRAR: No considere Celebraciones de Año nuevo  
(Respuesta espontánea) 
 
1.[   ] Durante los últimos 30 días 
2.[   ] Hace más de un mes, pero menos de un año 
Alternativa 2 PASE A PREG. OH_8 
3.[   ] Hace más de un año 
88.[   ] No sabe 
99.[   ] No contesta 
Alternativas 3, 88 o 99 PASE A PREG. MAR_1 -MÓDULO MARIHUANA 
 
 "
__enpg/cuestionario 2024.pdf,5,"OH_5) Pensando solamente en los últimos 30 días, ¿cuántos días del mes ha tomado 
algún tipo de alcohol? 
SI FECHA ES >= A 17/09/2024 Y <= 21/10/2024, MOSTRAR: No considere Celebraciones de Fiestas Patrias  
SI FECHA ES >= A 01/01/2025 Y <= 31/01/2025, MOSTRAR: No considere Celebraciones de Año nuevo  
(Encuestador: Anote 88 No sabe, 99 No contesta) 
N° de días (de 1 a 30)  
_____ ______ 
 
 
OH_6) Durante los últimos 30 días, ¿qué tipo de bebida alcohólica tomó con más frecuencia? 
(Respuesta espontánea, única)  
SI FECHA ES >= A 17/09/2024 Y <= 21/10/2024, MOSTRAR: No considere Celebraciones de Fiestas Patrias  
SI FECHA ES >= A 01/01/2025 Y <= 31/01/2025, MOSTRAR: No considere Celebraciones de Año nuevo  
1.[   ] Cerveza 
2.[   ] Vino, champaña u otros espumantes 
3.[   ] Licores, destilados  o combinados (ENCUESTADOR: pisco, ron, whisky, vodka, 
aguardiente u otro) 
4.[   ] Otro 
88.[   ] No sabe  
99.[   ] No contesta  
 
 
OH_7) Pensando en los últimos 30 días: 
SI FECHA ES >= A 17/09/2024 Y <= 21/10/2024, MOSTRAR: No considere Celebraciones de Fiestas Patrias  
SI FECHA ES >= A 01/01/2025 Y <= 31/01/2025, MOSTRAR: No considere Celebraciones de Año nuevo  
SI {SEXO_ENCUESTADO} = 1. Hombre : ¿Cuántas veces tomó 5 o más tragos en una sola 
ocasión? entendiendo que 5 tragos son: 
• 5 latas de cerveza (ENCUESTADOR: 1.600 ml de cerveza aprox.) 
• 5 copas de vino (ENCUESTADOR: 700 ml de vino aprox.)  
• 5 combinados suaves o 3 combinados fuertes (ENCUESTADOR: 200 ml de ron, pisco, 
vodka u otro licor aprox.)  
 
SI {SEXO_ENCUESTADO} = 2. Mujer : ¿Cuántas veces tomó 4 o más tragos en una sola 
ocasión? entendiendo que 4 tragos son: 
• 4 latas de cerveza (ENCUESTADOR: 1.600 ml de cerveza aprox.) 
• 4 copas de vino (ENCUESTADOR: 700 ml de vino aprox.)  
• 4 combinados suaves o un poco menos de 3 combinados fuertes (ENCUESTADOR: 200 ml 
de ron, pisco, vodka u otro licor aprox.) 
 
(ENCUESTADOR: Por “ocasión” nos referimos a un mismo momento, por ejemplo, en un 
período de dos horas) (ENCUESTADOR: Anote 88 No sabe, 99 No contesta) 
RANGO: 0 A 99 
 
N° de veces: ____ ____ 
 
 
OH_8) ¿Qué tan seguido toma usted alguna bebida alcohólica? (Respuesta espontánea) 
 
 
 
OH_9) ¿Cuántos tragos suele tomar usted en un día típico de consumo de alcohol? 
 (Respuesta espontánea) 
ENCUESTADOR Leer: 
POR UN TRAGO SE ENTENDERÁ 
Una botella o lata individual de cerveza (ENCUESTADOR: 333 cc.) 
Un vaso de vino (ENCUESTADOR: 140 cc.) 
Un trago de licor solo o combinado (ENCUESTADOR: 40 cc., pisco, ron vodka, whisky)  
Nunca 1 vez al mes o menos 2 a 4 veces al mes 2 a 3 veces a la 
semana 
4 o más veces a la 
semana 
0 1 2 3 4 "
__enpg/cuestionario 2024.pdf,6,"POR 6 TRAGOS SE ENTENDERÁ 
Una botella de vino (ENCUESTADOR: 750 cc.) 
POR 18 TRAGOS SE ENTENDERÁ 
Una botella de licor (ENCUESTADOR: 750 cc.) 
 
 
 
 
OH_10) ¿Qué tan seguido toma usted 6 o más tragos en una sola ocasión? (TARJETA 1) 
 
OH_11) Y con la misma escala… ¿Qué tan seguido, en el curso de los últimos 12 meses, usted no  
pudo parar de beber una vez que había empezado? (TARJETA 1) 
 
OH_12) ¿Qué tan seguido, en el curso de los últimos 12 meses, su consumo de alcohol alteró el 
desempeño de sus actividades normales? (TARJETA 1) 
 
 
OH_13) ¿Qué tan seguido, en el curso de los últimos 12 meses, usted necesitó beber en la 
mañana para recuperarse de haber bebido mucho el día anterior? (TARJETA 1) 
 
 
OH_14) ¿Qué tan seguido, en el curso de los últimos 12 meses, usted tuvo remordimientos o 
sentimientos de culpa después de haber bebido? (TARJETA 1) 
 
 
OH_15) ¿Qué tan seguido, en el curso de los últimos 12 meses, usted no fue capaz de recordar 
lo que sucedió la noche anterior porque había estado bebiendo? (TARJETA 1) 
 
 
 
OH_16) ¿Usted o alguna otra persona ha resultado físicamente herido debido a que usted había 
bebido alcohol? (ENCUESTADOR: SI RESPONDE SÍ, SONDEAR) (Respuesta espontánea) 
 
0 a 2 tragos 3 a 4 
Tragos 
5 a 6 
tragos 
7 a 9 
tragos 10 o más tragos 
0 1 2 3 4 
Nunca Menos de una vez al mes Mensualmente Semanalmente Todos o casi todos los días 
0 1 2 3 4 
Nunca Menos de una vez al mes Mensualmente Semanalmente Todos o casi todos los días 
0 1 2 3 4 
Nunca Menos de una vez al mes Mensualmente Semanalmente Todos o casi todos los días 
0 1 2 3 4 
Nunca Menos de una vez al mes Mensualmente Semanalmente Todos o casi todos los días 
0 1 2 3 4 
Nunca Menos de una vez al mes Mensualmente Semanalmente Todos o casi todos los días 
0 1 2 3 4 
Nunca Menos de una vez al mes Mensualmente Semanalmente Todos o casi todos los días 
0 1 2 3 4 
No Sí, pero no en el último año Sí, en el último año 
0 2 4 "
