year,ever_use,last_use,most_frequent_beverage,HED_30d_count,HED_missing_codes,AUDIT_6plus,AUDIT_never_code,AUDIT_positive_codes,sex,age,weight,design_fields,file,n,variables,age_variable,age_min,age_max,n_over65,md5,beverage_measure,beverage_codes,current_rule,current_window,HED_30d_definition,AUDIT_window,sex_codes,beer_wine_spirits_true_prevalence,individual_persistence,instrument_flags,questionnaire_evidence,weight_source,design_validation,ever_missing_codes,current_recency_codes
2008,q12,q15,q17,not_found,not_applicable,q20,0,1:4,sexo,edad,exp,seccion_candidate_not_validated,__enpg/enpg2008.RDS,17113,367,edad,12,65,0,d468b3650ea3491d311d83adaf8de50b,Single most frequently consumed beverage in last30days; not independent any-use by beverage,1beer;2wine;3spirits;9unknown,Ever no=0; ever yes and recency1=1; ever yes and recency2/3=0; unknown=NA,"Last30days, subject to wave-specific holiday exclusion",Not found; AUDIT6+ is a different instrument,Usual frequency of6+ on one occasion; not an identified30day event; pastyear routing verified2012-2024,1male;2female,Not identified by single most-frequent item,Not identified: repeated cross-sectional surveys,No direct 5+/4+ count found; original questionnaire unavailable; recency raw0 is structural/unknown depending ever-use,Raw labels only; no original questionnaire located,__enpg/enpg2008.RDS,Fields inspected; full design reconstruction not validated in this extension,9;NA,1 last30days;2 more than1month/less than1year;3 more than1year
2010,p013,p016,p018,not_found,not_applicable,p021,0,1:4,psexoent,pedadent,factor_ajustado_com,manzana_candidate_not_validated,__enpg/enpg2010.RDS,15576,521,pedadent,12,64,0,1dff2d05042804a48846c3128e84631a,Single most frequently consumed beverage in last30days; not independent any-use by beverage,1beer;2wine;3spirits;0unknown,Ever no=0; ever yes and recency1=1; ever yes and recency2/3=0; unknown=NA,"Last30days, subject to wave-specific holiday exclusion",Not found; AUDIT6+ is a different instrument,Usual frequency of6+ on one occasion; not an identified30day event; pastyear routing verified2012-2024,1male;2female,Not identified by single most-frequent item,Not identified: repeated cross-sectional surveys,No direct 5+/4+ count found; p021 threshold unverified; observed max age64,Raw labels only; no original questionnaire located,__enpg/enpg2010.RDS,Fields inspected; full design reconstruction not validated in this extension,0;NA,1 last30days;2 more than1month/less than1year;3 more than1year
2012,p10,p13,p15,p16,88;99,p21,0,1:4,sexo,edad,PONDERADOR,manzana;commune_proxy_stratum,__enpg/Base de datos ENPG 2012 (PG).DTA.dta,17154,451,edad,12,65,0,178c9e8ed9264c1aba89c99ccb137eda,Single most frequently consumed beverage in last30days; not independent any-use by beverage,1beer;2wine/sparkling;3spirits/mixed;4other;88/99unknown,Ever no=0; ever yes and recency1=1; ever yes and recency2/3=0; unknown=NA,"Last30days, subject to wave-specific holiday exclusion",At least5 drinks men or4 women on one occasion in last30days; all beverages pooled; valid count>0,Usual frequency of6+ on one occasion; not an identified30day event; pastyear routing verified2012-2024,1male;2female,Not identified by single most-frequent item,Not identified: repeated cross-sectional surveys,Seven direct HED count values500-10000 require flagging before use,__enpg/Cuestionario ENPG 2012.pdf.pdf pp2-3,__enpg/Base de datos ENPG 2012 (PG).DTA.dta,Fields inspected; full design reconstruction not validated in this extension,88;99;NA,1 last30days;2 more than1month/less than1year;3 more than1year
2014,oh1,oh4,oh6,oh7,88;99,oh12,0,1:4,sexo,edad,F2_MAY_AJUS_com,Segmento_n;commune_proxy_stratum,__enpg/Base de datos ENPG 2014 (PG).DTA.dta,20113,454,edad,12,65,0,314c780019a90c44464ac991091d9913,Single most frequently consumed beverage in last30days; not independent any-use by beverage,1beer;2wine/sparkling;3spirits/mixed;4other;88/99unknown,Ever no=0; ever yes and recency1=1; ever yes and recency2/3=0; unknown=NA,"Last30days, subject to wave-specific holiday exclusion",At least5 drinks men or4 women on one occasion in last30days; all beverages pooled; valid count>0,Usual frequency of6+ on one occasion; not an identified30day event; pastyear routing verified2012-2024,1male;2female,Not identified by single most-frequent item,Not identified: repeated cross-sectional surveys,No extra instrument flag identified in reviewed alcohol pages,__enpg/Cuestionario ENPG 2014.pdf.pdf pp4-6,__enpg/Base de datos ENPG 2014 (PG).DTA.dta,Fields inspected; full design reconstruction not validated in this extension,88;99;NA,1 last30days;2 more than1month/less than1year;3 more than1year
2016,oh_1,oh_4,oh_6,oh_7a (men); oh_7b (women),88;99,oh_16,0,1:4,sexo,edad,Fexp_external_by_idencuesta,manzana;commune_proxy_stratum,__enpg/base ENPG 2016 publico general.dta,19147,473,edad,12,65,0,00a6db4c5be75432cd2a49c94eb65a2a,Single most frequently consumed beverage in last30days; not independent any-use by beverage,1beer;2wine/sparkling;3spirits/mixed;4other;88/99unknown,Ever no=0; ever yes and recency1=1; ever yes and recency2/3=0; unknown=NA,"Last30days, subject to wave-specific holiday exclusion",At least5 drinks men or4 women on one occasion in last30days; all beverages pooled; valid count>0,Usual frequency of6+ on one occasion; not an identified30day event; pastyear routing verified2012-2024,1male;2female,Not identified by single most-frequent item,Not identified: repeated cross-sectional surveys,Exclude Fiestas Patrias; expansion factor requires separate file join; split HED by sex,__enpg/Cuestionario_Senda2016.pdf pp5-7,__enpg/factoresdeexpansion.dta (idencuesta -> Fexp),Fields inspected; full design reconstruction not validated in this extension,88;99;NA,1 last30days;2 more than1month/less than1year;3 more than1year
2018,OH_1,OH_4,OH_6,OH_7H (men); OH_7M (women),888;999_labels_plus_88;99_questionnaire_ambiguity,OH_14,1,2:5,S01,S02,Fexp,idmanzana;commune_x_size_stratum_reconstruction_unvalidated,__enpg/Base de datos ENPG 2018 (PG).DTA,19427,499,S02,12,65,0,d69d7cd46f8473d24dd06327d639e88f,Single most frequently consumed beverage in last30days; not independent any-use by beverage,1beer;2wine/sparkling;3spirits/mixed;4other;88/99unknown,Ever no=0; ever yes and recency1=1; ever yes and recency2/3=0; unknown=NA,"Last30days, subject to wave-specific holiday exclusion",At least5 drinks men or4 women on one occasion in last30days; all beverages pooled; valid count>0,Usual frequency of6+ on one occasion; not an identified30day event; pastyear routing verified2012-2024,1male;2female,Not identified by single most-frequent item,Not identified: repeated cross-sectional surveys,Exclude Fiestas Patrias; raw HED missing888/999 versus questionnaire88/99; four ambiguous88/99 responses; AUDIT coding shifted by1,__enpg/ENPEG-2018.pdf PDF pp312-314,__enpg/Base de datos ENPG 2018 (PG).DTA,Fields inspected; full design reconstruction not validated in this extension,88;99;NA,1 last30days;2 more than1month/less than1year;3 more than1year
2020,OH_1,OH_4,OH_6,OH_7,88;99,OH_10,0,1:4,S01,S02,FACT_PERS_COMUNA,seccion_candidate_not_validated,__enpg/enpg2020.RDS,16662,395,S02,12,65,0,03b10d40b3c37e7f4417f3f18142d69c,Single most frequently consumed beverage in last30days; not independent any-use by beverage,1beer;2wine/sparkling;3spirits/mixed;4other;88/99unknown,Ever no=0; ever yes and recency1=1; ever yes and recency2/3=0; unknown=NA,"Last30days, subject to wave-specific holiday exclusion",At least5 drinks men or4 women on one occasion in last30days; all beverages pooled; valid count>0,Usual frequency of6+ on one occasion; not an identified30day event; pastyear routing verified2012-2024,1male;2female,Not identified by single most-frequent item,Not identified: repeated cross-sectional surveys,New Year exclusion January2021; female4-drink examples repeat male volumes; raw item labels absent but appendix verifies mapping; pandemic-era fieldwork,__enpg/ENPG-2020-WEB.pdf PDF pp337-339,__enpg/enpg2020.RDS,Fields inspected; full design reconstruction not validated in this extension,88;99;NA,1 last30days;2 more than1month/less than1year;3 more than1year
2022,OH_1,OH_4,OH_6,OH_7,88;99,OH_10,0,1:4,SEXO,EDAD,FACTOR_EXPANSION,UPM;COD_COMUNA_proxy_stratum,prueba_ext/BD - ENPG 2022 (Stata 16).dta,17454,382,EDAD,12,65,0,3300e94e433b385206a128c4f6a8ef3f,Single most frequently consumed beverage in last30days; not independent any-use by beverage,1beer;2wine/sparkling;3spirits/mixed;4other;88/99unknown,Ever no=0; ever yes and recency1=1; ever yes and recency2/3=0; unknown=NA,"Last30days, subject to wave-specific holiday exclusion",At least5 drinks men or4 women on one occasion in last30days; all beverages pooled; valid count>0,Usual frequency of6+ on one occasion; not an identified30day event; pastyear routing verified2012-2024,1male;2female,Not identified by single most-frequent item,Not identified: repeated cross-sectional surveys,New Year exclusion January2023; female4-drink examples repeat male volumes,__enpg/Cuestionario ENPG_2022.pdf pp4-6,prueba_ext/BD - ENPG 2022 (Stata 16).dta,Fields inspected; full design reconstruction not validated in this extension,88;99;NA,1 last30days;2 more than1month/less than1year;3 more than1year
2024,OH_1,OH_4,OH_6,OH_7,88;99,OH_10,0,1:4,SEXO,EDAD,FACTOR_EXPANSION,UPM;ESTRATO,__enpg/Base Publica ENPG 2024 (Stata 16).dta,18668,402,EDAD,12,65,0,d2f6fd4e57b51c994cb6ede0396f6fb5,Single most frequently consumed beverage in last30days; not independent any-use by beverage,1beer;2wine/sparkling;3spirits/mixed;4other;88/99unknown,Ever no=0; ever yes and recency1=1; ever yes and recency2/3=0; unknown=NA,"Last30days, subject to wave-specific holiday exclusion",At least5 drinks men or4 women on one occasion in last30days; all beverages pooled; valid count>0,Usual frequency of6+ on one occasion; not an identified30day event; pastyear routing verified2012-2024,1male;2female,Not identified by single most-frequent item,Not identified: repeated cross-sectional surveys,Fiestas Patrias and New Year conditional exclusions; female4-drink examples repeat male volumes; full published UPM/ESTRATO design available,__enpg/cuestionario 2024.pdf pp4-6; __enpg/ENPG-2024.pdf p2,__enpg/Base Publica ENPG 2024 (Stata 16).dta,UPM/ESTRATO/FACTOR_EXPANSION verified;2692 PSU;109 strata;no full-sample singleton,88;99;NA,1 last30days;2 more than1month/less than1year;3 more than1year
