"year","file","n","variables","age_variable","age_min","age_max","n_over65","md5"
"2008","__enpg/enpg2008.RDS",17113,367,"edad",12,65,0,"d468b3650ea3491d311d83adaf8de50b"
"2010","__enpg/enpg2010.RDS",15576,521,"pedadent",12,64,0,"1dff2d05042804a48846c3128e84631a"
"2012","__enpg/Base de datos ENPG 2012 (PG).DTA.dta",17154,451,"edad",12,65,0,"178c9e8ed9264c1aba89c99ccb137eda"
"2014","__enpg/Base de datos ENPG 2014 (PG).DTA.dta",20113,454,"edad",12,65,0,"314c780019a90c44464ac991091d9913"
"2016","__enpg/base ENPG 2016 publico general.dta",19147,473,"edad",12,65,0,"00a6db4c5be75432cd2a49c94eb65a2a"
"2018","__enpg/Base de datos ENPG 2018 (PG).DTA",19427,499,"S02",12,65,0,"d69d7cd46f8473d24dd06327d639e88f"
"2020","__enpg/enpg2020.RDS",16662,395,"S02",12,65,0,"03b10d40b3c37e7f4417f3f18142d69c"
"2022","prueba_ext/BD - ENPG 2022 (Stata 16).dta",17454,382,"EDAD",12,65,0,"3300e94e433b385206a128c4f6a8ef3f"
"2024","__enpg/Base Publica ENPG 2024 (Stata 16).dta",18668,402,"EDAD",12,65,0,"d2f6fd4e57b51c994cb6ede0396f6fb5"
