"file","bytes","md5"
"eps/2012/capacitacion_fallecidos.dta",45678,"77afa53c718091ccef5c78c44358a3df"
"eps/2012/capacitacion_vivos.dta",2748873,"d84962b980fe070d8be60eb09aad180c"
"eps/2012/carreras.dta",251281,"bd7779dc307383530ea91899b676f62c"
"eps/2012/entrevistado.dta",69759959,"308f1d3f230805cb50f48371f223b4da"
"eps/2012/entrevistado_fallecido.dta",1187169,"cea090f013d59b98a2adbaf844714123"
"eps/2012/factor_EPS2012.dta",355348,"6f14dee824d0d6dbc038fc0a6f696fb8"
"eps/2012/factor_EPS2012_Original.dta",226964,"76ec5351787d7701ec9a28e7501a9035"
"eps/2012/factor_EPS2012_Panel.dta",73669,"ceb612401fd9ad418cb7b57378215db4"
"eps/2012/h_fallecidos.dta",90969,"3dfc4264d38e4d99c2087880166a2cba"
"eps/2012/hfamiliar.dta",6504859,"3edb02e22d40df71bf70d2337f18ee18"
"eps/2012/hfamiliar_fallecidos.dta",65455,"ea96891044f4a10c49657bab3f174995"
"eps/2012/hindividual.dta",2427624,"05278fdfc813592b275929af0e562b58"
"eps/2012/hindividual_fallecidos.dta",60324,"2964d620efab2bcab08ac7e3e8a25276"
"eps/2012/hlaboral.dta",7532473,"03865fe40be999da2ea9716b9574d7bf"
"eps/2012/hlaboral_fallecidos.dta",90969,"f828f131df59d3a0e21498fabac66651"
"eps/2012/salud.dta",8586376,"f022be0e8ebeb8ce43ce63b27ee64133"
"eps/2012/salud_fallecidos.dta",158788,"06acdb0a1cbbc4de32b1908e47cd5457"
"eps/2012/sub_modulo_composicion_hogar.dta",2518972,"1c5fd3f4c8760e76153cbf57f4f1fad1"
"eps/2012/sub_modulo_composicion_hogar_fallecidos.dta",36520,"741495aaef514f862c1cd0c0328abcf9"
"eps/2012/sub_modulo_laboral_ingresos_fallecidos.dta",890831,"1228c06321f227f0dbe095ea0efdcbf9"
"eps/2012/sub_modulo_laboral_ingresos_hogar.dta",75770531,"a3c7d8bdece821c079af25f946b18546"
"eps/2015/2015/Base Imputaciones EPS2015.dta",633059,"f387a9b08c485f6792842662bfa5d1b8"
"eps/2015/2015/Base_Fallecidos.dta",1098479,"647662d526f7161e0b8225cecdff6088"
"eps/2015/2015/CARRERAS.dta",154101,"dfcac4f5b50304c3ebb359b4d732f7c4"
"eps/2015/2015/FactoresExpansionVIRondaEPS.dta",475118,"b9215659cd36e581b32f4f79357b51dd"
"eps/2015/2015/MODULO_HOGAR.dta",9403234,"0d276822d571a1c0af112a13c4ab8f6d"
"eps/2015/2015/MODULOA_entrevistado.dta",523069,"77098a0e8ec75897f874eccb31620c85"
"eps/2015/2015/MODULOB_entrevistado.dta",929021,"a547adfc6bf6b849264cdfcbece44535"
"eps/2015/2015/MODULOB_historia_laboral.dta",2722963,"b31f43bfdc6fe0b5445cb01d6b534307"
"eps/2015/2015/MODULOC_entrevistado.dta",4843205,"e363b8e6648aa3e61a0b93b7b00d5389"
"eps/2015/2015/MODULOD_entrevistado.dta",6399237,"3b701210124c26fc9aac79e91e1fbf1e"
"eps/2015/2015/MODULOE_entrevistado.dta",7208519,"8f90eed6d8c3803b2da7ec405d7a9bad"
"eps/2015/2015/MODULOF_entrevistado.dta",4999831,"a3c3777283f2d6d4c108aa9ca80813cd"
"eps/2015/2015/MODULOG_entrevistado.dta",531818,"0306935d743f9965323bed5bf326cdb5"
"eps/2015/2015/MODULOH_entrevistado.dta",314110,"db6b3b7a5a03878b18d67307f423ab99"
"eps/2015/2015/MODULOI_entrevistado.dta",1470268,"fbc6425a7c828918d7706768db8bcd2b"
"eps/2015/2015/MODULOJ_entrevistado.dta",306906,"b8eae145f2a371b70eaadd415a20e3bb"
"eps/2015/2015/MODULOQ_entrevistado.dta",307383,"46bc21b62bb0cbd59c83aa7f2a72e1b6"
"eps/Bases de datos EPS VIII Ronda/BBDD_FALL/MODULO_A_HOGAR.dta",49794,"109d3ec5fbc22a0e55d61069546648c3"
"eps/Bases de datos EPS VIII Ronda/BBDD_FALL/MODULO_M_ENTREVISTADO.dta",505177,"6d943c8742027ef737238cb19f80144e"
"eps/Bases de datos EPS VIII Ronda/BBDD_FALL/MODULO_M_HISTORIA_LABORAL.dta",613374,"cbce38ea468dfe8d9674a453d777c733"
"eps/Bases de datos EPS VIII Ronda/BBDD_PSD/MODULO_A_HOGAR.dta",43125,"1530e56651d3b66c6eadfc094e8f1fe4"
"eps/Bases de datos EPS VIII Ronda/BBDD_PSD/MODULO_P_ENTREVISTADO.dta",282190,"8acae499a8c4dd984a7552fb00100e97"
"eps/Bases de datos EPS VIII Ronda/BBDD_PSD/MODULO_P_HISTORIA_LABORAL.dta",262261,"d8714a6f9ae70f1d24d49ffe852b2c39"
"eps/Bases de datos EPS VIII Ronda/BBDD_VIVOS/MODULO_A_CARRERAS.dta",252856,"4e6efb5e1c12be53fd7be6870cf5fac7"
"eps/Bases de datos EPS VIII Ronda/BBDD_VIVOS/MODULO_A_ENTREVISTADO.dta",2783889,"1fa4a96b929d3252ec5294e166bf9c05"
"eps/Bases de datos EPS VIII Ronda/BBDD_VIVOS/MODULO_B_HISTORIA_LABORAL.dta",16718659,"0f027cce894fa5abc7bc85e6133bd0de"
"eps/Bases de datos EPS VIII Ronda/BBDD_VIVOS/MODULO_B_SITUACION_ACTUAL.dta",8250453,"26b2453a4e018057c99f3e683273081e"
"eps/Bases de datos EPS VIII Ronda/BBDD_VIVOS/MODULO_C_ENTREVISTADO.dta",11935131,"69d7e64e4bdb559872ba1670d64b1ffd"
"eps/Bases de datos EPS VIII Ronda/BBDD_VIVOS/MODULO_D_ENTREVISTADO.dta",12057329,"189451decdf61ffaf472a7d89ce67b96"
"eps/Bases de datos EPS VIII Ronda/BBDD_VIVOS/MODULO_E_ENTREVISTADO.dta",43064653,"972d5e499ca21a25f534301f1950b4dd"
"eps/Bases de datos EPS VIII Ronda/BBDD_VIVOS/MODULO_F_ENTREVISTADO.dta",11903045,"689f409088902a09481d6c8938a0803d"
"eps/Bases de datos EPS VIII Ronda/BBDD_VIVOS/MODULO_G_ENTREVISTADO.dta",930347,"e742afe5eda37d63178a2d6435e29c23"
"eps/Bases de datos EPS VIII Ronda/BBDD_VIVOS/MODULO_H_ENTREVISTADO.dta",6028883,"1da11b3f76b973fa9967e6728b637290"
"eps/Bases de datos EPS VIII Ronda/BBDD_VIVOS/MODULO_HOGAR.dta",8525120,"f01a4462720ef5155f3005f37fc79021"
"eps/Bases de datos EPS VIII Ronda/BBDD_VIVOS/MODULO_I_ENTREVISTADO.dta",334441,"b9600c282419dd0eb6c25de19ac48898"
"eps/Bases de datos EPS VIII Ronda/BBDD_VIVOS/MODULO_I_HIJOS.dta",100656,"d7b8513897750c425c68f6e7e71cdf96"
"eps/Bases de datos EPS VIII Ronda/BBDD_VIVOS/MODULO_I_PAREJAS.dta",133619,"c26ef22a55c4bed6b04e134fdce5023b"
"eps/Bases de datos EPS VIII Ronda/BBDD_VIVOS/MODULO_J_ENTREVISTADO.dta",209526,"f94159995e5c9a787f4ac28eed5f2b09"
"eps/Bases de datos EPS VIII Ronda/BBDD_VIVOS/MODULO_L_CDH.dta",137388,"7471efb3108f6370849c86e66cc40d18"
"eps/Bases de datos EPS VIII Ronda/BBDD_VIVOS/MODULO_L_CFH.dta",103411,"de01fea2358bc7a9d84cef9e43aab41f"
"eps/Bases de datos EPS VIII Ronda/BBDD_VIVOS/MODULO_L_ENTREVISTADO.dta",408586,"d8dfb6138487b579f961f9c7d68b034e"
"eps/Bases de datos EPS VIII Ronda/BBDD_VIVOS/MODULO_Q_ENTREVISTADO.dta",243147,"b6cf3c6487e42a8198afebdcb26080d3"
"eps/Bases de datos EPS VIII Ronda/FACT_EXP/Factor_Panel_EPS_2023_2002.dta",53190,"7536aff39a87da3e46e64cb84841ab98"
"eps/Bases de datos EPS VIII Ronda/FACT_EXP/Factor_Panel_EPS_2023_2004.dta",65110,"8c821b21530dfc51f910f77620ef5257"
"eps/Bases de datos EPS VIII Ronda/FACT_EXP/Factor_Panel_EPS_2023_2015.dta",111158,"8f94141313e96a07cca00d3013aaa824"
"eps/Bases de datos EPS VIII Ronda/FACT_EXP/Factor_XS_EPS_2023.dta",320969,"90b1e66a9a54a47fd4e7f3959fefda20"
"eps/Bases y Documentos EPS 2020/2020/Bases_EPS2020_continuidad/01_Vivos_continuidad/MODULO_Entrevistado_VIVOS_in.dta",1546588,"784b7b5be985503917553611c71524c9"
"eps/Bases y Documentos EPS 2020/2020/Bases_EPS2020_continuidad/01_Vivos_continuidad/MODULO_Historia Laboral_VIVOS_in.dta",936373,"9b421f63b651a4f154c23c512229029e"
"eps/Bases y Documentos EPS 2020/2020/Bases_EPS2020_continuidad/01_Vivos_continuidad/MODULO_Hogar_VIVOS_in.dta",237877,"dae853ade20aa2a9fc3d10bd625067ff"
"eps/Bases y Documentos EPS 2020/2020/Bases_EPS2020_continuidad/02_Fallecidos_continuidad/MODULO_Entrevistado_FALL_in.dta",46795,"468456fac2cbc29ba6402008312b9bb0"
"eps/Bases y Documentos EPS 2020/2020/Bases_EPS2020_continuidad/02_Fallecidos_continuidad/MODULO_Historia Laboral_FALL_in.dta",138183,"bee2e16830ea1eef0d60168023d64be1"
"eps/Bases y Documentos EPS 2020/2020/Bases_EPS2020_continuidad/02_Fallecidos_continuidad/MODULO_Hogar_FALL_in.dta",7204,"96b9f7991f5712af5b91b6c8e773e998"
"eps/Bases y Documentos EPS 2020/2020/Bases_EPS2020_continuidad/03_Impedidos_continuidad/MODULO_Entrevistado_IMPED_in.dta",74590,"48fb76bb33feddd041029e6257054d40"
"eps/Bases y Documentos EPS 2020/2020/Bases_EPS2020_continuidad/03_Impedidos_continuidad/MODULO_Historia Laboral_IMPED_in.dta",142200,"70f3bb2b6501a01e975bacd7443b77c3"
"eps/Bases y Documentos EPS 2020/2020/Bases_EPS2020_continuidad/03_Impedidos_continuidad/MODULO_Hogar_IMPED_in.dta",9532,"24e3e456be1497084d610cf9c8348c4d"
"eps/Bases y Documentos EPS 2020/2020/Bases_EPS2020_presencial/01_Vivos presencial/MODULO_A_Carreras_in.dta",55275,"2e1a5554875c58c8d2298d954e0a3a61"
"eps/Bases y Documentos EPS 2020/2020/Bases_EPS2020_presencial/01_Vivos presencial/MODULO_A_Entrevistado_in.dta",361593,"be5554173332474763db56c7c56ae46f"
"eps/Bases y Documentos EPS 2020/2020/Bases_EPS2020_presencial/01_Vivos presencial/MODULO_B_Historia_Laboral_antes_2016_in.dta",1106231,"389a913d6c0467ed882c18408fa18592"
"eps/Bases y Documentos EPS 2020/2020/Bases_EPS2020_presencial/01_Vivos presencial/MODULO_B_Historia_Laboral_in.dta",2182336,"708ed40df8cfbe2c169f646ee58b31e7"
"eps/Bases y Documentos EPS 2020/2020/Bases_EPS2020_presencial/01_Vivos presencial/MODULO_B_Situacion_Actual_in.dta",1074650,"1127cc4e1bce3b428f6b9c3c769e6eb5"
"eps/Bases y Documentos EPS 2020/2020/Bases_EPS2020_presencial/01_Vivos presencial/MODULO_C_Entrevistado_in.dta",3164987,"23c8d16a15a2dd83db5d313608cbb4e0"
"eps/Bases y Documentos EPS 2020/2020/Bases_EPS2020_presencial/01_Vivos presencial/MODULO_D_Entrevistado_in.dta",3826771,"7f9b43434c232e454fd099f5b763bf7f"
"eps/Bases y Documentos EPS 2020/2020/Bases_EPS2020_presencial/01_Vivos presencial/MODULO_E_Entrevistado_in.dta",2957394,"8e3a4174eeae33212279068caedfa1ef"
"eps/Bases y Documentos EPS 2020/2020/Bases_EPS2020_presencial/01_Vivos presencial/MODULO_F_Entrevistado_in.dta",3082800,"243bfd47b74f13925713b62a7e82656c"
"eps/Bases y Documentos EPS 2020/2020/Bases_EPS2020_presencial/01_Vivos presencial/MODULO_G_Entrevistado_in.dta",1814310,"4a87f4362a77876a3d3b0b4d6fc7cd08"
"eps/Bases y Documentos EPS 2020/2020/Bases_EPS2020_presencial/01_Vivos presencial/MODULO_Hogar_in.dta",1359396,"13eb83bc4b6d98826caaac175679dc04"
"eps/Bases y Documentos EPS 2020/2020/Bases_EPS2020_presencial/01_Vivos presencial/MODULO_I_Entrevistado_in.dta",214522,"360ce782d08d413a1db303e95fe38664"
"eps/Bases y Documentos EPS 2020/2020/Bases_EPS2020_presencial/01_Vivos presencial/MODULO_I_Hijos_in.dta",19768,"f12a1b8712b11feddcf9228b18dbc2a3"
"eps/Bases y Documentos EPS 2020/2020/Bases_EPS2020_presencial/01_Vivos presencial/MODULO_I_Parejas_in.dta",19485,"e034547952a40dd9b679e9489cb59e09"
"eps/Bases y Documentos EPS 2020/2020/Bases_EPS2020_presencial/01_Vivos presencial/MODULO_J_Entrevistado_in.dta",329141,"3f91d1d1149d7bbc53e53feeadf248d0"
"eps/Bases y Documentos EPS 2020/2020/Bases_EPS2020_presencial/01_Vivos presencial/MODULO_Q_Entrevistado_in.dta",279718,"7724956b0cf56b5979195cca088be534"
"eps/Bases y Documentos EPS 2020/2020/Bases_EPS2020_presencial/02_Fallecidos presencial/MODULO_M_Historia_Laboral_in.dta",155777,"292e0fae5fb4df185259d07da2372da0"
"eps/Bases y Documentos EPS 2020/2020/Bases_EPS2020_presencial/02_Fallecidos presencial/MODULO_M_in.dta",185581,"b06727b9ed953c722a69d5a80767ba0d"
"eps/Bases y Documentos EPS 2020/2020/Bases_EPS2020_presencial/03_Impedidos presencial/MODULO_P_Historia_Laboral_in.dta",132176,"23145bf63687ad73b2ee80f867e3d1a1"
"eps/Bases y Documentos EPS 2020/2020/Bases_EPS2020_presencial/03_Impedidos presencial/MODULO_P_in.dta",171555,"7eae475592a30c4ad66d8e0043c267a4"
"eps/Bases y Documentos EPS 2020/2020/Bases_EPS2020_reentrevista/01_Vivos reentrevista/MODULO_Entrevistado_VIVOS_in.dta",364886,"3db21be9c7bbe34000df27d3181c492d"
"eps/Bases y Documentos EPS 2020/2020/Bases_EPS2020_reentrevista/01_Vivos reentrevista/MODULO_Historia Laboral_VIVOS_in.dta",308842,"0003e737192ce6da625813bb8d536327"
"eps/Bases y Documentos EPS 2020/2020/Bases_EPS2020_reentrevista/01_Vivos reentrevista/MODULO_Hogar_VIVOS_in.dta",86198,"95c94c123ff136293b0022a0a37e2c1d"
"eps/Bases y Documentos EPS 2020/2020/Bases_EPS2020_reentrevista/02_Fallecidos reentrevista/MODULO_Entrevistado_FALL_in.dta",37057,"a4f6accf31e6b5225ad5ab7d474601d8"
"eps/Bases y Documentos EPS 2020/2020/Bases_EPS2020_reentrevista/02_Fallecidos reentrevista/MODULO_Historia Laboral_FALL_in.dta",127420,"a0f931203df8c033676dbd94ce20182f"
"eps/Bases y Documentos EPS 2020/2020/Bases_EPS2020_reentrevista/02_Fallecidos reentrevista/MODULO_Hogar_FALL_in.dta",5197,"d3f89cfda2c0d261f479cd325fbf3bd3"
"eps/Bases y Documentos EPS 2020/2020/Bases_EPS2020_reentrevista/03_Impedidos reentrevista/MODULO_Entrevistado_IMPED_in.dta",60343,"08773477a62e61399ffe0ad06686b956"
"eps/Bases y Documentos EPS 2020/2020/Bases_EPS2020_reentrevista/03_Impedidos reentrevista/MODULO_Historia Laboral_IMPED_in.dta",134732,"b72068e3fe8b79c742683eb963045f33"
"eps/Bases y Documentos EPS 2020/2020/Bases_EPS2020_reentrevista/03_Impedidos reentrevista/MODULO_Hogar_IMPED_in.dta",9421,"2e5823755a9aa299ca7ec6188cc9666d"
"eps/Bases y Documentos EPS 2020/Factores de Expansion EPS 2020/Factor_Panel_EPS_CONT_2002_in.dta",34182,"b1dfc2bfd6a4012963084bd8c714a46c"
"eps/Bases y Documentos EPS 2020/Factores de Expansion EPS 2020/Factor_Panel_EPS_CONT_2004_in.dta",40534,"8a23b6896d4e8d5ec24ea2f4ea497c4c"
"eps/Bases y Documentos EPS 2020/Factores de Expansion EPS 2020/Factor_Panel_EPS_CONT_2015_in.dta",74182,"a61fd7f276f48f4493b600d5428912a3"
"eps/Bases y Documentos EPS 2020/Factores de Expansion EPS 2020/Factor_Panel_EPS_PRES_2002_in.dta",52934,"dcf3c649314fc13b31fef46a91bff548"
"eps/Bases y Documentos EPS 2020/Factores de Expansion EPS 2020/Factor_Panel_EPS_PRES_2004_in.dta",64310,"32bc5fcca0945610ca808d4b915ad56c"
"eps/Bases y Documentos EPS 2020/Factores de Expansion EPS 2020/Factor_Panel_EPS_PRES_2015_in.dta",113558,"1d2a2879ae5e92d61a12f10a81e9fee3"
"eps/Bases y Documentos EPS 2020/Factores de Expansion EPS 2020/Factor_Panel_EPS_RE_in.dta",46326,"9b9446934929f72feee7db0c2a4c0244"
"eps/Bases y Documentos EPS 2020/Factores de Expansion EPS 2020/Factor_XS_EPS_CONT_in.dta",93510,"ff700072ba156b7cf1ac5917c03427ca"
"eps/Bases y Documentos EPS 2020/Factores de Expansion EPS 2020/Factor_XS_EPS_PRES_in.dta",137814,"6ff0499c097b69f649017853439b3f72"
"eps/Bases y Documentos EPS 2020/Factores de Expansion EPS 2020/Factor_XS_EPS_RE_in.dta",46326,"4cc2581b05aaa65361513490c1c679d2"
